path,split,class_name,label,source_date,source_group,object_group,sha256,train_rank_date_balanced,train_rank_object_uniform
anomalies/objects_parts/2025-08-06_11-33-04_L0412_1_tile_1728_2304.png,calibration,anomalies,1,2025-08-06_11-33-04,anomaly:2025-08-06_11-33-04_L0412_1,anomaly:2025-08-06_11-33-04_L0412_1,034050eb73adac3c40a8503442f24749cd0bfeba5663d00e8f8639d8bf3f7d9d,,
anomalies/objects_parts/2025-08-06_11-33-04_L0412_1_tile_1920_2304.png,calibration,anomalies,1,2025-08-06_11-33-04,anomaly:2025-08-06_11-33-04_L0412_1,anomaly:2025-08-06_11-33-04_L0412_1,0f3f59f997df02ffa6abd05d439ae0166ec9aebd09d7275a31f69fa8dfad4c00,,
anomalies/objects_parts/2025-08-08_14-09-52_L0128_1_tile_1728_1728.png,calibration,anomalies,1,2025-08-08_14-09-52,anomaly:2025-08-08_14-09-52_L0128_1,anomaly:2025-08-08_14-09-52_L0128_1,2dfb153eea8f53de2d4a4569f36529a5791d7fa37bf402dc3dbcf7d245bf7375,,
anomalies/objects_parts/2025-08-08_14-09-52_L0128_1_tile_1728_2304.png,calibration,anomalies,1,2025-08-08_14-09-52,anomaly:2025-08-08_14-09-52_L0128_1,anomaly:2025-08-08_14-09-52_L0128_1,4ccb4a0bc55ea02bdf2e5673fcde9c208294625362cc58265160bfaabf3176ed,,
anomalies/objects_parts/2025-08-08_14-09-52_L0128_1_tile_1728_960.png,calibration,anomalies,1,2025-08-08_14-09-52,anomaly:2025-08-08_14-09-52_L0128_1,anomaly:2025-08-08_14-09-52_L0128_1,19bb2a9d4185ccd23e2bbe85db3b652d522ddf48e330ee24a59871d4214870c7,,
anomalies/objects_parts/2025-08-08_14-09-52_L0128_1_tile_1920_1536.png,calibration,anomalies,1,2025-08-08_14-09-52,anomaly:2025-08-08_14-09-52_L0128_1,anomaly:2025-08-08_14-09-52_L0128_1,041e85aa5d9348deead4f3f4333a03e3049bdab66c94e728293960b9d4b953ba,,
anomalies/objects_parts/2025-08-08_14-09-52_L0128_1_tile_1920_1728.png,calibration,anomalies,1,2025-08-08_14-09-52,anomaly:2025-08-08_14-09-52_L0128_1,anomaly:2025-08-08_14-09-52_L0128_1,48debaaadd998f60796d284d8d4feba03d83ad456714bbfa68503aa3deadc7f6,,
anomalies/objects_parts/2025-08-08_14-09-52_L0128_1_tile_1920_960.png,calibration,anomalies,1,2025-08-08_14-09-52,anomaly:2025-08-08_14-09-52_L0128_1,anomaly:2025-08-08_14-09-52_L0128_1,85276bf3127b642de008deb63e0947a265ae088ad5fb73a6f8af806e1a86dbbb,,
anomalies/objects_parts/2025-08-08_14-09-52_L0128_1_tile_2496_1728.png,calibration,anomalies,1,2025-08-08_14-09-52,anomaly:2025-08-08_14-09-52_L0128_1,anomaly:2025-08-08_14-09-52_L0128_1,46a95adb9856b564d360f3d863ff2e3c7ace8d873c64b415df5aaf08082d02d7,,
anomalies/objects_parts/2025-08-08_14-09-52_L0128_1_tile_2496_2304.png,calibration,anomalies,1,2025-08-08_14-09-52,anomaly:2025-08-08_14-09-52_L0128_1,anomaly:2025-08-08_14-09-52_L0128_1,4b8151857cb1570d7d5e3f345815f3da496599c70bc5758f573928591c4a8c4c,,
anomalies/objects_parts/2025-08-08_14-09-52_L0128_1_tile_2496_960.png,calibration,anomalies,1,2025-08-08_14-09-52,anomaly:2025-08-08_14-09-52_L0128_1,anomaly:2025-08-08_14-09-52_L0128_1,e1083e55f948922d2c4a516b561d5e2c23ca87654fdccf62ae38c0e97137ba3e,,
anomalies/objects_parts/2025-08-08_14-09-52_L0128_1_tile_2688_2304.png,calibration,anomalies,1,2025-08-08_14-09-52,anomaly:2025-08-08_14-09-52_L0128_1,anomaly:2025-08-08_14-09-52_L0128_1,dc0a6088395912f23a86c308835c5fab53fbc894afed82d8c925011fa280953e,,
anomalies/objects_parts/2025-08-08_14-09-52_L0128_1_tile_3264_1728.png,calibration,anomalies,1,2025-08-08_14-09-52,anomaly:2025-08-08_14-09-52_L0128_1,anomaly:2025-08-08_14-09-52_L0128_1,e4213aa65aa03a784157736c6e9184bb25712cbdf4d1b2c97ac229cb6df1bc00,,
anomalies/objects_parts/2025-09-10_15-20-02_L0122_1_tile_2880_2112.png,calibration,anomalies,1,2025-09-10_15-20-02,anomaly:2025-09-10_15-20-02_L0122_1,anomaly:2025-09-10_15-20-02_L0122_1,e74ded2ece9a83843bc7993d80343c66ea96b7462e5d3b11f80ec5c6c716b82b,,
anomalies/objects_parts/2025-09-10_15-20-02_L0122_1_tile_3072_1920.png,calibration,anomalies,1,2025-09-10_15-20-02,anomaly:2025-09-10_15-20-02_L0122_1,anomaly:2025-09-10_15-20-02_L0122_1,255e9d1b66d3463f01745dc2c5f5137004fbc1d3a57b7c52f6a049606a3f5cd7,,
anomalies/objects_parts/2025-09-24_14-46-03_L0097_1_tile_1728_960.png,calibration,anomalies,1,2025-09-24_14-46-03,anomaly:2025-09-24_14-46-03_L0097_1,anomaly:2025-09-24_14-46-03_L0097_1,14fcc0ed51d72c9acba36490f4e6711ab5f39d26c20209577ac392030231b6c6,,
anomalies/objects_parts/2025-09-24_14-46-03_L0097_1_tile_2496_960.png,calibration,anomalies,1,2025-09-24_14-46-03,anomaly:2025-09-24_14-46-03_L0097_1,anomaly:2025-09-24_14-46-03_L0097_1,c4948782f99f48a14c6b12647042eb9bda07946bb6abce17a428f36ada08e8db,,
anomalies/objects_parts/2025-09-24_15-04-12_L0102_1_tile_1920_1536.png,calibration,anomalies,1,2025-09-24_15-04-12,anomaly:2025-09-24_15-04-12_L0102_1,anomaly:2025-09-24_15-04-12_L0102_1,8dfacbd1983806f4adf2673649d0a58ba505edb7f00ae42f976e01ae8e22c309,,
anomalies/objects_parts/2025-09-24_15-04-12_L0102_1_tile_1920_960.png,calibration,anomalies,1,2025-09-24_15-04-12,anomaly:2025-09-24_15-04-12_L0102_1,anomaly:2025-09-24_15-04-12_L0102_1,733b7244c5bc3a271a91b6b3423d6414c3f12f7eaa2a40b2c6270c860a213886,,
anomalies/objects_parts/2025-09-24_15-04-12_L0102_1_tile_2496_960.png,calibration,anomalies,1,2025-09-24_15-04-12,anomaly:2025-09-24_15-04-12_L0102_1,anomaly:2025-09-24_15-04-12_L0102_1,9f952489f544e09b72b5a8ba612b970bccce549eb60a5c3d552f171bce963613,,
anomalies/objects_parts/2025-09-24_15-04-12_L0102_1_tile_2688_960.png,calibration,anomalies,1,2025-09-24_15-04-12,anomaly:2025-09-24_15-04-12_L0102_1,anomaly:2025-09-24_15-04-12_L0102_1,862f59ae3659d8df08520ddae4b0236bcf48c4c71220b1962bf230407c1da8c4,,
training/2025-02-07_test/objects_parts/178_obj16_centered.png,calibration,good,0,2025-02-07_test,normal:2025-02-07_test:178,normal:2025-02-07_test:178_obj16,920e6a352ff54d1493bba836e3abf114c39e5a7c155aabf59a00ce3160f0170f,,
training/2025-02-07_test/objects_parts/178_obj19_centered.png,calibration,good,0,2025-02-07_test,normal:2025-02-07_test:178,normal:2025-02-07_test:178_obj19,4504bfb6e2a8385587700820dec9d16cf1ad063985c200fcc46c51c7f9978e54,,
training/2025-02-07_test/objects_parts/178_obj32_centered.png,calibration,good,0,2025-02-07_test,normal:2025-02-07_test:178,normal:2025-02-07_test:178_obj32,7496ad5438ed653b4331d08ea4f77e989ef28d90ba75dd649bee982e63a6a2f4,,
training/2025-02-07_test/objects_parts/178_obj38_centered.png,calibration,good,0,2025-02-07_test,normal:2025-02-07_test:178,normal:2025-02-07_test:178_obj38,3ca5f326de90d1c48b9f91b0948e1b90b1fc1897bae238ebd2499eac9f7a6e25,,
training/2025-02-07_test/objects_parts/178_obj40_centered.png,calibration,good,0,2025-02-07_test,normal:2025-02-07_test:178,normal:2025-02-07_test:178_obj40,0da90921c9b6be778f2284d4919c2fd3cca74362886dd320f345e1602b546b28,,
training/2025-02-07_test/objects_parts/178_obj59_centered.png,calibration,good,0,2025-02-07_test,normal:2025-02-07_test:178,normal:2025-02-07_test:178_obj59,186cb762638895ce9bf3728cdc91f4b1e845ef1376f656d8384507aba50282e6,,
training/2025-02-07_test/objects_parts/178_obj7_centered.png,calibration,good,0,2025-02-07_test,normal:2025-02-07_test:178,normal:2025-02-07_test:178_obj7,0e288e9413dab2d1df3d26e32ae2ce2cbc9f253cb906bd2a7fdb7c4ff616f845,,
training/2025-02-07_test/objects_parts/178_obj8_centered.png,calibration,good,0,2025-02-07_test,normal:2025-02-07_test:178,normal:2025-02-07_test:178_obj8,6bf11e31dbce63d8a63d65b6bb26fcd89d578491e46215df5ae6567c5c2995d9,,
training/2025-06-25_test/objects_parts/142_obj11_tile_3239_1714.png,calibration,good,0,2025-06-25_test,normal:2025-06-25_test:142,normal:2025-06-25_test:142_obj11,628bd26b965eb41608c232a7fc3d35858347c2fd648e4738a492167891b8a39f,,
training/2025-06-25_test/objects_parts/142_obj13_tile_1962_881.png,calibration,good,0,2025-06-25_test,normal:2025-06-25_test:142,normal:2025-06-25_test:142_obj13,85838de2528bdd772962dfc7a658ea6c003f9c1671cd34d3f14415aa5ddd15ba,,
training/2025-06-25_test/objects_parts/142_obj15_tile_2794_1073.png,calibration,good,0,2025-06-25_test,normal:2025-06-25_test:142,normal:2025-06-25_test:142_obj15,8a61beb66c25c87230c952cc9cb127e32e585cb3d29eccaf116cf83a15b3d3c7,,
training/2025-06-25_test/objects_parts/142_obj17_tile_3238_1074.png,calibration,good,0,2025-06-25_test,normal:2025-06-25_test:142,normal:2025-06-25_test:142_obj17,242fc3ebda51120845f7a6427fc6f8fc5d2bdd57464dc04affd8f98e66a3d7df,,
training/2025-06-25_test/objects_parts/142_obj1_tile_2160_2355.png,calibration,good,0,2025-06-25_test,normal:2025-06-25_test:142,normal:2025-06-25_test:142_obj1,2a8a28f9ec7b3366d8f7731c6a5840fbfa54e7ab94d17535d75b61e1b58905d5,,
training/2025-06-25_test/objects_parts/142_obj5_tile_3430_2163.png,calibration,good,0,2025-06-25_test,normal:2025-06-25_test:142,normal:2025-06-25_test:142_obj5,34ea4825520972129f8faba1c8ca309507e777bbd64a151c0edc496ae8752dfc,,
training/2025-06-25_test/objects_parts/142_obj7_tile_1770_1714.png,calibration,good,0,2025-06-25_test,normal:2025-06-25_test:142,normal:2025-06-25_test:142_obj7,05ce861c6ca1f3bbba18cce921b74f2a50fb748fdee0f181d9248b674df3c9d4,,
training/2025-06-25_test/objects_parts/142_obj9_tile_2602_1522.png,calibration,good,0,2025-06-25_test,normal:2025-06-25_test:142,normal:2025-06-25_test:142_obj9,128d5626c7549c106652542b70362b74c2577d29f8e2a9eb1b212af0ff4bb17c,,
training/2025-06-25_test/objects_parts/231_obj10_tile_2789_1522.png,calibration,good,0,2025-06-25_test,normal:2025-06-25_test:231,normal:2025-06-25_test:231_obj10,43aea83cefb58b7810f46246304c806b59b3aa23312117c5789010ad3b94240b,,
training/2025-06-25_test/objects_parts/231_obj12_tile_3428_1521.png,calibration,good,0,2025-06-25_test,normal:2025-06-25_test:231,normal:2025-06-25_test:231_obj12,17c1c4c6463b648d444d9059ad03d4d7b6926c2c4fdc761731a459512d7990c7,,
training/2025-06-25_test/objects_parts/231_obj14_tile_2149_880.png,calibration,good,0,2025-06-25_test,normal:2025-06-25_test:231,normal:2025-06-25_test:231_obj14,79e0b12d524220e1f5423b7de9c8c199c06c0636ebe93cac11199790ff0fb4be,,
training/2025-06-25_test/objects_parts/231_obj16_tile_2788_880.png,calibration,good,0,2025-06-25_test,normal:2025-06-25_test:231,normal:2025-06-25_test:231_obj16,0ee1c56b9b38a4021d5aa32e7f5693edea86833987d48a709c607b8efb52d5f2,,
training/2025-06-25_test/objects_parts/231_obj2_tile_2154_2357.png,calibration,good,0,2025-06-25_test,normal:2025-06-25_test:231,normal:2025-06-25_test:231_obj2,ee5f79ef024555463b31c4b805d6b7b77e687099a49692f44cc63a93d02d1632,,
training/2025-06-25_test/objects_parts/231_obj4_tile_2788_2356.png,calibration,good,0,2025-06-25_test,normal:2025-06-25_test:231,normal:2025-06-25_test:231_obj4,c8c597cca80654e80f46c238a6bdab4bd37623c7be373b716f8b01f1afe8eed7,,
training/2025-06-25_test/objects_parts/231_obj6_tile_3043_2164.png,calibration,good,0,2025-06-25_test,normal:2025-06-25_test:231,normal:2025-06-25_test:231_obj6,7b013326b26ca47f97985eedc1169cbccc440f00e3553daa1c4e8b669eb52ed8,,
training/2025-06-25_test/objects_parts/231_obj8_tile_2149_1906.png,calibration,good,0,2025-06-25_test,normal:2025-06-25_test:231,normal:2025-06-25_test:231_obj8,baea58dd8f95a39c219b75b8a1e476733931bf438b3d1bda87ccbd714a69e035,,
training/2025-06-25_test/objects_parts/33_obj11_tile_3066_1705.png,calibration,good,0,2025-06-25_test,normal:2025-06-25_test:33,normal:2025-06-25_test:33_obj11,613ac33b4ce7e1166179575afe8e484b777568a95794772581794579747fa8e2,,
training/2025-06-25_test/objects_parts/33_obj13_tile_1786_873.png,calibration,good,0,2025-06-25_test,normal:2025-06-25_test:33,normal:2025-06-25_test:33_obj13,eec6f7790df25182ebdfa86993a4c7b9ebe68041c3610bcd017e069e7a486813,,
training/2025-06-25_test/objects_parts/33_obj15_tile_2426_872.png,calibration,good,0,2025-06-25_test,normal:2025-06-25_test:33,normal:2025-06-25_test:33_obj15,f843fa43b8e372b01d1de823df960f1276d07ace1a394752cc355db0a8d6d887,,
training/2025-06-25_test/objects_parts/33_obj17_tile_3450_1063.png,calibration,good,0,2025-06-25_test,normal:2025-06-25_test:33,normal:2025-06-25_test:33_obj17,088cf93a364a98881ea197d1382966cbd9a112424b986aa5ee8dbbe1e221bd21,,
training/2025-06-25_test/objects_parts/33_obj1_tile_2177_2539.png,calibration,good,0,2025-06-25_test,normal:2025-06-25_test:33,normal:2025-06-25_test:33_obj1,40e84c33ae706c6c6582c5fdb19bded971d8d45e376aeaa98decee658b19ebc6,,
training/2025-06-25_test/objects_parts/33_obj3_tile_2810_2539.png,calibration,good,0,2025-06-25_test,normal:2025-06-25_test:33,normal:2025-06-25_test:33_obj3,088ff3b5a31414dbde5a16c230d2a3e3b27b635d8db31265346deb05e8e982d4,,
training/2025-06-25_test/objects_parts/33_obj7_tile_2170_1514.png,calibration,good,0,2025-06-25_test,normal:2025-06-25_test:33,normal:2025-06-25_test:33_obj7,332f63c3c22f91d295a53aa15c5194633d69772e9ec2127f0cb2768e39721236,,
training/2025-06-25_test/objects_parts/33_obj9_tile_2426_1706.png,calibration,good,0,2025-06-25_test,normal:2025-06-25_test:33,normal:2025-06-25_test:33_obj9,6905b04e183f971a4551728eeb7cc1ce480d118e57ae59f04fb0cb0d90b384f1,,
training/2025-06-25_test/objects_parts/86_obj11_tile_3065_1896.png,calibration,good,0,2025-06-25_test,normal:2025-06-25_test:86,normal:2025-06-25_test:86_obj11,676e22d9646c79607111320b686dcd24ddce7657063939d7043a8423442f972b,,
training/2025-06-25_test/objects_parts/86_obj13_tile_1978_1256.png,calibration,good,0,2025-06-25_test,normal:2025-06-25_test:86,normal:2025-06-25_test:86_obj13,9c1191578116177ad5cd466e928fc048f3324c038a526027ac4a2978edf9232a,,
training/2025-06-25_test/objects_parts/86_obj15_tile_2810_1064.png,calibration,good,0,2025-06-25_test,normal:2025-06-25_test:86,normal:2025-06-25_test:86_obj15,4e7a8fd4e761cd320c08580d02a141ca0b9cd3bad504d39267682d79caa7092d,,
training/2025-06-25_test/objects_parts/86_obj17_tile_3066_1063.png,calibration,good,0,2025-06-25_test,normal:2025-06-25_test:86,normal:2025-06-25_test:86_obj17,c59d416f82d1e18bd5dbd05afcab7529ba1fd7ff0ca36c8ddd2f75bb3b0827f7,,
training/2025-06-25_test/objects_parts/86_obj1_tile_2177_2539.png,calibration,good,0,2025-06-25_test,normal:2025-06-25_test:86,normal:2025-06-25_test:86_obj1,44e20360c27216d3a75183277a73a3bba9ac4cb997a670d9f3e3704cc76e0ffc,,
training/2025-06-25_test/objects_parts/86_obj5_tile_3065_2539.png,calibration,good,0,2025-06-25_test,normal:2025-06-25_test:86,normal:2025-06-25_test:86_obj5,c8058d1a23e9257dc6cd6c63c571f88a9995280f377ffc9a9e58ff3b02b03087,,
training/2025-06-25_test/objects_parts/86_obj7_tile_2170_1898.png,calibration,good,0,2025-06-25_test,normal:2025-06-25_test:86,normal:2025-06-25_test:86_obj7,4317ca80836f1c8cd83857eb7e807f5c88015d61de18b38081954e6d776cf532,,
training/2025-06-25_test/objects_parts/86_obj9_tile_2810_1513.png,calibration,good,0,2025-06-25_test,normal:2025-06-25_test:86,normal:2025-06-25_test:86_obj9,d1f65b7099aa14d7b06ec10960d08969ae1f588452f91498f9d708def66a3f69,,
training/2024-12-16/objects_parts/77_obj2_tile_1863_1241.png,normal_val_loss,good,0,2024-12-16,normal:2024-12-16:77,normal:2024-12-16:77_obj2,e649f78dc4f50de93c2f81559879c664b5c508b95b03a4603694037e38b3fc32,,
training/2024-12-16/objects_parts/77_obj2_tile_2055_1049.png,normal_val_loss,good,0,2024-12-16,normal:2024-12-16:77,normal:2024-12-16:77_obj2,0a81aca4a5bd8f44442ac73903d8bd8628f1adfb05124b8d59f354de158454d9,,
training/2024-12-16/objects_parts/77_obj3_tile_2715_2441.png,normal_val_loss,good,0,2024-12-16,normal:2024-12-16:77,normal:2024-12-16:77_obj3,627b3ed1583f86e10b6f800d24c9d8c10379cc123f57bf05938cf9e132ef9b11,,
training/2024-12-16/objects_parts/77_obj3_tile_2907_2441.png,normal_val_loss,good,0,2024-12-16,normal:2024-12-16:77,normal:2024-12-16:77_obj3,ba456a90f451e5d79fc0c3bfdf8484d41ad009a171894c06225ff6ee5172b3ac,,
training/2024-12-16/objects_parts/77_obj6_tile_3035_1130.png,normal_val_loss,good,0,2024-12-16,normal:2024-12-16:77,normal:2024-12-16:77_obj6,7d9be21c6911a165d8d24d4602d67d6554bd44a425c73b63e8c911785365890d,,
training/2024-12-16/objects_parts/77_obj6_tile_3035_938.png,normal_val_loss,good,0,2024-12-16,normal:2024-12-16:77,normal:2024-12-16:77_obj6,428516b56db79e5ad028952231d87e3adf4da49734eeabfe778a278b99980074,,
training/2025-01-15/objects_parts/208_obj10_centered.png,normal_val_loss,good,0,2025-01-15,normal:2025-01-15:208,normal:2025-01-15:208_obj10,0ab4798dab3c703c8566299a7b53537e3a7d82491058677394458ecb199b1263,,
training/2025-01-15/objects_parts/208_obj11_centered.png,normal_val_loss,good,0,2025-01-15,normal:2025-01-15:208,normal:2025-01-15:208_obj11,27f56280dba130706e62655574dc6709bb7923a777ef143375709d143c1c7062,,
training/2025-01-15/objects_parts/208_obj12_centered.png,normal_val_loss,good,0,2025-01-15,normal:2025-01-15:208,normal:2025-01-15:208_obj12,ea2ba14a79e4c0c9eeed05753b0f82d7873b05a2f36d9d7fd7748dbbb95f268c,,
training/2025-01-15/objects_parts/208_obj13_centered.png,normal_val_loss,good,0,2025-01-15,normal:2025-01-15:208,normal:2025-01-15:208_obj13,3017ad76a28f498b5895b407a786441cfac9208b755654e78c60bd746526a6e0,,
training/2025-01-15/objects_parts/208_obj14_centered.png,normal_val_loss,good,0,2025-01-15,normal:2025-01-15:208,normal:2025-01-15:208_obj14,5a309f840bd88fb57628ef5c07ca0706340e6582bf879d0906075bfd1db3b2b7,,
training/2025-01-15/objects_parts/208_obj15_centered.png,normal_val_loss,good,0,2025-01-15,normal:2025-01-15:208,normal:2025-01-15:208_obj15,0d42a62d3e9f8b3f73c88c99fc9b8f75ddb097c22a4fcedf7ceb0db8674ce0e5,,
training/2025-01-15/objects_parts/208_obj16_centered.png,normal_val_loss,good,0,2025-01-15,normal:2025-01-15:208,normal:2025-01-15:208_obj16,3d0f1553c4a087c60ea9efaa0dae047612a53c64219d2ba1b0ab198e352ddd35,,
training/2025-01-15/objects_parts/208_obj18_centered.png,normal_val_loss,good,0,2025-01-15,normal:2025-01-15:208,normal:2025-01-15:208_obj18,50a2b744a8854d42b57c0af1586cf40b25b57ae941f39abcedc2012060f4a7a7,,
training/2025-01-15/objects_parts/208_obj19_centered.png,normal_val_loss,good,0,2025-01-15,normal:2025-01-15:208,normal:2025-01-15:208_obj19,95f4876d9118ca6b173bdb0eb3f888672868b9fdd7864639306cbfb161919390,,
training/2025-01-15/objects_parts/208_obj20_centered.png,normal_val_loss,good,0,2025-01-15,normal:2025-01-15:208,normal:2025-01-15:208_obj20,f18fd29920d405d85767907b40d3a233b9fbb83d56ecd9ee39519d809de52f42,,
training/2025-01-15/objects_parts/208_obj21_centered.png,normal_val_loss,good,0,2025-01-15,normal:2025-01-15:208,normal:2025-01-15:208_obj21,d71eaa00f7122e3fc5ccbc200a4d25fd3d6dcc4d8c2764ca2a70edeac29d341b,,
training/2025-01-15/objects_parts/208_obj26_centered.png,normal_val_loss,good,0,2025-01-15,normal:2025-01-15:208,normal:2025-01-15:208_obj26,044488e7f01fd2aa16ccf6dcfbe3d62d36e96f2e94a6ad380e9bb85f4f93db8f,,
training/2025-01-15/objects_parts/208_obj2_centered.png,normal_val_loss,good,0,2025-01-15,normal:2025-01-15:208,normal:2025-01-15:208_obj2,80c24cb20b8ccf712a6b33e8fae8d3d418bcd7585b6ece4e165ef36e1cebecdc,,
training/2025-01-15/objects_parts/208_obj30_centered.png,normal_val_loss,good,0,2025-01-15,normal:2025-01-15:208,normal:2025-01-15:208_obj30,a81c06957834bfdc1715d17437dfd2b09268723d3e41ed5a9c9f3a3da9ce45f4,,
training/2025-01-15/objects_parts/208_obj31_centered.png,normal_val_loss,good,0,2025-01-15,normal:2025-01-15:208,normal:2025-01-15:208_obj31,6dd68286ceb6de7549248a1ad82f5ae2d2a05171cb58c59a7f8d2c78a9c1dcb1,,
training/2025-01-15/objects_parts/208_obj3_centered.png,normal_val_loss,good,0,2025-01-15,normal:2025-01-15:208,normal:2025-01-15:208_obj3,721c3dd955813faaa7d69337def6b96ebebe46cdd7563f1992a86e396013612a,,
training/2025-01-15/objects_parts/208_obj4_centered.png,normal_val_loss,good,0,2025-01-15,normal:2025-01-15:208,normal:2025-01-15:208_obj4,35e30e4ba67bd9af8c1a92ad0a689f8fc1adf824b530a6114d2df9d18e413813,,
training/2025-01-15/objects_parts/208_obj5_centered.png,normal_val_loss,good,0,2025-01-15,normal:2025-01-15:208,normal:2025-01-15:208_obj5,de4a3550a15cc9fe0a7cf138eeb23d24e81d6e64e3923858e510bde1bb605d17,,
training/2025-01-15/objects_parts/208_obj6_centered.png,normal_val_loss,good,0,2025-01-15,normal:2025-01-15:208,normal:2025-01-15:208_obj6,3efd4e912387567288c99fc0e70d3d98e88a355a98ee4cd5858af88d6c466db6,,
training/2025-01-15/objects_parts/208_obj7_centered.png,normal_val_loss,good,0,2025-01-15,normal:2025-01-15:208,normal:2025-01-15:208_obj7,3109d7c9159eeb21fee40cdddd4baaa06c3ee41efac9cd2946fd100440d5e064,,
training/2025-01-15/objects_parts/208_obj8_centered.png,normal_val_loss,good,0,2025-01-15,normal:2025-01-15:208,normal:2025-01-15:208_obj8,967f632c85068a7fff327b53af26b5c00a640e9095ea3e42f519685845d11286,,
training/2025-01-15/objects_parts/208_obj9_centered.png,normal_val_loss,good,0,2025-01-15,normal:2025-01-15:208,normal:2025-01-15:208_obj9,908a0808f51d8295a7f007cfd47feb1b652b75a9cbba1f3f55edd348a753f7a5,,
training/2025-01-29/objects_parts/384_obj20_tile_3284_1162.png,normal_val_loss,good,0,2025-01-29,normal:2025-01-29:384,normal:2025-01-29:384_obj20,df306889f738b9d1c1b1cc6bf6f19f23eee2bcb9ac61fe665ff41d94408bec32,,
training/2025-01-29/objects_parts/384_obj20_tile_3284_970.png,normal_val_loss,good,0,2025-01-29,normal:2025-01-29:384,normal:2025-01-29:384_obj20,ded67f2c29f2db733637a8b73187f333fd13766279ea8b9de503fee943fe35c1,,
training/2025-01-29/objects_parts/61_obj1_centered.png,normal_val_loss,good,0,2025-01-29,normal:2025-01-29:61,normal:2025-01-29:61_obj1,bebb036841d6d8aed73510c599bbe0c7189763a0d3d0ccd5fa32863d47cc480d,,
training/2025-04-02/objects_parts/137_obj5_tile_3165_1717.png,normal_val_loss,good,0,2025-04-02,normal:2025-04-02:137,normal:2025-04-02:137_obj5,fe562f3349f450a467a6b4667668660570717438626105d3847f655489ebaee9,,
training/2025-04-02/objects_parts/137_obj5_tile_3357_1525.png,normal_val_loss,good,0,2025-04-02,normal:2025-04-02:137,normal:2025-04-02:137_obj5,c3021de0e823477a717936dfe72b202e45f5d7bde50f0bc8b7af57c34b5ad4bf,,
training/2025-04-02/objects_parts/137_obj6_tile_1966_1763.png,normal_val_loss,good,0,2025-04-02,normal:2025-04-02:137,normal:2025-04-02:137_obj6,6f6c661acb670e90ecc303ea7566f234ea7807e49e04aec400940d0fc4d860e9,,
training/2025-04-02/objects_parts/137_obj6_tile_1966_2147.png,normal_val_loss,good,0,2025-04-02,normal:2025-04-02:137,normal:2025-04-02:137_obj6,67c522f30d398a3b630feb9a23e4f82142584ac7006c202da43eb2b70bf91ead,,
training/2025-04-02/objects_parts/137_obj7_tile_2972_2255.png,normal_val_loss,good,0,2025-04-02,normal:2025-04-02:137,normal:2025-04-02:137_obj7,d78a9bcb7add13076125c64a3a54a300da91d6e953cf2541e3449d0971e08478,,
training/2025-04-02/objects_parts/137_obj7_tile_3356_2255.png,normal_val_loss,good,0,2025-04-02,normal:2025-04-02:137,normal:2025-04-02:137_obj7,16eb3ca8962d98ed0bbe9370834fb6e17f8322693363f295b0ee0502c7f0539b,,
training/2025-04-02/objects_parts/357_obj5_tile_3164_1510.png,normal_val_loss,good,0,2025-04-02,normal:2025-04-02:357,normal:2025-04-02:357_obj5,93ff754d8d9e0d08ee78c9745af4c927d1bf77b3b71f09e03ea26413d90daba5,,
training/2025-04-02/objects_parts/357_obj5_tile_3356_1510.png,normal_val_loss,good,0,2025-04-02,normal:2025-04-02:357,normal:2025-04-02:357_obj5,e2ea8c7741452db5d351fc8183ce6a264bbfaf701b4c9d3db8e52f356293b63d,,
training/2025-04-02/objects_parts/357_obj8_centered.png,normal_val_loss,good,0,2025-04-02,normal:2025-04-02:357,normal:2025-04-02:357_obj8,af20391391fb0ff5fc6134a39b3ce175303c1d26286b7c132d949d41270f801d,,
training/2025-04-02/objects_parts/457_obj5_tile_3358_1478.png,normal_val_loss,good,0,2025-04-02,normal:2025-04-02:457,normal:2025-04-02:457_obj5,1582a55ab41939571bf44e35f15f045edeaae847ae8d01dbf6d58dad3548ddc7,,
training/2025-04-02/objects_parts/457_obj5_tile_3358_1670.png,normal_val_loss,good,0,2025-04-02,normal:2025-04-02:457,normal:2025-04-02:457_obj5,4c0eff602d442a65e832d9574b850b8497a3ad0d59086924cd400b6cafe5afed,,
training/2025-04-02/objects_parts/457_obj8_centered.png,normal_val_loss,good,0,2025-04-02,normal:2025-04-02:457,normal:2025-04-02:457_obj8,d8dee84b6c86d5a46f9b2a154574c895f5f5c44169252a260dd1d177f37cf0d2,,
training/2025-04-02/objects_parts/459_obj5_tile_3358_1478.png,normal_val_loss,good,0,2025-04-02,normal:2025-04-02:459,normal:2025-04-02:459_obj5,db830ead605f6f213426d3c28d7e59d3fbb9c8072ad792ba4f84b0d420b3449a,,
training/2025-04-02/objects_parts/459_obj5_tile_3358_1670.png,normal_val_loss,good,0,2025-04-02,normal:2025-04-02:459,normal:2025-04-02:459_obj5,16ed626bfa9add8b985ac6a6b279b7a89968189b74d7f98a905917cd888fe6fb,,
training/2025-04-02/objects_parts/459_obj8_centered.png,normal_val_loss,good,0,2025-04-02,normal:2025-04-02:459,normal:2025-04-02:459_obj8,3707aad8aa30529ed19c3da9d3c4a7830aaf70bdc64964925ae43b42778d67e7,,
training/2025-04-02/objects_parts/465_obj5_tile_3359_1476.png,normal_val_loss,good,0,2025-04-02,normal:2025-04-02:465,normal:2025-04-02:465_obj5,b0a81aaed8991abc7e19a97bec27187a9e90a520304694700752c5fbebab6c42,,
training/2025-04-02/objects_parts/465_obj5_tile_3359_1668.png,normal_val_loss,good,0,2025-04-02,normal:2025-04-02:465,normal:2025-04-02:465_obj5,e85b58278e30323d4ef96cefb370f777d0200fac74978dd6d595435df2c3991c,,
training/2025-04-02/objects_parts/465_obj8_centered.png,normal_val_loss,good,0,2025-04-02,normal:2025-04-02:465,normal:2025-04-02:465_obj8,a9000bc26fc8d717d8cada90713116a31d908627fe730b3132fd16854d70c8a7,,
training/2025-04-02/objects_parts/467_obj5_tile_3167_1476.png,normal_val_loss,good,0,2025-04-02,normal:2025-04-02:467,normal:2025-04-02:467_obj5,9185311a8daa7a848b7fc719ad8fed99ed708f03289e97beab75bb03fbd506e9,,
training/2025-04-02/objects_parts/467_obj5_tile_3167_1668.png,normal_val_loss,good,0,2025-04-02,normal:2025-04-02:467,normal:2025-04-02:467_obj5,8c1376bfa3af5fb1b421f57bae8288200c8a1064fc2d505d50de16bd78fee6f7,,
training/2025-04-02/objects_parts/467_obj8_centered.png,normal_val_loss,good,0,2025-04-02,normal:2025-04-02:467,normal:2025-04-02:467_obj8,c353f4e9e82d52db4218358107fb86623f50de47139fb17527fa78889e409e06,,
training/2025-04-02/objects_parts/490_obj5_tile_3193_1671.png,normal_val_loss,good,0,2025-04-02,normal:2025-04-02:490,normal:2025-04-02:490_obj5,8592a63a04b1664298a1cdaa534e05bc96c3dbbad68b55dbbd3ee16b53fe27cc,,
training/2025-04-02/objects_parts/490_obj5_tile_3385_1671.png,normal_val_loss,good,0,2025-04-02,normal:2025-04-02:490,normal:2025-04-02:490_obj5,f5612f43ae1de34421b2a3c101170c85f7bf94a11549288c5f4128c572184bd4,,
training/2025-04-02/objects_parts/490_obj8_centered.png,normal_val_loss,good,0,2025-04-02,normal:2025-04-02:490,normal:2025-04-02:490_obj8,f649245b7fb5840d69251de53085b9e2005cbe40e00f1719e5c4da9a19278cb9,,
training/2025-04-02/objects_parts/532_obj5_tile_3375_1475.png,normal_val_loss,good,0,2025-04-02,normal:2025-04-02:532,normal:2025-04-02:532_obj5,23bd3901b5a7a0ee58823cdddee3f74b19967950bdcc1137c809689d90fc22ba,,
training/2025-04-02/objects_parts/532_obj5_tile_3375_1667.png,normal_val_loss,good,0,2025-04-02,normal:2025-04-02:532,normal:2025-04-02:532_obj5,4acd114f1ebc1f51b6495e2a16f86667a5fbbcb0875928902333417b450c56e4,,
training/2025-04-02/objects_parts/532_obj8_centered.png,normal_val_loss,good,0,2025-04-02,normal:2025-04-02:532,normal:2025-04-02:532_obj8,88d38b96e13b5811d3f7ebe1b57eb69af8805d171d46f5a88561868c598d7850,,
training/2025-04-02/objects_parts/621_obj5_tile_3370_1475.png,normal_val_loss,good,0,2025-04-02,normal:2025-04-02:621,normal:2025-04-02:621_obj5,9fd1dde25f3ef5443fdedc9510150001d4d3e8138b30ee187682634f715e1f9d,,
training/2025-04-02/objects_parts/621_obj5_tile_3370_1667.png,normal_val_loss,good,0,2025-04-02,normal:2025-04-02:621,normal:2025-04-02:621_obj5,355df50cbcec348443f49f3aa39990f28e9cc5171c11bf0c817bef02f73f4247,,
training/2025-04-02/objects_parts/621_obj8_centered.png,normal_val_loss,good,0,2025-04-02,normal:2025-04-02:621,normal:2025-04-02:621_obj8,a5e062694a8f0254f019a4a1ee848eb91c9bdd7ef343261f653ba43a40251d4a,,
training/2025-04-02/objects_parts/627_obj5_tile_3176_1476.png,normal_val_loss,good,0,2025-04-02,normal:2025-04-02:627,normal:2025-04-02:627_obj5,44139bf9563fd38234ba52b744413057be97d8113cc6f8501ff16ac4f38ca45e,,
training/2025-04-02/objects_parts/627_obj5_tile_3368_1668.png,normal_val_loss,good,0,2025-04-02,normal:2025-04-02:627,normal:2025-04-02:627_obj5,7f6c0f29db6d019dd4c38f0ec0a14ed6ee4ce098f5876003c533316d5ebcbc10,,
training/2025-04-02/objects_parts/627_obj8_centered.png,normal_val_loss,good,0,2025-04-02,normal:2025-04-02:627,normal:2025-04-02:627_obj8,dfffb2101a2886ae3561fd131513c81283b4dcfc92a34e938b3825547a2c3290,,
training/2025-04-02/objects_parts/631_obj5_tile_3175_1477.png,normal_val_loss,good,0,2025-04-02,normal:2025-04-02:631,normal:2025-04-02:631_obj5,6fabf5398b0fb23ecb4cc93cb33b18fadeb9b18c22d425fc1d8478b9fb6635d7,,
training/2025-04-02/objects_parts/631_obj5_tile_3367_1669.png,normal_val_loss,good,0,2025-04-02,normal:2025-04-02:631,normal:2025-04-02:631_obj5,601891bbf72904bdd3d4984e38c8cf6e078e093ebbfb25855ff2bfea1ce51113,,
training/2025-04-02/objects_parts/631_obj8_centered.png,normal_val_loss,good,0,2025-04-02,normal:2025-04-02:631,normal:2025-04-02:631_obj8,95a7853e4a1c64aae6ffc64d8dce14a2cc26dd0215f35418b453c92d937108b8,,
training/2025-04-02/objects_parts/634_obj5_tile_3174_1478.png,normal_val_loss,good,0,2025-04-02,normal:2025-04-02:634,normal:2025-04-02:634_obj5,0cbe1b5b6a39c94ad4fbfd0cd04b55fc3576429818609b10366b2fa0af5ac01b,,
training/2025-04-02/objects_parts/634_obj5_tile_3366_1670.png,normal_val_loss,good,0,2025-04-02,normal:2025-04-02:634,normal:2025-04-02:634_obj5,0253307b2eab4b3232e58a405f8df9223f01b7359bb5d756412344dd0dd319ec,,
training/2025-04-02/objects_parts/634_obj8_centered.png,normal_val_loss,good,0,2025-04-02,normal:2025-04-02:634,normal:2025-04-02:634_obj8,bb62463fd6375985bfc97a520718971ae47dde7f72373dfdf177e1af76afbe37,,
training/2025-04-02/objects_parts/716_obj5_tile_3164_1502.png,normal_val_loss,good,0,2025-04-02,normal:2025-04-02:716,normal:2025-04-02:716_obj5,f62c165749a9438dd1dd2c85ca9b4dffbd08c663e8e86c23f23dccfec9233de6,,
training/2025-04-02/objects_parts/716_obj5_tile_3164_1694.png,normal_val_loss,good,0,2025-04-02,normal:2025-04-02:716,normal:2025-04-02:716_obj5,cf119a537aa3e88f1db1036e1529c7e003d85e357c62dca909fc03016ed2b9c5,,
training/2025-04-02/objects_parts/716_obj8_centered.png,normal_val_loss,good,0,2025-04-02,normal:2025-04-02:716,normal:2025-04-02:716_obj8,1c7fff5bccb460f6c2ce4cff4a0cdbef0b81a21ea80d528630298c9a4b3f13c3,,
training/2025-04-02/objects_parts/835_obj5_tile_3181_1522.png,normal_val_loss,good,0,2025-04-02,normal:2025-04-02:835,normal:2025-04-02:835_obj5,af5cc70c37b4a39c159f879479dd6d4d12fcdffd30c4f2a9a9b76c563ab8d07a,,
training/2025-04-02/objects_parts/835_obj5_tile_3373_1714.png,normal_val_loss,good,0,2025-04-02,normal:2025-04-02:835,normal:2025-04-02:835_obj5,cdb7bb925cffadca9f8d8aef4b98996a470d56a6903319874b64a06dafe3c55e,,
training/2025-04-02/objects_parts/835_obj8_centered.png,normal_val_loss,good,0,2025-04-02,normal:2025-04-02:835,normal:2025-04-02:835_obj8,941c40b42b3542591674382b8109eb4a5a6208c2edd21aa6f412517e1ee161ec,,
training/2025-05-26/objects_parts/256_obj1_centered.png,normal_val_loss,good,0,2025-05-26,normal:2025-05-26:256,normal:2025-05-26:256_obj1,7acd0db9594b1ee7f0f93a0c581a39eeb65daa4f2040393a7724bc44aa345be2,,
training/2025-05-26/objects_parts/256_obj3_centered.png,normal_val_loss,good,0,2025-05-26,normal:2025-05-26:256,normal:2025-05-26:256_obj3,0233652bfe42b3d4ce6f451fdd742385ac7662c8f8e14928257cd28f716db072,,
training/2025-05-26/objects_parts/260_obj1_centered.png,normal_val_loss,good,0,2025-05-26,normal:2025-05-26:260,normal:2025-05-26:260_obj1,38d254fd763fc8bb2a749dc0c8efe18f26ab737a74e4c560d5dc7d404b9e6b5d,,
training/2025-05-26/objects_parts/260_obj3_centered.png,normal_val_loss,good,0,2025-05-26,normal:2025-05-26:260,normal:2025-05-26:260_obj3,50b2c98ac5306a67e3b5fe00b47bafb45570c3a0ea3171568418c7d293626545,,
training/2025-05-26/objects_parts/261_obj1_centered.png,normal_val_loss,good,0,2025-05-26,normal:2025-05-26:261,normal:2025-05-26:261_obj1,88b710ebdbd07edbfc0631f94929c023475c15f84d765a57dda75f35c622b16e,,
training/2025-05-26/objects_parts/261_obj3_centered.png,normal_val_loss,good,0,2025-05-26,normal:2025-05-26:261,normal:2025-05-26:261_obj3,7d40fca52f34d3548e0344cb636001aec9c4c415dee2ed5bd9ed4498e9648787,,
training/2025-05-26/objects_parts/61_obj1_centered.png,normal_val_loss,good,0,2025-05-26,normal:2025-05-26:61,normal:2025-05-26:61_obj1,fd244c8372eeef5d65353a10f6513d6bf01d3a1e724f168f1b69704e0c164769,,
training/2025-05-26/objects_parts/61_obj2_tile_2281_1534.png,normal_val_loss,good,0,2025-05-26,normal:2025-05-26:61,normal:2025-05-26:61_obj2,eac2522d080aa481360505288a2ba3899379ab41eece78ac6d3400f6f0bfdcfb,,
training/2025-05-26/objects_parts/61_obj3_centered.png,normal_val_loss,good,0,2025-05-26,normal:2025-05-26:61,normal:2025-05-26:61_obj3,e296ac204c6ab4ff270c51abf84eec57faff7afebfaff61cba195b4ba38cce10,,
training/2025-05-26/objects_parts/63_obj1_centered.png,normal_val_loss,good,0,2025-05-26,normal:2025-05-26:63,normal:2025-05-26:63_obj1,b3be9dd5c81cc7dd2f64735ad15980135261eb07f4ad972ca8392ac17219a87c,,
training/2025-05-26/objects_parts/63_obj2_tile_2282_1534.png,normal_val_loss,good,0,2025-05-26,normal:2025-05-26:63,normal:2025-05-26:63_obj2,af4eed36ffb810a462bd7c33d6ea64054fc8c6794a39e69e5f95849f1d0c5a8b,,
training/2025-05-26/objects_parts/63_obj3_centered.png,normal_val_loss,good,0,2025-05-26,normal:2025-05-26:63,normal:2025-05-26:63_obj3,d927adb92973adcd9d44f4756463e8537551df9fe769ed46f30e76749f9dd821,,
training/2025-05-26/objects_parts/65_obj1_centered.png,normal_val_loss,good,0,2025-05-26,normal:2025-05-26:65,normal:2025-05-26:65_obj1,2f7e59637e54e4000464c7e736e263d59dbfed4f69e9ecf45809bec0e6073bb4,,
training/2025-05-26/objects_parts/65_obj2_tile_2282_1534.png,normal_val_loss,good,0,2025-05-26,normal:2025-05-26:65,normal:2025-05-26:65_obj2,4a9716a52e2bd0c141e86b6ac08cd30c6905d124a449de1e6f39bed1ab65afa0,,
training/2025-05-26/objects_parts/65_obj3_centered.png,normal_val_loss,good,0,2025-05-26,normal:2025-05-26:65,normal:2025-05-26:65_obj3,e3c4098f086504a1e23027ddfba54cfa77c5fc453eef4c2f34912801df21064e,,
training/2025-05-28/objects_parts/104_obj10_centered.png,normal_val_loss,good,0,2025-05-28,normal:2025-05-28:104,normal:2025-05-28:104_obj10,28af10bbba1f873dbc1ebd021ced2ae286b224322a1c5e773c911f6d2079453d,,
training/2025-05-28/objects_parts/105_obj10_centered.png,normal_val_loss,good,0,2025-05-28,normal:2025-05-28:105,normal:2025-05-28:105_obj10,28dbf5a8435bd3d5fca6bf8c964809a2a021eae5e729812859ec312d8e04a43e,,
training/2025-05-28/objects_parts/163_obj10_centered.png,normal_val_loss,good,0,2025-05-28,normal:2025-05-28:163,normal:2025-05-28:163_obj10,26d20f39ddba86a2ddc8dfd411c26fdfc7838009edc60e112cff9b706834c9f7,,
training/2025-05-28/objects_parts/168_obj10_centered.png,normal_val_loss,good,0,2025-05-28,normal:2025-05-28:168,normal:2025-05-28:168_obj10,8bc2765c7274a055047dbcf999fcb8d4f39c5f69eade4a4bcd7199e9dea41556,,
training/2025-05-28/objects_parts/169_obj10_centered.png,normal_val_loss,good,0,2025-05-28,normal:2025-05-28:169,normal:2025-05-28:169_obj10,4aaca3199dc2fe0d8eaaff73ec9d8f5e8fcaf7f09dc53fbd0b931fee432a15bf,,
training/2025-05-28/objects_parts/175_obj10_centered.png,normal_val_loss,good,0,2025-05-28,normal:2025-05-28:175,normal:2025-05-28:175_obj10,4bfa141045f871a7bf316a8fe76dc1a3148d9fb23a5e88366c15d35102e0c88d,,
training/2025-05-28/objects_parts/186_obj10_centered.png,normal_val_loss,good,0,2025-05-28,normal:2025-05-28:186,normal:2025-05-28:186_obj10,8fbb6231acefc9359fbc22269cab1482f3c0eb0872e5bfd1c51e341b71b490f4,,
training/2025-05-28/objects_parts/190_obj10_centered.png,normal_val_loss,good,0,2025-05-28,normal:2025-05-28:190,normal:2025-05-28:190_obj10,0cae2a6d9b209d5291690c2091258fd8e9af5c9fb2b51ea112ab8c8132350c4d,,
training/2025-05-28/objects_parts/233_obj10_tile_3210_1649.png,normal_val_loss,good,0,2025-05-28,normal:2025-05-28:233,normal:2025-05-28:233_obj10,bf76be664ac47466276d5359a749bf5d0e40826eaa4a118d26da43dd6c3040a9,,
training/2025-05-28/objects_parts/252_obj10_tile_3219_1628.png,normal_val_loss,good,0,2025-05-28,normal:2025-05-28:252,normal:2025-05-28:252_obj10,812f9801536fab69b0214f31840be9fb5cacd95809263760b9b458ddcae043a3,,
training/2025-05-28/objects_parts/278_obj10_centered.png,normal_val_loss,good,0,2025-05-28,normal:2025-05-28:278,normal:2025-05-28:278_obj10,b86991c019b13ecfae1faf0c6a6bf96888a27cad4d8fd3824fbc4e9feb35a92c,,
training/2025-05-28/objects_parts/310_obj10_centered.png,normal_val_loss,good,0,2025-05-28,normal:2025-05-28:310,normal:2025-05-28:310_obj10,69af428f5c39df9cc804fdc4022df79a288b629b62a5941295f33be7884e06c8,,
training/2025-05-28/objects_parts/368_obj10_centered.png,normal_val_loss,good,0,2025-05-28,normal:2025-05-28:368,normal:2025-05-28:368_obj10,77d057af5d645a5a9fd1678fa2aca77f76c4914d78cb16345f97070d4859c6a0,,
training/2025-05-28/objects_parts/368_obj1_centered.png,normal_val_loss,good,0,2025-05-28,normal:2025-05-28:368,normal:2025-05-28:368_obj1,2a6eaccffc3c4f502c1a83a9e8ff1f0e8813a5ed61919e2d27685c2e4e36e027,,
training/2025-05-28/objects_parts/368_obj4_centered.png,normal_val_loss,good,0,2025-05-28,normal:2025-05-28:368,normal:2025-05-28:368_obj4,30245f7234b934c2541d00674c764efd9a17e1ed685050275f00c6f5a82ea86b,,
training/2025-05-28/objects_parts/368_obj6_centered.png,normal_val_loss,good,0,2025-05-28,normal:2025-05-28:368,normal:2025-05-28:368_obj6,3ea35260d208615382339212752d4a9554d12bc5bd0d617f52323edf3e354f01,,
training/2025-05-28/objects_parts/368_obj9_centered.png,normal_val_loss,good,0,2025-05-28,normal:2025-05-28:368,normal:2025-05-28:368_obj9,881e8962e05cd920b538dd382abbb354cfbeb3631e13d487cb8ef77ffd689a79,,
training/2025-05-28/objects_parts/70_obj10_tile_3184_1393.png,normal_val_loss,good,0,2025-05-28,normal:2025-05-28:70,normal:2025-05-28:70_obj10,fdb4e102a8f006c5750226ab0a92419f39ee0301fdff0c0ee59f99d3437fd606,,
training/2025-05-28/objects_parts/70_obj11_centered.png,normal_val_loss,good,0,2025-05-28,normal:2025-05-28:70,normal:2025-05-28:70_obj11,f3ce45ed35dd26a906cd6e1b9e686e7cc497c3b6120c1c52b643c9a049ab5ddc,,
training/2025-05-28/objects_parts/70_obj13_tile_3131_2201.png,normal_val_loss,good,0,2025-05-28,normal:2025-05-28:70,normal:2025-05-28:70_obj13,88a93e5eff1127cdac973b713cff0566777ea590a3d413cf3acb62440de86fbf,,
training/2025-05-28/objects_parts/70_obj14_centered.png,normal_val_loss,good,0,2025-05-28,normal:2025-05-28:70,normal:2025-05-28:70_obj14,4170ac83279ed0f8eb62313e087568d6110f459c1c8019db7dd5d32d2d7d07c2,,
training/2025-05-28/objects_parts/70_obj15_centered.png,normal_val_loss,good,0,2025-05-28,normal:2025-05-28:70,normal:2025-05-28:70_obj15,3f2b1e56d07039fe238a578e0e67fe65a8e6749a9bb829c4be9b44b426440e02,,
training/2025-05-28/objects_parts/70_obj16_tile_2675_1598.png,normal_val_loss,good,0,2025-05-28,normal:2025-05-28:70,normal:2025-05-28:70_obj16,a4b890e3b2dcd0b6710827c5ef6194c3519c3704d2c594c3d275a6945b2c2afe,,
training/2025-05-28/objects_parts/70_obj1_centered.png,normal_val_loss,good,0,2025-05-28,normal:2025-05-28:70,normal:2025-05-28:70_obj1,a68c5307c75e63ed591fb4f59af7fab543af2211d69b4052901b83c29340281e,,
training/2025-05-28/objects_parts/70_obj2_centered.png,normal_val_loss,good,0,2025-05-28,normal:2025-05-28:70,normal:2025-05-28:70_obj2,30703ac03d52ac7c70c4461615203e2e7c250c4bde76d12d61473ee53a2655bb,,
training/2025-05-28/objects_parts/70_obj3_centered.png,normal_val_loss,good,0,2025-05-28,normal:2025-05-28:70,normal:2025-05-28:70_obj3,f0d7a398c1a63acd04b896b8e9637e5631fa803f473840b1e932e833f229aa3d,,
training/2025-05-28/objects_parts/70_obj4_centered.png,normal_val_loss,good,0,2025-05-28,normal:2025-05-28:70,normal:2025-05-28:70_obj4,bbac001ab97bab9a68596770a79ec1ac71df3b5569e79f3700e8168b2cdfd40b,,
training/2025-05-28/objects_parts/70_obj6_tile_3084_2335.png,normal_val_loss,good,0,2025-05-28,normal:2025-05-28:70,normal:2025-05-28:70_obj6,f1365237a4c6816af1347a470c95b0ea1c2e18151351babaa0070ba7bcdecd90,,
training/2025-05-28/objects_parts/70_obj7_centered.png,normal_val_loss,good,0,2025-05-28,normal:2025-05-28:70,normal:2025-05-28:70_obj7,d4d082059831eed5af425c77dfdb11b9d3961e73a0f88a2bc1757b71a63e27fe,,
training/2025-05-28/objects_parts/70_obj8_centered.png,normal_val_loss,good,0,2025-05-28,normal:2025-05-28:70,normal:2025-05-28:70_obj8,c2642c82052d204b78246ecaca080d78daa0de8c343d9abdb38dff10a5c69dd3,,
training/2025-05-28/objects_parts/79_obj10_tile_3378_1591.png,normal_val_loss,good,0,2025-05-28,normal:2025-05-28:79,normal:2025-05-28:79_obj10,da856518dcd9c5ec60eaed9f8e0b956368e214cc42e8a9d921440856b428ed8b,,
training/2025-05-28/objects_parts/79_obj11_centered.png,normal_val_loss,good,0,2025-05-28,normal:2025-05-28:79,normal:2025-05-28:79_obj11,d360798e136e317c9628cc2bc9773e7e3653d512ea06484f5a97d6843b9c5bfa,,
training/2025-05-28/objects_parts/79_obj13_tile_3325_2201.png,normal_val_loss,good,0,2025-05-28,normal:2025-05-28:79,normal:2025-05-28:79_obj13,d8b25933a174aab71f3cf614c278744ccf30a6ef6aa01ac978bf264cb59d5384,,
training/2025-05-28/objects_parts/79_obj1_centered.png,normal_val_loss,good,0,2025-05-28,normal:2025-05-28:79,normal:2025-05-28:79_obj1,02a7364f41a46ecd99181e0cccff93d17adc39b6b16a24c8118790210c31275b,,
training/2025-05-28/objects_parts/79_obj2_centered.png,normal_val_loss,good,0,2025-05-28,normal:2025-05-28:79,normal:2025-05-28:79_obj2,c167c963a83e35671ba6c03ab8c549e5905de24662a6be31e51d991c6db530dd,,
training/2025-05-28/objects_parts/79_obj3_centered.png,normal_val_loss,good,0,2025-05-28,normal:2025-05-28:79,normal:2025-05-28:79_obj3,d4d5fab7e19092540853cd092645eb5eaad5a18101156723c59c0b235e84ce6e,,
training/2025-05-28/objects_parts/79_obj4_centered.png,normal_val_loss,good,0,2025-05-28,normal:2025-05-28:79,normal:2025-05-28:79_obj4,f53799ce53db487f62deea5f01d650e939f8ed40e64f58352c1ca58edb2a1605,,
training/2025-05-28/objects_parts/79_obj5_centered.png,normal_val_loss,good,0,2025-05-28,normal:2025-05-28:79,normal:2025-05-28:79_obj5,734f65ad61d52ecd56b1c0752114caa9c16f530b80709a8973f48a2feef3a744,,
training/2025-05-28/objects_parts/79_obj6_tile_3277_2335.png,normal_val_loss,good,0,2025-05-28,normal:2025-05-28:79,normal:2025-05-28:79_obj6,c61d389ddff7da8b4457bca28e0511400dda941d702d8bf3bc4a5d7b739eac1a,,
training/2025-05-28/objects_parts/79_obj7_centered.png,normal_val_loss,good,0,2025-05-28,normal:2025-05-28:79,normal:2025-05-28:79_obj7,b5859ef541e497f4796342b4b91dcb3ff9ad3b8c44b64538d8bfe18f19080d94,,
training/2025-05-28/objects_parts/79_obj8_centered.png,normal_val_loss,good,0,2025-05-28,normal:2025-05-28:79,normal:2025-05-28:79_obj8,0313671f3cf50847c3ef9991b3732020fde440ef8438d0296ca764f4fa8b4542,,
training/2025-05-28/objects_parts/81_obj10_tile_3378_1405.png,normal_val_loss,good,0,2025-05-28,normal:2025-05-28:81,normal:2025-05-28:81_obj10,3d0d0bde0b79244317b2f664cd6fd60134a41bd874705618dc995265f06518bf,,
training/2025-05-28/objects_parts/81_obj11_centered.png,normal_val_loss,good,0,2025-05-28,normal:2025-05-28:81,normal:2025-05-28:81_obj11,17853f3d08a5a65c9cfcb66da334b32bafc739be130ba5b15b0fa798e19ace43,,
training/2025-05-28/objects_parts/81_obj13_tile_3324_2202.png,normal_val_loss,good,0,2025-05-28,normal:2025-05-28:81,normal:2025-05-28:81_obj13,7da196a5f75345967735d0d1cb90b97dddd15bc870ec1b96227fc931b3618cf1,,
training/2025-05-28/objects_parts/81_obj14_centered.png,normal_val_loss,good,0,2025-05-28,normal:2025-05-28:81,normal:2025-05-28:81_obj14,5f337e4fbd51938e1c4ae43e4cc902708e2e01f4c8939ff990997cd7afc4403d,,
training/2025-05-28/objects_parts/81_obj15_centered.png,normal_val_loss,good,0,2025-05-28,normal:2025-05-28:81,normal:2025-05-28:81_obj15,a9c7ec090cfb0c552e7684a20a58585efeea64ddb185b10b3823ec6d5b1b9fad,,
training/2025-05-28/objects_parts/81_obj16_tile_2676_1406.png,normal_val_loss,good,0,2025-05-28,normal:2025-05-28:81,normal:2025-05-28:81_obj16,ded9fda5f61437eb3bb57d73f55aa6f29addafb738878871fb65c3f38d75073b,,
training/2025-05-28/objects_parts/81_obj1_centered.png,normal_val_loss,good,0,2025-05-28,normal:2025-05-28:81,normal:2025-05-28:81_obj1,2cffe32ac415fdc20fcae73fff434d204a65e0807218a482dedaf1c28110f5f1,,
training/2025-05-28/objects_parts/81_obj2_centered.png,normal_val_loss,good,0,2025-05-28,normal:2025-05-28:81,normal:2025-05-28:81_obj2,e083f6b4ef396481311c65c9547c8b4cc49ee80dab84d7627344729058f966f8,,
training/2025-05-28/objects_parts/81_obj3_centered.png,normal_val_loss,good,0,2025-05-28,normal:2025-05-28:81,normal:2025-05-28:81_obj3,49812ec7405d0e87d6e244bf9fcdfa51991337d580b4c0857a8200ada904dfe3,,
training/2025-05-28/objects_parts/81_obj5_centered.png,normal_val_loss,good,0,2025-05-28,normal:2025-05-28:81,normal:2025-05-28:81_obj5,4bed4288149b5bdcd56b28b36e56f1790d523858d8ad44331be2c743da6c98bd,,
training/2025-05-28/objects_parts/81_obj6_tile_3277_2335.png,normal_val_loss,good,0,2025-05-28,normal:2025-05-28:81,normal:2025-05-28:81_obj6,809fc6e51cb885252ce244597c8d7b333a2505514f5c67afa7481350c04211c6,,
training/2025-05-28/objects_parts/81_obj7_centered.png,normal_val_loss,good,0,2025-05-28,normal:2025-05-28:81,normal:2025-05-28:81_obj7,c1b6c78f2a58d26e5ad9a4e5fb196e71bef13042033b782f120072bfa6414d74,,
training/2025-05-28/objects_parts/81_obj9_centered.png,normal_val_loss,good,0,2025-05-28,normal:2025-05-28:81,normal:2025-05-28:81_obj9,3f502c3b360bee97e76e00b7d6a60e3b55c5f54a4b1bd34a591bc1a2c5f1a171,,
training/2025-05-28/objects_parts/86_obj10_tile_3380_1423.png,normal_val_loss,good,0,2025-05-28,normal:2025-05-28:86,normal:2025-05-28:86_obj10,1d179bc75a65914f5d75a3bdc1f9ab6c88586091b588cc7ab0f0b443b4266142,,
training/2025-05-28/objects_parts/86_obj11_centered.png,normal_val_loss,good,0,2025-05-28,normal:2025-05-28:86,normal:2025-05-28:86_obj11,e60847a31863b407ca4ad2b0f1a3793d8f73de6f5983fa2864851fe522210a48,,
training/2025-05-28/objects_parts/86_obj13_tile_3325_2202.png,normal_val_loss,good,0,2025-05-28,normal:2025-05-28:86,normal:2025-05-28:86_obj13,300114c95de9854e2b4fdb0f531d2d43b285bf5c7028a21e4331e0710aab2d70,,
training/2025-05-28/objects_parts/86_obj14_centered.png,normal_val_loss,good,0,2025-05-28,normal:2025-05-28:86,normal:2025-05-28:86_obj14,4e1096634dcb221e17a5ea81d0bce24f24ef5c00f7fd74a67d18af37ddb4c074,,
training/2025-05-28/objects_parts/86_obj15_centered.png,normal_val_loss,good,0,2025-05-28,normal:2025-05-28:86,normal:2025-05-28:86_obj15,e2b539669bba191d3aef828f7f36325de19b49af1c00709bd73ce701cf957036,,
training/2025-05-28/objects_parts/86_obj1_centered.png,normal_val_loss,good,0,2025-05-28,normal:2025-05-28:86,normal:2025-05-28:86_obj1,d59dc096e8c3fd5a87b5bea7c1af4cbd7b07acc62acf5dc3b40ae70c89ed664b,,
training/2025-05-28/objects_parts/86_obj2_centered.png,normal_val_loss,good,0,2025-05-28,normal:2025-05-28:86,normal:2025-05-28:86_obj2,5d7c5ded18cdcd831404afe941689ce7f9d9eaad3051a662836299f696b4253b,,
training/2025-05-28/objects_parts/86_obj4_centered.png,normal_val_loss,good,0,2025-05-28,normal:2025-05-28:86,normal:2025-05-28:86_obj4,8a39c634e9d99433da359b3c1ebac01188f460ff8f5182218e482d0b10b6787b,,
training/2025-05-28/objects_parts/86_obj6_tile_3085_2335.png,normal_val_loss,good,0,2025-05-28,normal:2025-05-28:86,normal:2025-05-28:86_obj6,afe71db159a0dc70a343379e61017df76bb7fbf7cc4fd9aa0329be918a764780,,
training/2025-05-28/objects_parts/86_obj7_centered.png,normal_val_loss,good,0,2025-05-28,normal:2025-05-28:86,normal:2025-05-28:86_obj7,f5264363fad12d1969b21d4bd9cf18ae844a5d0abebb766f85c6e1047c392947,,
training/2025-05-28/objects_parts/86_obj8_centered.png,normal_val_loss,good,0,2025-05-28,normal:2025-05-28:86,normal:2025-05-28:86_obj8,2e757abfb92f58ef081d605b3399b0ba72baae8070bb2b3eea4a150c5982eb7c,,
training/2025-05-28/objects_parts/86_obj9_centered.png,normal_val_loss,good,0,2025-05-28,normal:2025-05-28:86,normal:2025-05-28:86_obj9,cb39e87c160ecc52431bfbed97fb37e3e7ac17b054055afdc95753d9dd995e63,,
training/2025-05-28/objects_parts/87_obj10_tile_3380_1618.png,normal_val_loss,good,0,2025-05-28,normal:2025-05-28:87,normal:2025-05-28:87_obj10,794aa2339bfd8b0a90243c3a4ce10baa3833db63fbea0aa86f3efa88703bf93b,,
training/2025-05-28/objects_parts/89_obj10_tile_3189_1652.png,normal_val_loss,good,0,2025-05-28,normal:2025-05-28:89,normal:2025-05-28:89_obj10,67ff40517fd08cc62102b7f61b7bbb4194005d86c0183501dff7769b36120553,,
training/2025-05-28/objects_parts/94_obj10_tile_3384_1469.png,normal_val_loss,good,0,2025-05-28,normal:2025-05-28:94,normal:2025-05-28:94_obj10,a199aa6b484b1ac17797c31fea347ee1015ddc40bbc4e3b85377fdae39a17051,,
anomalies/objects_parts/2025-08-06_11-40-53_L0420_1_tile_1728_2304.png,test,anomalies,1,2025-08-06_11-40-53,anomaly:2025-08-06_11-40-53_L0420_1,anomaly:2025-08-06_11-40-53_L0420_1,3f5862d06ce56a6952789a7ea170071a88589dea5da6a2482e4d94ddd9aeb004,,
anomalies/objects_parts/2025-08-08_14-20-39_L0132_1_tile_1728_1152.png,test,anomalies,1,2025-08-08_14-20-39,anomaly:2025-08-08_14-20-39_L0132_1,anomaly:2025-08-08_14-20-39_L0132_1,bd87f7750a0a97c705427f748b3d66a06f9d34d00c445635bda9dd16fac9a999,,
anomalies/objects_parts/2025-08-08_14-20-39_L0132_1_tile_1728_1728.png,test,anomalies,1,2025-08-08_14-20-39,anomaly:2025-08-08_14-20-39_L0132_1,anomaly:2025-08-08_14-20-39_L0132_1,7b8cf6b5333848a139560ec70cd64adf015b39cbb64f83df4f08b8c8db98109e,,
anomalies/objects_parts/2025-08-08_14-20-39_L0132_1_tile_1728_2304.png,test,anomalies,1,2025-08-08_14-20-39,anomaly:2025-08-08_14-20-39_L0132_1,anomaly:2025-08-08_14-20-39_L0132_1,e9237ea857f2588eed40e79d37b044d5d1b261b4857c07898d26495d18956594,,
anomalies/objects_parts/2025-08-08_14-20-39_L0132_1_tile_1728_960.png,test,anomalies,1,2025-08-08_14-20-39,anomaly:2025-08-08_14-20-39_L0132_1,anomaly:2025-08-08_14-20-39_L0132_1,da8cd600a32065a72026eeccdbe32f97f68962bab4a587be901f8718f1a9f853,,
anomalies/objects_parts/2025-08-08_14-20-39_L0132_1_tile_1920_1152.png,test,anomalies,1,2025-08-08_14-20-39,anomaly:2025-08-08_14-20-39_L0132_1,anomaly:2025-08-08_14-20-39_L0132_1,0de9f09a0f7b8257257fae1961834291f819c30ca9925e42bf9def4e832125cd,,
anomalies/objects_parts/2025-08-08_14-20-39_L0132_1_tile_1920_1536.png,test,anomalies,1,2025-08-08_14-20-39,anomaly:2025-08-08_14-20-39_L0132_1,anomaly:2025-08-08_14-20-39_L0132_1,853eeeb268ff8b7044905bffddffb0ac5d84560cfc1803c9ec49d86efe70b2b2,,
anomalies/objects_parts/2025-08-08_14-20-39_L0132_1_tile_1920_2304.png,test,anomalies,1,2025-08-08_14-20-39,anomaly:2025-08-08_14-20-39_L0132_1,anomaly:2025-08-08_14-20-39_L0132_1,b5d7825db26d1475438d53eaee351e5c7282558815c81c1f6aed4c560779251f,,
anomalies/objects_parts/2025-08-08_14-20-39_L0132_1_tile_1920_2496.png,test,anomalies,1,2025-08-08_14-20-39,anomaly:2025-08-08_14-20-39_L0132_1,anomaly:2025-08-08_14-20-39_L0132_1,a6ccc095b9da091d98c5ffad844d7a4d541de95c90b79896dd8e83af02b16ff6,,
anomalies/objects_parts/2025-08-08_14-20-39_L0132_1_tile_1920_960.png,test,anomalies,1,2025-08-08_14-20-39,anomaly:2025-08-08_14-20-39_L0132_1,anomaly:2025-08-08_14-20-39_L0132_1,6ee350da56f708c8fb4f810ee9e3fd750aa6efae2684ab6d8cd8a3982b2e5cd6,,
anomalies/objects_parts/2025-08-08_14-20-39_L0132_1_tile_2304_1152.png,test,anomalies,1,2025-08-08_14-20-39,anomaly:2025-08-08_14-20-39_L0132_1,anomaly:2025-08-08_14-20-39_L0132_1,91dd65546611327d7000632a3ebe95aeee23bc5980ddc1bad645ff14a2d3925c,,
anomalies/objects_parts/2025-08-08_14-20-39_L0132_1_tile_2496_1152.png,test,anomalies,1,2025-08-08_14-20-39,anomaly:2025-08-08_14-20-39_L0132_1,anomaly:2025-08-08_14-20-39_L0132_1,9c3bb4628ba5cae9e8934cb4273dec5395eac3e71ca487d66b5a52e722126a91,,
anomalies/objects_parts/2025-08-08_14-20-39_L0132_1_tile_2496_1728.png,test,anomalies,1,2025-08-08_14-20-39,anomaly:2025-08-08_14-20-39_L0132_1,anomaly:2025-08-08_14-20-39_L0132_1,cccc22ad53056127750262280d6226cb2d1ba41a920c4bf31f6183a4ac1d1172,,
anomalies/objects_parts/2025-08-08_14-20-39_L0132_1_tile_2496_960.png,test,anomalies,1,2025-08-08_14-20-39,anomaly:2025-08-08_14-20-39_L0132_1,anomaly:2025-08-08_14-20-39_L0132_1,f60616022ded9fb05c83f2ae36e9fbb8682bc503a035aba06e0ca3d21625a63b,,
anomalies/objects_parts/2025-08-08_14-23-16_L0133_1_tile_1728_1536.png,test,anomalies,1,2025-08-08_14-23-16,anomaly:2025-08-08_14-23-16_L0133_1,anomaly:2025-08-08_14-23-16_L0133_1,1009f5aad3a6a603e23c34ba27df17d598aa3fd91d96b111950f71571b4c23a3,,
anomalies/objects_parts/2025-08-08_14-23-16_L0133_1_tile_1728_1728.png,test,anomalies,1,2025-08-08_14-23-16,anomaly:2025-08-08_14-23-16_L0133_1,anomaly:2025-08-08_14-23-16_L0133_1,3de50f8afaf6568d18abf9ab9de4fb9a45ae566987e075ea42a657d482386290,,
anomalies/objects_parts/2025-08-08_14-23-16_L0133_1_tile_1728_960.png,test,anomalies,1,2025-08-08_14-23-16,anomaly:2025-08-08_14-23-16_L0133_1,anomaly:2025-08-08_14-23-16_L0133_1,d5838f58fef1be61977e33fffda2164df04737c8960790077c403d4cb586530e,,
anomalies/objects_parts/2025-08-08_14-23-16_L0133_1_tile_1920_1152.png,test,anomalies,1,2025-08-08_14-23-16,anomaly:2025-08-08_14-23-16_L0133_1,anomaly:2025-08-08_14-23-16_L0133_1,e25800085030ca166006f9aaf1c3972b55f5fe38ec467696162a7d116c7299d5,,
anomalies/objects_parts/2025-08-08_14-23-16_L0133_1_tile_1920_1728.png,test,anomalies,1,2025-08-08_14-23-16,anomaly:2025-08-08_14-23-16_L0133_1,anomaly:2025-08-08_14-23-16_L0133_1,9e546861b293fda685b6458675a43762bcc4ef2fc6721ce4e783624868694bb9,,
anomalies/objects_parts/2025-08-08_14-23-16_L0133_1_tile_1920_960.png,test,anomalies,1,2025-08-08_14-23-16,anomaly:2025-08-08_14-23-16_L0133_1,anomaly:2025-08-08_14-23-16_L0133_1,93bc6dbec84ec075ca1e2b6aadaf535c49c7928d8c48e53be4aea3cd7a7a37a5,,
anomalies/objects_parts/2025-08-08_14-23-16_L0133_1_tile_2304_1152.png,test,anomalies,1,2025-08-08_14-23-16,anomaly:2025-08-08_14-23-16_L0133_1,anomaly:2025-08-08_14-23-16_L0133_1,7a90c1e34f9b63cfa02af5ae5c6f3f34b67145b23086486cbbc8c407d780af17,,
anomalies/objects_parts/2025-08-08_14-23-16_L0133_1_tile_2496_1152.png,test,anomalies,1,2025-08-08_14-23-16,anomaly:2025-08-08_14-23-16_L0133_1,anomaly:2025-08-08_14-23-16_L0133_1,32ab3abe31ff81ee64e995f37a0693dce00c8909711a125d9ffb47d89b32df23,,
anomalies/objects_parts/2025-08-08_14-23-16_L0133_1_tile_2496_1728.png,test,anomalies,1,2025-08-08_14-23-16,anomaly:2025-08-08_14-23-16_L0133_1,anomaly:2025-08-08_14-23-16_L0133_1,1e211d3a71909051770c97b428647134751e2edea6c1d48de95ea0c56529ad97,,
anomalies/objects_parts/2025-08-08_14-23-16_L0133_1_tile_2496_960.png,test,anomalies,1,2025-08-08_14-23-16,anomaly:2025-08-08_14-23-16_L0133_1,anomaly:2025-08-08_14-23-16_L0133_1,68a1f7e915c688e14ce5b1f938cbad80dc9742ccb9c39a339e29837ef895b0df,,
anomalies/objects_parts/2025-08-14_14-33-39_L0117_1_tile_2112_1152.png,test,anomalies,1,2025-08-14_14-33-39,anomaly:2025-08-14_14-33-39_L0117_1,anomaly:2025-08-14_14-33-39_L0117_1,5efe5d8a5a9ac3b4e5bb07f80a81bd1c7951e52ffae3c3b11aaac966b97da641,,
anomalies/objects_parts/2025-08-14_14-44-14_L0123_1_tile_1920_1152.png,test,anomalies,1,2025-08-14_14-44-14,anomaly:2025-08-14_14-44-14_L0123_1,anomaly:2025-08-14_14-44-14_L0123_1,ee973155de6db5d5a6dd2ae946b080e29996b7aacf449c1182aad0567e3fba80,,
anomalies/objects_parts/2025-08-14_14-44-14_L0123_1_tile_2112_1152.png,test,anomalies,1,2025-08-14_14-44-14,anomaly:2025-08-14_14-44-14_L0123_1,anomaly:2025-08-14_14-44-14_L0123_1,91d943a81b2c66d1ad36970479783ad87ca00c76706352c82f6386d0cf8bfd73,,
anomalies/objects_parts/2025-08-14_14-44-14_L0123_1_tile_2112_2304.png,test,anomalies,1,2025-08-14_14-44-14,anomaly:2025-08-14_14-44-14_L0123_1,anomaly:2025-08-14_14-44-14_L0123_1,3c2e58b326187c2efa185d13442f09e25a9ee982ca71bcb1d81427c92c4bfdf6,,
anomalies/objects_parts/2025-08-14_14-44-14_L0123_1_tile_2112_960.png,test,anomalies,1,2025-08-14_14-44-14,anomaly:2025-08-14_14-44-14_L0123_1,anomaly:2025-08-14_14-44-14_L0123_1,47b7c0a3b7215196919d6f6e441e64f2f43e03dec0678d6e356d874908a3f27b,,
anomalies/objects_parts/2025-08-14_14-44-14_L0123_1_tile_2304_1728.png,test,anomalies,1,2025-08-14_14-44-14,anomaly:2025-08-14_14-44-14_L0123_1,anomaly:2025-08-14_14-44-14_L0123_1,056e705abcb75a3e1cc3e6b5742679b2d9ee7f8b0b73f9bdfbc95228c61ab542,,
anomalies/objects_parts/2025-08-14_14-44-14_L0123_1_tile_2496_1728.png,test,anomalies,1,2025-08-14_14-44-14,anomaly:2025-08-14_14-44-14_L0123_1,anomaly:2025-08-14_14-44-14_L0123_1,de9262e5823a26d4114d74b5bcf14b1ec4e7a2422e7fe5c0d06eb0575ae0a1f0,,
anomalies/objects_parts/2025-08-14_14-44-14_L0123_1_tile_2496_1920.png,test,anomalies,1,2025-08-14_14-44-14,anomaly:2025-08-14_14-44-14_L0123_1,anomaly:2025-08-14_14-44-14_L0123_1,4057b46639d230f086995e0c82443e5a32946019f5fa0142eee51dc2749347fb,,
anomalies/objects_parts/2025-08-14_14-44-14_L0123_1_tile_3072_1152.png,test,anomalies,1,2025-08-14_14-44-14,anomaly:2025-08-14_14-44-14_L0123_1,anomaly:2025-08-14_14-44-14_L0123_1,1fa37becc6512483460ed12089e83f42ec318eec9b0c2098f2d59b753b6ad80c,,
anomalies/objects_parts/2025-08-14_14-44-14_L0123_1_tile_3072_960.png,test,anomalies,1,2025-08-14_14-44-14,anomaly:2025-08-14_14-44-14_L0123_1,anomaly:2025-08-14_14-44-14_L0123_1,275ef32eb77ef7a4619a6bd83e19782140128f4051ce7b7d466937b71e6f0200,,
anomalies/objects_parts/2025-08-14_14-44-14_L0123_1_tile_3264_960.png,test,anomalies,1,2025-08-14_14-44-14,anomaly:2025-08-14_14-44-14_L0123_1,anomaly:2025-08-14_14-44-14_L0123_1,3961d95e3c19c6f679d669b725e79c1ac5577f4aa94373b795295071fef3d1bc,,
anomalies/objects_parts/2025-09-10_15-37-12_L0130_1_tile_2496_1728.png,test,anomalies,1,2025-09-10_15-37-12,anomaly:2025-09-10_15-37-12_L0130_1,anomaly:2025-09-10_15-37-12_L0130_1,39cbfdc9168d4c1720f8520f89369afa19fe4e8d8b015210a4845c9dff9416ee,,
anomalies/objects_parts/2025-09-10_15-37-12_L0130_1_tile_2688_1536.png,test,anomalies,1,2025-09-10_15-37-12,anomaly:2025-09-10_15-37-12_L0130_1,anomaly:2025-09-10_15-37-12_L0130_1,b1cc6dcace84fa87260665d3d62c5e5ca421aa2bc47d04a4003efe3a52329d52,,
anomalies/objects_parts/2025-09-10_15-37-12_L0130_1_tile_2688_1728.png,test,anomalies,1,2025-09-10_15-37-12,anomaly:2025-09-10_15-37-12_L0130_1,anomaly:2025-09-10_15-37-12_L0130_1,9a19a94328c303940759689f0cad159e9a01ffa041fe639960935e91bd486c03,,
anomalies/objects_parts/2025-09-24_15-17-17_L0105_1_tile_1728_960.png,test,anomalies,1,2025-09-24_15-17-17,anomaly:2025-09-24_15-17-17_L0105_1,anomaly:2025-09-24_15-17-17_L0105_1,1dfab1b355f87d1a99f8e4b903761c90d396de35e9c317993f38f2457c268e1c,,
anomalies/objects_parts/2025-09-24_15-17-17_L0105_1_tile_1920_1536.png,test,anomalies,1,2025-09-24_15-17-17,anomaly:2025-09-24_15-17-17_L0105_1,anomaly:2025-09-24_15-17-17_L0105_1,f3e0be15fb7810e81bbc87dabbe3f0d0a5451cf25b0baa287ddcf7398d5fcf75,,
anomalies/objects_parts/2025-09-24_15-17-17_L0105_1_tile_1920_960.png,test,anomalies,1,2025-09-24_15-17-17,anomaly:2025-09-24_15-17-17_L0105_1,anomaly:2025-09-24_15-17-17_L0105_1,1e9d77ab39969c1bc36058d037988718360449bd4f4958e43cbd667afafc6c69,,
anomalies/objects_parts/2025-09-24_15-17-17_L0105_1_tile_2112_960.png,test,anomalies,1,2025-09-24_15-17-17,anomaly:2025-09-24_15-17-17_L0105_1,anomaly:2025-09-24_15-17-17_L0105_1,c8a1bdca2569e5bacfe93f63fa5a24590684a9128ca3f001bf04eb275947f4a2,,
anomalies/objects_parts/2025-09-24_15-17-17_L0105_1_tile_2496_960.png,test,anomalies,1,2025-09-24_15-17-17,anomaly:2025-09-24_15-17-17_L0105_1,anomaly:2025-09-24_15-17-17_L0105_1,64e3948f6eef0f6a36b77a63650a95fd66881deebd922c43ae5f6fd990062653,,
anomalies/objects_parts/2025-09-24_15-17-17_L0105_1_tile_2688_960.png,test,anomalies,1,2025-09-24_15-17-17,anomaly:2025-09-24_15-17-17_L0105_1,anomaly:2025-09-24_15-17-17_L0105_1,69152ee7c2a65e25879ae62e938fcb855d09601e5084a92623a3c7c0b45a5b67,,
anomalies/objects_parts/2025-09-24_15-17-17_L0105_1_tile_2880_2304.png,test,anomalies,1,2025-09-24_15-17-17,anomaly:2025-09-24_15-17-17_L0105_1,anomaly:2025-09-24_15-17-17_L0105_1,47400dc67c8c8ab271c056d32f9794792857b200801a9cc8acb99093be31b2ee,,
training/2025-02-07_test/objects_parts/344_obj24_centered.png,test,good,0,2025-02-07_test,normal:2025-02-07_test:344,normal:2025-02-07_test:344_obj24,dc5103ddcf540856f02e4c496fc3f37a2de15fae4c0a3ce7a5c81cd52c695061,,
training/2025-02-07_test/objects_parts/344_obj48_centered.png,test,good,0,2025-02-07_test,normal:2025-02-07_test:344,normal:2025-02-07_test:344_obj48,040db2818617418084f858264dd8ceca0f8fd7593df583db0a4b59af458084f7,,
training/2025-02-07_test/objects_parts/60_obj16_centered.png,test,good,0,2025-02-07_test,normal:2025-02-07_test:60,normal:2025-02-07_test:60_obj16,00a04de385695954371901229e62611853801c7cd786a01cb2d70afb7ce5687a,,
training/2025-02-07_test/objects_parts/60_obj19_centered.png,test,good,0,2025-02-07_test,normal:2025-02-07_test:60,normal:2025-02-07_test:60_obj19,09e331a8dd386a43c8261f7cfe51474571fbd5a514a64c0aeb1870e158aab4e7,,
training/2025-02-07_test/objects_parts/60_obj32_centered.png,test,good,0,2025-02-07_test,normal:2025-02-07_test:60,normal:2025-02-07_test:60_obj32,803d0ec6483592b33a1848aa75f88ba95278dda095232a3098351a039d076971,,
training/2025-02-07_test/objects_parts/60_obj40_centered.png,test,good,0,2025-02-07_test,normal:2025-02-07_test:60,normal:2025-02-07_test:60_obj40,5ccc1be1917ef5d5d22ac4842278eccdfc247bbed93ac1fc58a622350314f164,,
training/2025-02-07_test/objects_parts/60_obj59_centered.png,test,good,0,2025-02-07_test,normal:2025-02-07_test:60,normal:2025-02-07_test:60_obj59,d42fafc2a5e13a2510faed98ee24afada4c003b1b19aa364c83ca89a93c92a95,,
training/2025-02-07_test/objects_parts/60_obj8_centered.png,test,good,0,2025-02-07_test,normal:2025-02-07_test:60,normal:2025-02-07_test:60_obj8,95f84227b3884221a34372d120856a4544f5419d706a03603d20d1469b4eeb1e,,
training/2025-06-25_test/objects_parts/119_obj11_tile_3448_1704.png,test,good,0,2025-06-25_test,normal:2025-06-25_test:119,normal:2025-06-25_test:119_obj11,827157c2477ae580ee00b5595e3714503ea411d8f8e14948ea66781923294cd1,,
training/2025-06-25_test/objects_parts/119_obj13_tile_2169_872.png,test,good,0,2025-06-25_test,normal:2025-06-25_test:119,normal:2025-06-25_test:119_obj13,539a46e23ccc66fa9249e10ab703abad0dac89ab4452adfdb69f09125073b641,,
training/2025-06-25_test/objects_parts/119_obj15_tile_2809_1255.png,test,good,0,2025-06-25_test,normal:2025-06-25_test:119,normal:2025-06-25_test:119_obj15,4be6767a007d1f8308489eeebe5aa5af40b3a6a41e4441dc799669b636854040,,
training/2025-06-25_test/objects_parts/119_obj1_tile_2176_2538.png,test,good,0,2025-06-25_test,normal:2025-06-25_test:119,normal:2025-06-25_test:119_obj1,7571deecb07a53a39dc31db4960f1799b43fdb88bdf9b8102c4d3f7269648f57,,
training/2025-06-25_test/objects_parts/119_obj3_tile_2809_2153.png,test,good,0,2025-06-25_test,normal:2025-06-25_test:119,normal:2025-06-25_test:119_obj3,e3dd403e6fa6b0db108165de899a6fac058705586286085e8ae2cbb68fea8078,,
training/2025-06-25_test/objects_parts/119_obj5_tile_3256_2154.png,test,good,0,2025-06-25_test,normal:2025-06-25_test:119,normal:2025-06-25_test:119_obj5,7cb05db73345805e4725f1a37467cae47fe6a16fe0452c964509934685554a1e,,
training/2025-06-25_test/objects_parts/119_obj9_tile_2425_1512.png,test,good,0,2025-06-25_test,normal:2025-06-25_test:119,normal:2025-06-25_test:119_obj9,9dcbe2ca32184b4daf17caba7e2d1e8e2fce0ef6e0fb5443aca2ab9e19f88e31,,
training/2025-06-25_test/objects_parts/120_obj11_tile_3448_1896.png,test,good,0,2025-06-25_test,normal:2025-06-25_test:120,normal:2025-06-25_test:120_obj11,8928457a06da027b32847953f9fd42da8bcbf907bfae804a31fa6e0d59656f46,,
training/2025-06-25_test/objects_parts/120_obj13_tile_1976_1063.png,test,good,0,2025-06-25_test,normal:2025-06-25_test:120,normal:2025-06-25_test:120_obj13,beffa0bfb6352e2a03572d9c95fb59844d0285687e252509e54ff90ee3feb50e,,
training/2025-06-25_test/objects_parts/120_obj1_tile_2176_2538.png,test,good,0,2025-06-25_test,normal:2025-06-25_test:120,normal:2025-06-25_test:120_obj1,70e448e7c51a5c3f897300edf4928cf45087fcf315e09cc9c79aae0e7f6c5494,,
training/2025-06-25_test/objects_parts/120_obj3_tile_2617_2153.png,test,good,0,2025-06-25_test,normal:2025-06-25_test:120,normal:2025-06-25_test:120_obj3,00d1ee289c5b4b1a1ddaacf64f4a29266755857a2518f4ecc86f1de64db603cb,,
training/2025-06-25_test/objects_parts/120_obj5_tile_3065_2537.png,test,good,0,2025-06-25_test,normal:2025-06-25_test:120,normal:2025-06-25_test:120_obj5,7575e0a5844f11686b13d0af0ff21ad6abb363683c67df7c5e133d2e3df3ac40,,
training/2025-06-25_test/objects_parts/120_obj7_tile_1785_1513.png,test,good,0,2025-06-25_test,normal:2025-06-25_test:120,normal:2025-06-25_test:120_obj7,1f22916aa46ac3220ddfd209a12e71e8d10889403ea5f614bf5ccba2ce2c7cd4,,
training/2025-06-25_test/objects_parts/120_obj9_tile_2425_1512.png,test,good,0,2025-06-25_test,normal:2025-06-25_test:120,normal:2025-06-25_test:120_obj9,02e69af21c24aad8d750b0435f49a6d7d697432235dbed685d7568678d5d135b,,
training/2025-06-25_test/objects_parts/141_obj13_tile_1770_880.png,test,good,0,2025-06-25_test,normal:2025-06-25_test:141,normal:2025-06-25_test:141_obj13,bbd6d3b43e3a35e42230973347b819fc0ec48361d53b3f9144c314a5d45995b8,,
training/2025-06-25_test/objects_parts/141_obj15_tile_2601_881.png,test,good,0,2025-06-25_test,normal:2025-06-25_test:141,normal:2025-06-25_test:141_obj15,d86fc58e8d87240be4818e3e8f58fa9c9e8bc842fc988294c122606bec6758b7,,
training/2025-06-25_test/objects_parts/141_obj17_tile_3046_1073.png,test,good,0,2025-06-25_test,normal:2025-06-25_test:141,normal:2025-06-25_test:141_obj17,eaa0b18a24f0130ee6c2dc848f3399af25e15399137a6938c66c226e838a64d5,,
training/2025-06-25_test/objects_parts/141_obj5_tile_3046_2163.png,test,good,0,2025-06-25_test,normal:2025-06-25_test:141,normal:2025-06-25_test:141_obj5,72afe021b9312c76b1b63234e0da7fea4ed5caf7332a2553fff77895a39b081a,,
training/2025-06-25_test/objects_parts/141_obj7_tile_1768_1905.png,test,good,0,2025-06-25_test,normal:2025-06-25_test:141,normal:2025-06-25_test:141_obj7,903c56be29815e8a2413380c3f201960924559f59ea2966db15f38f3e8e54006,,
training/2025-06-25_test/objects_parts/141_obj9_tile_2794_1714.png,test,good,0,2025-06-25_test,normal:2025-06-25_test:141,normal:2025-06-25_test:141_obj9,5415383c9a1c20fd9a4eac3e6db13e97c15c3089e3e22de172ebbe2e2f99552c,,
training/2025-06-25_test/objects_parts/143_obj13_tile_1769_880.png,test,good,0,2025-06-25_test,normal:2025-06-25_test:143,normal:2025-06-25_test:143_obj13,4941a9d775eca03e987c8728258e1f92e7a0bb4d687be5e4a6bb04b6c321e2a7,,
training/2025-06-25_test/objects_parts/143_obj15_tile_2792_1265.png,test,good,0,2025-06-25_test,normal:2025-06-25_test:143,normal:2025-06-25_test:143_obj15,c2913d99fb6704caff5e59bd707cbcf192bd5277e98b0b074e445e32bb1c5965,,
training/2025-06-25_test/objects_parts/143_obj17_tile_3045_1265.png,test,good,0,2025-06-25_test,normal:2025-06-25_test:143,normal:2025-06-25_test:143_obj17,fe7c999e3fd81aceaba1c8b4b2f100ecef943f93a2d13ca6e6a669ed520304c5,,
training/2025-06-25_test/objects_parts/143_obj3_tile_2599_2163.png,test,good,0,2025-06-25_test,normal:2025-06-25_test:143,normal:2025-06-25_test:143_obj3,501acad3f761cb812f380b44fb826541b7197c1bb418a3697167aa45f5fa53cc,,
training/2025-06-25_test/objects_parts/143_obj5_tile_3237_2547.png,test,good,0,2025-06-25_test,normal:2025-06-25_test:143,normal:2025-06-25_test:143_obj5,ab1184aefbef61739844f8f7d9c35df736f4bf14656bb37d31679c65dcec07c6,,
training/2025-06-25_test/objects_parts/143_obj9_tile_2600_1521.png,test,good,0,2025-06-25_test,normal:2025-06-25_test:143,normal:2025-06-25_test:143_obj9,f53864057d99d7718afbe03efdc8923bf6aa16bef93e4cc7042a5164ba7c80c9,,
training/2025-06-25_test/objects_parts/230_obj10_tile_2406_1714.png,test,good,0,2025-06-25_test,normal:2025-06-25_test:230,normal:2025-06-25_test:230_obj10,88ace9a3be19ce47f7593d9da9802b48104dcedcad0fbd42770ec2f58e74d8f8,,
training/2025-06-25_test/objects_parts/230_obj14_tile_2150_880.png,test,good,0,2025-06-25_test,normal:2025-06-25_test:230,normal:2025-06-25_test:230_obj14,22620a784ab17ea1bd44529e399b83b6198a4527ce6303a93b4c2f8af3dd59e3,,
training/2025-06-25_test/objects_parts/230_obj18_tile_3235_1264.png,test,good,0,2025-06-25_test,normal:2025-06-25_test:230,normal:2025-06-25_test:230_obj18,3750cecd4edb670d341ab5f5ba766864aa78673f2c8e677a621893249651e086,,
training/2025-06-25_test/objects_parts/230_obj2_tile_1962_2549.png,test,good,0,2025-06-25_test,normal:2025-06-25_test:230,normal:2025-06-25_test:230_obj2,4abaa754030d087a35f866f6a617a024fb9c1cba6cbd8ed2174a2ed08ca11e5e,,
training/2025-06-25_test/objects_parts/230_obj4_tile_2596_2548.png,test,good,0,2025-06-25_test,normal:2025-06-25_test:230,normal:2025-06-25_test:230_obj4,c78bd302372a8778d9fd79ebb1beb2000ff0558b7277be5ef2c480f572ac4213,,
training/2025-06-25_test/objects_parts/230_obj6_tile_3044_2163.png,test,good,0,2025-06-25_test,normal:2025-06-25_test:230,normal:2025-06-25_test:230_obj6,729b1ec24af9a06481c837b0aa917118ff7b1dc4635e87a0e6bbc3df53369a6a,,
training/2025-06-25_test/objects_parts/32_obj11_tile_3065_1705.png,test,good,0,2025-06-25_test,normal:2025-06-25_test:32,normal:2025-06-25_test:32_obj11,39c9f1af0241ec92c2e04d6a8ee38c867df865ed64bfbc3d0f03dbb5ab5ccbda,,
training/2025-06-25_test/objects_parts/32_obj13_tile_1978_1256.png,test,good,0,2025-06-25_test,normal:2025-06-25_test:32,normal:2025-06-25_test:32_obj13,38c357c5d8e8e8ec7390f7ce4c182dbe3d327c7098fc3fb0ce825569842359eb,,
training/2025-06-25_test/objects_parts/32_obj17_tile_3066_1063.png,test,good,0,2025-06-25_test,normal:2025-06-25_test:32,normal:2025-06-25_test:32_obj17,d5aa9d63c564093a4711c24bb1820f41bea39a528ca42205eb3fdd10dc7feab3,,
training/2025-06-25_test/objects_parts/32_obj1_tile_2177_2347.png,test,good,0,2025-06-25_test,normal:2025-06-25_test:32,normal:2025-06-25_test:32_obj1,0a1b471db07c9464ca9713f0de74d9442907270f1ffa20ccc03f354bf5ee2d9d,,
training/2025-06-25_test/objects_parts/32_obj3_tile_2427_2155.png,test,good,0,2025-06-25_test,normal:2025-06-25_test:32,normal:2025-06-25_test:32_obj3,8ae7d1508c0eb84fa4d2933f71bb1c69e61a6f3fb58bb13c7291b98acc924f39,,
training/2025-06-25_test/objects_parts/32_obj7_tile_1786_1514.png,test,good,0,2025-06-25_test,normal:2025-06-25_test:32,normal:2025-06-25_test:32_obj7,26040c936731c84c53c10a9f9f90f23d090d828159c7b9e658de08ce0b14bf5d,,
training/2025-06-25_test/objects_parts/32_obj9_tile_2426_1513.png,test,good,0,2025-06-25_test,normal:2025-06-25_test:32,normal:2025-06-25_test:32_obj9,3fdea090c144fbffc2c5efa655aeac7af0680ebc9ef5baf9b6cdc98057a87efc,,
training/2025-06-25_test/objects_parts/60_obj11_tile_3065_1514.png,test,good,0,2025-06-25_test,normal:2025-06-25_test:60,normal:2025-06-25_test:60_obj11,a76ffea2e6f2e41684deece5e69d83834f5dbf4de9b9721f8f4ddc34920f2d60,,
training/2025-06-25_test/objects_parts/60_obj15_tile_2426_872.png,test,good,0,2025-06-25_test,normal:2025-06-25_test:60,normal:2025-06-25_test:60_obj15,c9ef568d64a4c117c2358a9fe4c6377098299fe90ca4f5aace780d52fe211ef0,,
training/2025-06-25_test/objects_parts/60_obj17_tile_3450_1063.png,test,good,0,2025-06-25_test,normal:2025-06-25_test:60,normal:2025-06-25_test:60_obj17,8fc5b2e223b4ec87311c2d6a2ad913443adb2f4e2d711b4aac37d48409c766f9,,
training/2025-06-25_test/objects_parts/60_obj5_tile_3449_2347.png,test,good,0,2025-06-25_test,normal:2025-06-25_test:60,normal:2025-06-25_test:60_obj5,d590b9aaa8f58830837f4877236be9bfb977939f4b135c6cd48345bf0d51d9f6,,
training/2025-06-25_test/objects_parts/60_obj7_tile_2169_1898.png,test,good,0,2025-06-25_test,normal:2025-06-25_test:60,normal:2025-06-25_test:60_obj7,18a5b402c9f900f3e38d461e96fa0368e796fff3d8fe539834cb5032d553598c,,
training/2025-06-25_test/objects_parts/60_obj9_tile_2809_1706.png,test,good,0,2025-06-25_test,normal:2025-06-25_test:60,normal:2025-06-25_test:60_obj9,8caa69c07cc383f13d65904c4d9bbd731838f36eb479008d09e91a13c9bfc549,,
training/2024-12-16/objects_parts/105_obj1_tile_2891_1359.png,train,good,0,2024-12-16,normal:2024-12-16:105,normal:2024-12-16:105_obj1,970ac3a8b7f54f0396a17ced9d034398a98874df994143052a2eb1d8a758f670,211,1113
training/2024-12-16/objects_parts/105_obj1_tile_2891_1551.png,train,good,0,2024-12-16,normal:2024-12-16:105,normal:2024-12-16:105_obj1,457d45f0cb0a0ec93f9f83e51e5acb6f111244881658288b54d4f41e9d2533b7,63,318
training/2024-12-16/objects_parts/105_obj1_tile_2891_1743.png,train,good,0,2024-12-16,normal:2024-12-16:105,normal:2024-12-16:105_obj1,fecc8b1c9b5d54fc6dd58c728a77dcbb50be1d8e2aee4f8841bfe59fa05ac1c1,141,886
training/2024-12-16/objects_parts/105_obj2_tile_1863_1048.png,train,good,0,2024-12-16,normal:2024-12-16:105,normal:2024-12-16:105_obj2,8c33c3975d14cada1b029e5f21b802fe649e2d576a70e9ed3d88224c8dd2538a,3,469
training/2024-12-16/objects_parts/105_obj2_tile_1863_1240.png,train,good,0,2024-12-16,normal:2024-12-16:105,normal:2024-12-16:105_obj2,e29239ddc244005205720974a492e78d1efc8e700ad7d41a8578f6982dcb5e03,231,1349
training/2024-12-16/objects_parts/105_obj2_tile_2055_1048.png,train,good,0,2024-12-16,normal:2024-12-16:105,normal:2024-12-16:105_obj2,79bb19d7231a239d6ac63d9def22d7013e402d7a1130834d097274252bffbecc,165,1155
training/2024-12-16/objects_parts/105_obj2_tile_2055_1240.png,train,good,0,2024-12-16,normal:2024-12-16:105,normal:2024-12-16:105_obj2,da5995bc75a9465034771caa306b3e61ae1427abbc7de8643d074e9f91b8cc0d,87,937
training/2024-12-16/objects_parts/105_obj3_tile_2707_2239.png,train,good,0,2024-12-16,normal:2024-12-16:105,normal:2024-12-16:105_obj3,53048dc7b5274b6ac58aec378fed04649e265a5d462ebed02778ebf12e70546a,81,732
training/2024-12-16/objects_parts/105_obj3_tile_2707_2431.png,train,good,0,2024-12-16,normal:2024-12-16:105,normal:2024-12-16:105_obj3,a94e854dd1be3b1bfe9faf69b68fab5664e520913d24c329f9242009f5a08055,159,1016
training/2024-12-16/objects_parts/105_obj3_tile_2899_2239.png,train,good,0,2024-12-16,normal:2024-12-16:105,normal:2024-12-16:105_obj3,f01a608107bee507311f3e14dca3136ab0622620124d346068006819e12d066c,279,1409
training/2024-12-16/objects_parts/105_obj3_tile_2899_2431.png,train,good,0,2024-12-16,normal:2024-12-16:105,normal:2024-12-16:105_obj3,01e2f8fc1bdca1d7574c6f06cbcd2badb11b7e9b701dba5b234526995f6d008d,226,1217
training/2024-12-16/objects_parts/105_obj6_tile_3025_1130.png,train,good,0,2024-12-16,normal:2024-12-16:105,normal:2024-12-16:105_obj6,5bafedc6302eeac03339d797c300634c54f07cb7016be5ebdf8dbaf080ebb175,176,1086
training/2024-12-16/objects_parts/105_obj6_tile_3025_938.png,train,good,0,2024-12-16,normal:2024-12-16:105,normal:2024-12-16:105_obj6,11a936b17f919642c69c519513799228c29d6f39514f4ed4f7bbefc14609fda6,287,1433
training/2024-12-16/objects_parts/105_obj6_tile_3217_1130.png,train,good,0,2024-12-16,normal:2024-12-16:105,normal:2024-12-16:105_obj6,201eca0ab91e675292b4c8384776b4e2ec1a8b028b6e7d2b4a6f7f0f002179e2,99,857
training/2024-12-16/objects_parts/105_obj6_tile_3217_938.png,train,good,0,2024-12-16,normal:2024-12-16:105,normal:2024-12-16:105_obj6,3f2acf20c7976525f1cd01c1739898c9c9fd414ef82cdcb400ba666fa093bb67,241,1284
training/2024-12-16/objects_parts/105_obj6_tile_3409_1130.png,train,good,0,2024-12-16,normal:2024-12-16:105,normal:2024-12-16:105_obj6,4fa62afe1fbcc371aeac922e558189be410dc12f65dc6551d713665a88f0d6b9,311,1464
training/2024-12-16/objects_parts/105_obj6_tile_3409_938.png,train,good,0,2024-12-16,normal:2024-12-16:105,normal:2024-12-16:105_obj6,27a4c368070f967e7eb2962ca2826290e8aed34214246c01881d830cd6e82130,15,195
training/2024-12-16/objects_parts/156_obj3_tile_2707_2240.png,train,good,0,2024-12-16,normal:2024-12-16:156,normal:2024-12-16:156_obj3,dc6b16c2d8062c1765a28b1e934e7bb6cf07411f812a4f67ef614673d5f504f5,105,917
training/2024-12-16/objects_parts/156_obj3_tile_2707_2432.png,train,good,0,2024-12-16,normal:2024-12-16:156,normal:2024-12-16:156_obj3,7586e3902ecd362960eee66e883f95db5f441e71bbb45dfb29c0b47f6a810edb,246,1332
training/2024-12-16/objects_parts/156_obj3_tile_2899_2240.png,train,good,0,2024-12-16,normal:2024-12-16:156,normal:2024-12-16:156_obj3,962a3e400526a7fd5ac89966b5c9b8f9eff205ef496d127424eafbf9be819fae,21,420
training/2024-12-16/objects_parts/156_obj3_tile_2899_2432.png,train,good,0,2024-12-16,normal:2024-12-16:156,normal:2024-12-16:156_obj3,0c0430221dce681e9679ea57f0bf10294947c9cfc16171ea8b98dd92ef89a3b9,181,1137
training/2024-12-16/objects_parts/156_obj6_tile_3059_1150.png,train,good,0,2024-12-16,normal:2024-12-16:156,normal:2024-12-16:156_obj6,1bc7ffd980666793ea4df3925989402f80c41c6e2d366aee21ec25a657e4e782,196,1205
training/2024-12-16/objects_parts/156_obj6_tile_3059_958.png,train,good,0,2024-12-16,normal:2024-12-16:156,normal:2024-12-16:156_obj6,088305f8ee5215cceae8cd62f487e7492fe65d5bd2c5defbc3d8a85b15b3420b,259,1397
training/2024-12-16/objects_parts/156_obj6_tile_3251_1150.png,train,good,0,2024-12-16,normal:2024-12-16:156,normal:2024-12-16:156_obj6,c7efe97c3b9eea37551c3a0d1aa483e2df823f63af91e727f5c1b273f7f31a8f,123,1002
training/2024-12-16/objects_parts/156_obj6_tile_3251_958.png,train,good,0,2024-12-16,normal:2024-12-16:156,normal:2024-12-16:156_obj6,040c554087f3600132cb9836bec663becb194b2ade113092d0fffb21158421c8,45,686
training/2024-12-16/objects_parts/156_obj6_tile_3443_1150.png,train,good,0,2024-12-16,normal:2024-12-16:156,normal:2024-12-16:156_obj6,13d2d974feae4089774a7906f4d2f204fc0d96df2100a938bd0761b3323bca73,295,1455
training/2024-12-16/objects_parts/183_obj3_tile_2716_2250.png,train,good,0,2024-12-16,normal:2024-12-16:183,normal:2024-12-16:183_obj3,194a2bfe8e9a2d7c327ed38fdb7d407769da31ddb8053c4cad25bd0e1aa0d2ee,51,170
training/2024-12-16/objects_parts/183_obj3_tile_2716_2442.png,train,good,0,2024-12-16,normal:2024-12-16:183,normal:2024-12-16:183_obj3,e1d639d9627227213b8c3aac857f92f5aeb121459efde7cade6ed20aee7d762b,129,849
training/2024-12-16/objects_parts/183_obj3_tile_2908_2250.png,train,good,0,2024-12-16,normal:2024-12-16:183,normal:2024-12-16:183_obj3,74b2092f28462cd22ac57d2a9f0cfd6be075202c9141b11d6800ac6141ecfc7a,201,1079
training/2024-12-16/objects_parts/183_obj3_tile_2908_2442.png,train,good,0,2024-12-16,normal:2024-12-16:183,normal:2024-12-16:183_obj3,b6bf46569b8acc66efcded44fb8e1b3aa36439aa1dc63d2af4d7555d0736cf56,263,1277
training/2024-12-16/objects_parts/61_obj3_centered.png,train,good,0,2024-12-16,normal:2024-12-16:61,normal:2024-12-16:61_obj3,8f163d1b4178a6e634b55d45f83eb193058d70ae50ed37813bb8d5fd860be9e5,27,764
training/2024-12-16/objects_parts/61_obj5_tile_1840_2136.png,train,good,0,2024-12-16,normal:2024-12-16:61,normal:2024-12-16:61_obj5,8ddc6a027ca452fabb413363eb1a26765fba0a31e3dc10abfbb40bd5f5649d17,135,802
training/2024-12-16/objects_parts/61_obj5_tile_2032_1944.png,train,good,0,2024-12-16,normal:2024-12-16:61,normal:2024-12-16:61_obj5,0fa5a23779c1cf77643f44113fcf230d60958793251fc4a95565c9f46ba545a3,206,1042
training/2024-12-16/objects_parts/61_obj5_tile_2032_2136.png,train,good,0,2024-12-16,normal:2024-12-16:61,normal:2024-12-16:61_obj5,248407ef14026d0f2b076a3407ced3b4b3f28ebfcd8bc834b2818c0639ff9967,57,3
training/2024-12-16/objects_parts/61_obj5_tile_2032_2328.png,train,good,0,2024-12-16,normal:2024-12-16:61,normal:2024-12-16:61_obj5,fc0445c53f9b6fef5ab42c972091888ec1fb5d97c9625cd9f9f4d519b5aa7132,299,1428
training/2024-12-16/objects_parts/61_obj5_tile_2224_2136.png,train,good,0,2024-12-16,normal:2024-12-16:61,normal:2024-12-16:61_obj5,23b9edf90db77ce5708e62e94069450a2c635c99d8b71805abdd0ec435cfba21,267,1240
training/2024-12-16/objects_parts/61_obj6_tile_3046_1135.png,train,good,0,2024-12-16,normal:2024-12-16:61,normal:2024-12-16:61_obj6,c4466909fea5908b085ad5a1ad17a6475fceebe99cad66a0fd235691fbfff82f,9,197
training/2024-12-16/objects_parts/61_obj6_tile_3046_943.png,train,good,0,2024-12-16,normal:2024-12-16:61,normal:2024-12-16:61_obj6,685adcd544bfd11d802fd4ac779a439246d9d0cd6d83cd259c7446ddd7a45510,307,1465
training/2024-12-16/objects_parts/61_obj6_tile_3238_1135.png,train,good,0,2024-12-16,normal:2024-12-16:61,normal:2024-12-16:61_obj6,8b481d79898f46e077a883973b977ea0cbabea4b11fcb32420f5f312dd161dc9,171,1087
training/2024-12-16/objects_parts/61_obj6_tile_3238_943.png,train,good,0,2024-12-16,normal:2024-12-16:61,normal:2024-12-16:61_obj6,b7e1443318934da15446f7dbc50e6b1ca9d494094357f04b1935584a91aaabb1,236,1285
training/2024-12-16/objects_parts/61_obj6_tile_3430_1135.png,train,good,0,2024-12-16,normal:2024-12-16:61,normal:2024-12-16:61_obj6,68bee95f11b240d3a9dde1e265235564c0f3929ea1fa4877ea0e38fcaed18303,93,858
training/2024-12-16/objects_parts/61_obj6_tile_3430_943.png,train,good,0,2024-12-16,normal:2024-12-16:61,normal:2024-12-16:61_obj6,eaae2c650cc0c714024332cb1756468c6687d8cd8462f241a19054e7da3662a0,283,1434
training/2024-12-16/objects_parts/78_obj2_tile_1864_1047.png,train,good,0,2024-12-16,normal:2024-12-16:78,normal:2024-12-16:78_obj2,b45ec768bd524a991f0c0407d2e4a7f0b400731d02d901b13a294ef1f4a4394f,221,1234
training/2024-12-16/objects_parts/78_obj2_tile_1864_1239.png,train,good,0,2024-12-16,normal:2024-12-16:78,normal:2024-12-16:78_obj2,6f781d61daaf40f289910721933a76e950f266225e585dd0b2dd3b45295a65ec,153,1036
training/2024-12-16/objects_parts/78_obj2_tile_2056_1047.png,train,good,0,2024-12-16,normal:2024-12-16:78,normal:2024-12-16:78_obj2,d4b8915b4ba09c701fdfbcd25b8744cb3becfdbb071d395478014ab54f184458,275,1423
training/2024-12-16/objects_parts/78_obj2_tile_2056_1239.png,train,good,0,2024-12-16,normal:2024-12-16:78,normal:2024-12-16:78_obj2,b5bb63ec6ee24efc3b8f5a0c2d60ac429a6e853858c630d835cc15ad885db862,75,778
training/2024-12-16/objects_parts/78_obj3_tile_2715_2249.png,train,good,0,2024-12-16,normal:2024-12-16:78,normal:2024-12-16:78_obj3,9d2aec0719b39c213e7c29fde893c00ad584f914bd29bb6b3d15a788c758eaee,111,801
training/2024-12-16/objects_parts/78_obj3_tile_2715_2441.png,train,good,0,2024-12-16,normal:2024-12-16:78,normal:2024-12-16:78_obj3,57636cbfd4b24be97a09030c4a4e7f3adb9c2ec6353cc6f571ffc4148fa25b4a,251,1239
training/2024-12-16/objects_parts/78_obj3_tile_2907_2249.png,train,good,0,2024-12-16,normal:2024-12-16:78,normal:2024-12-16:78_obj3,c0f3f4e005537b8a11438bc6d05a2122bf181188257d326c710fde6c9c56daf1,33,1
training/2024-12-16/objects_parts/78_obj3_tile_2907_2441.png,train,good,0,2024-12-16,normal:2024-12-16:78,normal:2024-12-16:78_obj3,ecb26e7307c992799bc57ae25ed8a856bcf29a623d2b095b18c43d4d4f5b465c,186,1041
training/2024-12-16/objects_parts/78_obj5_tile_1828_1931.png,train,good,0,2024-12-16,normal:2024-12-16:78,normal:2024-12-16:78_obj5,be43072ee9c9411446d45b14499e9f8a3a8c003115a9c2399f10a725c73ec124,117,916
training/2024-12-16/objects_parts/78_obj5_tile_1828_2123.png,train,good,0,2024-12-16,normal:2024-12-16:78,normal:2024-12-16:78_obj5,e004aa16188d648dab0076b05f89075cd76990bf50ad01695eef0dd73d67d03f,255,1331
training/2024-12-16/objects_parts/78_obj5_tile_1828_2315.png,train,good,0,2024-12-16,normal:2024-12-16:78,normal:2024-12-16:78_obj5,421d6624b1d90282e19829fd137be2c5f36019d743c0c2cee844e291107c8548,343,1581
training/2024-12-16/objects_parts/78_obj5_tile_1828_2507.png,train,good,0,2024-12-16,normal:2024-12-16:78,normal:2024-12-16:78_obj5,c6d8c9c297c2ab0dd206126d37695c00a58546bb91f17d8296687a8ad9642903,351,1597
training/2024-12-16/objects_parts/78_obj5_tile_2020_1931.png,train,good,0,2024-12-16,normal:2024-12-16:78,normal:2024-12-16:78_obj5,71a3fb9dc2c23011be0d49635add350f0e086f9e5dc94597a20962d92711a958,347,1589
training/2024-12-16/objects_parts/78_obj5_tile_2020_2123.png,train,good,0,2024-12-16,normal:2024-12-16:78,normal:2024-12-16:78_obj5,b8398875bd52f49b671cb180d381d9ab439cd6ec901680a4d8726b1c6bf88ab8,191,1136
training/2024-12-16/objects_parts/78_obj5_tile_2020_2315.png,train,good,0,2024-12-16,normal:2024-12-16:78,normal:2024-12-16:78_obj5,725ec7ad8a37134469fbb79375ea2b5eb086b4a1aee8528ac61094ae1801f73d,335,1565
training/2024-12-16/objects_parts/78_obj5_tile_2020_2507.png,train,good,0,2024-12-16,normal:2024-12-16:78,normal:2024-12-16:78_obj5,9bc1a54e6cfbc7318de724ed65040d419930f0b455bbc24c05585c81842b62ee,291,1445
training/2024-12-16/objects_parts/78_obj5_tile_2212_1931.png,train,good,0,2024-12-16,normal:2024-12-16:78,normal:2024-12-16:78_obj5,a143d2600e63eb4ba7f0eec25e1cc86103aabae932dd4df3b1048244120e903a,339,1573
training/2024-12-16/objects_parts/78_obj5_tile_2212_2123.png,train,good,0,2024-12-16,normal:2024-12-16:78,normal:2024-12-16:78_obj5,6c437db6b96299faa0cf5a5828744e124cdede6406ea530a7ce4f5c17933b5c2,359,1613
training/2024-12-16/objects_parts/78_obj5_tile_2212_2315.png,train,good,0,2024-12-16,normal:2024-12-16:78,normal:2024-12-16:78_obj5,7c0be6776beb6f80fa2c84dce919075a8f0a37297a6b88f3233cb4c617fa3445,315,1476
training/2024-12-16/objects_parts/78_obj5_tile_2212_2507.png,train,good,0,2024-12-16,normal:2024-12-16:78,normal:2024-12-16:78_obj5,1aa3485afe3c1623f29a124509085399718353a425d0f9a42a5eed7a4fe1aed2,327,1527
training/2024-12-16/objects_parts/78_obj5_tile_2404_1931.png,train,good,0,2024-12-16,normal:2024-12-16:78,normal:2024-12-16:78_obj5,4d47e75cbddef73179ea0ced180ec8f71b103eaed15e33fe9c5ff7997754a03e,323,1503
training/2024-12-16/objects_parts/78_obj5_tile_2404_2123.png,train,good,0,2024-12-16,normal:2024-12-16:78,normal:2024-12-16:78_obj5,d2676691ca85e6b1c9f32f09fab57af3b13f9eff9bfc089ba6bd8187d33cffad,355,1605
training/2024-12-16/objects_parts/78_obj5_tile_2404_2315.png,train,good,0,2024-12-16,normal:2024-12-16:78,normal:2024-12-16:78_obj5,96d23350e5d2342b81f81aebb5f78b515c268f2bc5d4166470d1196d9eec2d2e,331,1550
training/2024-12-16/objects_parts/78_obj5_tile_2404_2507.png,train,good,0,2024-12-16,normal:2024-12-16:78,normal:2024-12-16:78_obj5,382e450c8681c91621745699b93575e9a2545f139508a491c46075f35250536f,39,414
training/2024-12-16/objects_parts/78_obj6_tile_3034_1130.png,train,good,0,2024-12-16,normal:2024-12-16:78,normal:2024-12-16:78_obj6,80a060f6879e72fed0499f885016998142f93fc223b8c5ec377d301c4eb97bdc,319,1480
training/2024-12-16/objects_parts/78_obj6_tile_3034_938.png,train,good,0,2024-12-16,normal:2024-12-16:78,normal:2024-12-16:78_obj6,ce61856d1b5a403dbae431210362e4bd5b3365a43d23405a0f0248d5c89fddf5,271,1345
training/2024-12-16/objects_parts/78_obj6_tile_3226_1130.png,train,good,0,2024-12-16,normal:2024-12-16:78,normal:2024-12-16:78_obj6,ac1996d0448943c8c484ebc87a76432eb0d65957f34fb94379483ffea83a948d,303,1449
training/2024-12-16/objects_parts/78_obj6_tile_3226_938.png,train,good,0,2024-12-16,normal:2024-12-16:78,normal:2024-12-16:78_obj6,474a903396e89c8eb718395e713106f11a9272ab14ada55759b4719620ee662a,69,460
training/2024-12-16/objects_parts/78_obj6_tile_3418_1130.png,train,good,0,2024-12-16,normal:2024-12-16:78,normal:2024-12-16:78_obj6,a1a5eacd47de413e452d4c82c3e90e9a8561ce06b1fb59122d2e75f5f03112fc,216,1151
training/2024-12-16/objects_parts/78_obj6_tile_3418_938.png,train,good,0,2024-12-16,normal:2024-12-16:78,normal:2024-12-16:78_obj6,4da657f4247cf542545f83c8a93f1fc96f877a39327befd0a3c5d85592b413a9,147,933
training/2025-01-15/objects_parts/137_obj10_centered.png,train,good,0,2025-01-15,normal:2025-01-15:137,normal:2025-01-15:137_obj10,4950e97db8606d81652515b789429174e1c452cb50ba0ee10248b3c37386810b,29,412
training/2025-01-15/objects_parts/137_obj11_centered.png,train,good,0,2025-01-15,normal:2025-01-15:137,normal:2025-01-15:137_obj11,aece00427fa9a1e3e64d68a54492f08fdfa962db1ef55c211125686ceb02e4ee,83,757
training/2025-01-15/objects_parts/137_obj12_centered.png,train,good,0,2025-01-15,normal:2025-01-15:137,normal:2025-01-15:137_obj12,3cb9d0a43f7787683bda580279e4faae60c9072ca95e94258b7ab18dd1dc5503,213,55
training/2025-01-15/objects_parts/137_obj13_centered.png,train,good,0,2025-01-15,normal:2025-01-15:137,normal:2025-01-15:137_obj13,5a72d97ab8e1fcdc52e271797da83f803d5dae520d4a7ba9aa49c06f127cce79,17,783
training/2025-01-15/objects_parts/137_obj14_centered.png,train,good,0,2025-01-15,normal:2025-01-15:137,normal:2025-01-15:137_obj14,2f0b50e89fab77fd2ae58f073ce016308af70ad1f0ab70785cb38728396e9b20,47,233
training/2025-01-15/objects_parts/137_obj15_centered.png,train,good,0,2025-01-15,normal:2025-01-15:137,normal:2025-01-15:137_obj15,47db2112cfa800fcb3ada1dbc524cac74e308588230f87e6495083940cb381f7,203,685
training/2025-01-15/objects_parts/137_obj16_centered.png,train,good,0,2025-01-15,normal:2025-01-15:137,normal:2025-01-15:137_obj16,6dc606d6ab0ede1c349a26afa72ef20c5b99770c2d375fb7a60c6a240b49e9ca,233,668
training/2025-01-15/objects_parts/137_obj18_centered.png,train,good,0,2025-01-15,normal:2025-01-15:137,normal:2025-01-15:137_obj18,0394840f658cf2fec1c6a9a611d613e6b30d8269a6075ec3e7ea9a872fe1e0d5,125,659
training/2025-01-15/objects_parts/137_obj19_centered.png,train,good,0,2025-01-15,normal:2025-01-15:137,normal:2025-01-15:137_obj19,aa1891f9c73a37223bcb43cac1b4ad757b1fc19f6a6ffa872250427700fc5049,193,462
training/2025-01-15/objects_parts/137_obj20_centered.png,train,good,0,2025-01-15,normal:2025-01-15:137,normal:2025-01-15:137_obj20,7f6c2a6a3b47206e83c8c728b4908548c44bb0f7e59f4e7fc5f0f2b6e56607fb,119,315
training/2025-01-15/objects_parts/137_obj21_centered.png,train,good,0,2025-01-15,normal:2025-01-15:137,normal:2025-01-15:137_obj21,3dfcb415ef55137a13ac061d5a368701db641187958db38e9d3d5b39385899e2,71,410
training/2025-01-15/objects_parts/137_obj26_centered.png,train,good,0,2025-01-15,normal:2025-01-15:137,normal:2025-01-15:137_obj26,496ef89791fb3301e042bd3c0e64e2c22be8adb60740504e5a96edb0b20b7d3d,95,145
training/2025-01-15/objects_parts/137_obj2_centered.png,train,good,0,2025-01-15,normal:2025-01-15:137,normal:2025-01-15:137_obj2,bd8ba517504232c75ba6b0f20c9ac6a4021341c12430c31003854ad4968573e6,149,607
training/2025-01-15/objects_parts/137_obj30_centered.png,train,good,0,2025-01-15,normal:2025-01-15:137,normal:2025-01-15:137_obj30,4084b1d55b6f4ab6960201069fcb85ca6b94571e344a6acf75d07d6f262141b1,23,131
training/2025-01-15/objects_parts/137_obj31_centered.png,train,good,0,2025-01-15,normal:2025-01-15:137,normal:2025-01-15:137_obj31,527012449c61b8ce24428304d5bd0865836dc6c10c7018dbf83d1e6579964b86,77,485
training/2025-01-15/objects_parts/137_obj3_centered.png,train,good,0,2025-01-15,normal:2025-01-15:137,normal:2025-01-15:137_obj3,48a9c00b0f2c0ac946829159dace1537db16808327ddb4ecd02d2ae94a39b21a,131,695
training/2025-01-15/objects_parts/137_obj4_centered.png,train,good,0,2025-01-15,normal:2025-01-15:137,normal:2025-01-15:137_obj4,fe9417a91bba5d0d9524ab39b6987cdd2a1e2a3470705bd77bcc42b4bb20702d,143,182
training/2025-01-15/objects_parts/137_obj5_centered.png,train,good,0,2025-01-15,normal:2025-01-15:137,normal:2025-01-15:137_obj5,916da03a30ac4e6b3614a387c82d7a8d6a521c9bed95c835d1c314f72d00670d,65,41
training/2025-01-15/objects_parts/137_obj6_centered.png,train,good,0,2025-01-15,normal:2025-01-15:137,normal:2025-01-15:137_obj6,faeeefdf340428f68c34e8a0e7dabdd166a022d7e88ee83bfc2a50db0e9b0fd3,178,125
training/2025-01-15/objects_parts/137_obj7_centered.png,train,good,0,2025-01-15,normal:2025-01-15:137,normal:2025-01-15:137_obj7,797dd372c3d0f09868d468ea9dc2a2197ca135b016c353bf1424d43623418fe7,188,508
training/2025-01-15/objects_parts/137_obj8_centered.png,train,good,0,2025-01-15,normal:2025-01-15:137,normal:2025-01-15:137_obj8,490dd928eac343bbb5bc27de865320c6ddc7eb4887e673dc69cab30c31b4c972,89,744
training/2025-01-15/objects_parts/137_obj9_centered.png,train,good,0,2025-01-15,normal:2025-01-15:137,normal:2025-01-15:137_obj9,004ad8f0380d0a1f9bfee9d93d52192ae03fe79dba6f6b479657f5d00e260f80,173,155
training/2025-01-15/objects_parts/278_obj10_centered.png,train,good,0,2025-01-15,normal:2025-01-15:278,normal:2025-01-15:278_obj10,ff0ee0c73598f4b3a35c052230aa5830f9b659f2b70c03085418a12688586b56,107,517
training/2025-01-15/objects_parts/278_obj11_centered.png,train,good,0,2025-01-15,normal:2025-01-15:278,normal:2025-01-15:278_obj11,acba744b6efab9c68cbae10643cad87bcbe6add7db671065a162dcafe3260530,223,89
training/2025-01-15/objects_parts/278_obj12_centered.png,train,good,0,2025-01-15,normal:2025-01-15:278,normal:2025-01-15:278_obj12,185854736c50568e315828387a6a8e52aac9aca394a76535ccd463ba2c5df7ca,101,467
training/2025-01-15/objects_parts/278_obj13_centered.png,train,good,0,2025-01-15,normal:2025-01-15:278,normal:2025-01-15:278_obj13,e6075207716168f0cfd35beab7e6bffc9c93574f57a0fa5456981bd6b705c8ee,35,390
training/2025-01-15/objects_parts/278_obj14_centered.png,train,good,0,2025-01-15,normal:2025-01-15:278,normal:2025-01-15:278_obj14,c12918109e878ee01945babf44bcaa4c2bd36013a955a699312b776f13de33a7,183,664
training/2025-01-15/objects_parts/278_obj15_centered.png,train,good,0,2025-01-15,normal:2025-01-15:278,normal:2025-01-15:278_obj15,afc6765c5e118445674175fe22c81cec04508e523776bd2b9f7e233c14843b18,238,384
training/2025-01-15/objects_parts/278_obj16_centered.png,train,good,0,2025-01-15,normal:2025-01-15:278,normal:2025-01-15:278_obj16,37152effb6a2fe3d9809cad5fc877e33e295f5c0fadef580802eb58b58a3a014,161,59
training/2025-01-15/objects_parts/278_obj18_centered.png,train,good,0,2025-01-15,normal:2025-01-15:278,normal:2025-01-15:278_obj18,10e5ea0094a3766514a458d4de17ac11f867722e402493d6cfabd1a57c747c41,218,153
training/2025-01-15/objects_parts/278_obj19_centered.png,train,good,0,2025-01-15,normal:2025-01-15:278,normal:2025-01-15:278_obj19,c4abd6e1a4030aae7e01359855fa64b4e279c590882c908812b7cf35d09fe3a3,167,108
training/2025-01-15/objects_parts/278_obj20_centered.png,train,good,0,2025-01-15,normal:2025-01-15:278,normal:2025-01-15:278_obj20,88371853439d24a52e37d5054d84a1187fca0a8972ee3d1be28a3e92fc4083db,11,592
training/2025-01-15/objects_parts/278_obj21_centered.png,train,good,0,2025-01-15,normal:2025-01-15:278,normal:2025-01-15:278_obj21,621f08632b7cfca20f04a0e3342c6d36071596592303659c15bcdf5334f4df6c,248,220
training/2025-01-15/objects_parts/278_obj26_centered.png,train,good,0,2025-01-15,normal:2025-01-15:278,normal:2025-01-15:278_obj26,a5df1eafb0ea581115083c7bb9bec12655d134af4b454f8a3056a25ff4a1bcc9,59,156
training/2025-01-15/objects_parts/278_obj2_centered.png,train,good,0,2025-01-15,normal:2025-01-15:278,normal:2025-01-15:278_obj2,a8dada66a865d9528654c1b5168bb353d9792dc22aa9ea76b1a32926b6b1f7b9,198,452
training/2025-01-15/objects_parts/278_obj30_centered.png,train,good,0,2025-01-15,normal:2025-01-15:278,normal:2025-01-15:278_obj30,a757559ba5a3461687a48ac22db474ce92c740e7a89fd2f76460b6758cba0206,53,33
training/2025-01-15/objects_parts/278_obj31_centered.png,train,good,0,2025-01-15,normal:2025-01-15:278,normal:2025-01-15:278_obj31,cec7e9ba64d9e7b70c66a1206ed0f6c5e75ae584b4cd8efcd52d25ae0f82d8a3,137,31
training/2025-01-15/objects_parts/278_obj3_centered.png,train,good,0,2025-01-15,normal:2025-01-15:278,normal:2025-01-15:278_obj3,3f17ee39f23f9cb18d144e2e566063fac7601adf8fda750f86710fa614668d3d,113,663
training/2025-01-15/objects_parts/278_obj4_centered.png,train,good,0,2025-01-15,normal:2025-01-15:278,normal:2025-01-15:278_obj4,8efa01bd3736c419cffa17de54cb8c4e2ea1da75c0d13d7ede4ef7fe43583be8,243,728
training/2025-01-15/objects_parts/278_obj5_centered.png,train,good,0,2025-01-15,normal:2025-01-15:278,normal:2025-01-15:278_obj5,e72affc51f85169fb3410a73dbb4fa10ffee4814319da5b6af36d038851ab1f8,228,151
training/2025-01-15/objects_parts/278_obj6_centered.png,train,good,0,2025-01-15,normal:2025-01-15:278,normal:2025-01-15:278_obj6,d04431b67ce9f5b9e14dba402e7351b2bf9c4d4632bb93a0bf4bdd68a9dc38d5,41,454
training/2025-01-15/objects_parts/278_obj7_centered.png,train,good,0,2025-01-15,normal:2025-01-15:278,normal:2025-01-15:278_obj7,f7f84b44bb98cdb83a6621cec12148a66b6be7411328c4dbd4a9d99d47d2e615,155,431
training/2025-01-15/objects_parts/278_obj8_centered.png,train,good,0,2025-01-15,normal:2025-01-15:278,normal:2025-01-15:278_obj8,426205dca5541ebd146d5b85a991e3d5735aae9ddd79a20b9a86a3c1a69a7a5f,208,780
training/2025-01-15/objects_parts/278_obj9_centered.png,train,good,0,2025-01-15,normal:2025-01-15:278,normal:2025-01-15:278_obj9,0aa4b71f813c4f056128a7792edeb8029c324518e06a1dd83b794a44b9db9c93,5,21
training/2025-01-29/objects_parts/171_obj1_centered.png,train,good,0,2025-01-29,normal:2025-01-29:171,normal:2025-01-29:171_obj1,06eb3c484c5744a18cc26df6f067c30c66e9648a32098b570fc5478dfa6aec06,36,776
training/2025-01-29/objects_parts/171_obj20_tile_3092_1164.png,train,good,0,2025-01-29,normal:2025-01-29:171,normal:2025-01-29:171_obj20,ec941a85ddfa252dddde5860afba1473debf12f1c5a47770ea5b48a40ac8a1d3,132,1233
training/2025-01-29/objects_parts/171_obj20_tile_3092_972.png,train,good,0,2025-01-29,normal:2025-01-29:171,normal:2025-01-29:171_obj20,85379b1ca8f3a83b4e8dac36ea3000e9350f13cfb6741a5667badedd641ee440,66,777
training/2025-01-29/objects_parts/171_obj20_tile_3284_1164.png,train,good,0,2025-01-29,normal:2025-01-29:171,normal:2025-01-29:171_obj20,0b6e4439245eae70ebacc7043e334cef93cc85e385cdb5497785714d45180d34,102,1035
training/2025-01-29/objects_parts/171_obj20_tile_3284_972.png,train,good,0,2025-01-29,normal:2025-01-29:171,normal:2025-01-29:171_obj20,6ddf4c36d263dc2008674c031d8824ea894fc5cfeb2c533bf59fb3c28f1d9c83,162,1422
training/2025-01-29/objects_parts/171_obj6_centered.png,train,good,0,2025-01-29,normal:2025-01-29:171,normal:2025-01-29:171_obj6,5aea4e118c0ce868c0d12e79b7017610bc1a80a90ecb1118f68380acbdf4a770,24,154
training/2025-01-29/objects_parts/201_obj1_centered.png,train,good,0,2025-01-29,normal:2025-01-29:201,normal:2025-01-29:201_obj1,99ceee16a69c4b4c7f309eb8e9b47f826947eacfcbf9cdeea690675976b550fd,30,387
training/2025-01-29/objects_parts/201_obj20_tile_3092_1164.png,train,good,0,2025-01-29,normal:2025-01-29:201,normal:2025-01-29:201_obj20,7dfa3059becf4f5be4e7ccebd49f68d2136cc575f430a66ad91e232d36d0603a,18,541
training/2025-01-29/objects_parts/201_obj20_tile_3092_972.png,train,good,0,2025-01-29,normal:2025-01-29:201,normal:2025-01-29:201_obj20,690cbbc4b29e5b2b18bbdc9c38fb84d3ed441648711923c6dd02ab793c04f820,150,1362
training/2025-01-29/objects_parts/201_obj20_tile_3284_1164.png,train,good,0,2025-01-29,normal:2025-01-29:201,normal:2025-01-29:201_obj20,8442d3a337eb39f00fe89b9c84e886dcd7fffcaa69fca53da4b01d6c9c3aaced,120,1168
training/2025-01-29/objects_parts/201_obj20_tile_3284_972.png,train,good,0,2025-01-29,normal:2025-01-29:201,normal:2025-01-29:201_obj20,79e693be08d916728a872ecaa61a4f14271af28ca6201497706f64bb522819d9,90,953
training/2025-01-29/objects_parts/201_obj6_centered.png,train,good,0,2025-01-29,normal:2025-01-29:201,normal:2025-01-29:201_obj6,8a7e88fb073941c1cfb00717c3ead1c1d36166158c57fadc34a30aa8b302d3d9,12,90
training/2025-01-29/objects_parts/255_obj1_centered.png,train,good,0,2025-01-29,normal:2025-01-29:255,normal:2025-01-29:255_obj1,0799d7b89a37996aeab216feaf1d6b60fed425e3b02fbd04bbaf3d3d7b1a176f,48,105
training/2025-01-29/objects_parts/255_obj20_tile_3097_1168.png,train,good,0,2025-01-29,normal:2025-01-29:255,normal:2025-01-29:255_obj20,043a579b5315f0eda9a2fd4932daee7b11a89766144e3036b30bfd8b7e19cc2b,156,1261
training/2025-01-29/objects_parts/255_obj20_tile_3097_976.png,train,good,0,2025-01-29,normal:2025-01-29:255,normal:2025-01-29:255_obj20,afc24b83a22a5dd9af0af9aca39d5ddd2468e8fdab8e335e578854ad10e1a8f3,54,93
training/2025-01-29/objects_parts/255_obj20_tile_3289_1168.png,train,good,0,2025-01-29,normal:2025-01-29:255,normal:2025-01-29:255_obj20,5d7ad1eaf5e110a0a6809c0df99768d96be0c2b19fd518ddbdb91b7f0c6c3562,96,829
training/2025-01-29/objects_parts/255_obj20_tile_3289_976.png,train,good,0,2025-01-29,normal:2025-01-29:255,normal:2025-01-29:255_obj20,9d60ccce236fe0f374669b18ffe381725fcbf4803ef0e45ead79403febdd6c04,126,1063
training/2025-01-29/objects_parts/255_obj6_centered.png,train,good,0,2025-01-29,normal:2025-01-29:255,normal:2025-01-29:255_obj6,4e1a06aac7e158509a10f2376f9307d0fbe4951a51ed3adcbf1b027ef3ead674,42,266
training/2025-01-29/objects_parts/321_obj1_centered.png,train,good,0,2025-01-29,normal:2025-01-29:321,normal:2025-01-29:321_obj1,96f93616bb9bdb826cfce236ef2f8e484d1f38bb627324b714525988e0714635,60,736
training/2025-01-29/objects_parts/321_obj20_tile_3100_1171.png,train,good,0,2025-01-29,normal:2025-01-29:321,normal:2025-01-29:321_obj20,043c8cda3f962dbc07e8b60504a00f0771857ab7126a558d4f22b0bcaa6439e1,168,1386
training/2025-01-29/objects_parts/321_obj20_tile_3100_979.png,train,good,0,2025-01-29,normal:2025-01-29:321,normal:2025-01-29:321_obj20,6ef8335bf4d93d01a8cc17b34cbc39385a8e1f22751d80f2909910d24fd49cbb,108,985
training/2025-01-29/objects_parts/321_obj20_tile_3292_1171.png,train,good,0,2025-01-29,normal:2025-01-29:321,normal:2025-01-29:321_obj20,7c2e3c49427e360cff857d99f885f77177c7868852a5bcb2fe9fac8dc5301755,72,639
training/2025-01-29/objects_parts/321_obj20_tile_3292_979.png,train,good,0,2025-01-29,normal:2025-01-29:321,normal:2025-01-29:321_obj20,aca9c7e34182edc8b924bc83bc9cd0840b99dc9d26c1c73ccea61176a8bfc1c0,138,1193
training/2025-01-29/objects_parts/321_obj6_centered.png,train,good,0,2025-01-29,normal:2025-01-29:321,normal:2025-01-29:321_obj6,1f7d6b4aab78bffe8acb2a3e5e93cd0670b32d9436ae80fedf9032722187e734,78,520
training/2025-01-29/objects_parts/434_obj20_tile_3092_1162.png,train,good,0,2025-01-29,normal:2025-01-29:434,normal:2025-01-29:434_obj20,74f1cdbfecbba483cdc087009629c3af2046b92a038475cfb23ec79f974a3457,144,1346
training/2025-01-29/objects_parts/434_obj20_tile_3092_970.png,train,good,0,2025-01-29,normal:2025-01-29:434,normal:2025-01-29:434_obj20,fb55df9bc3acba59046516875d91f670e43a1a428f047d03b0979e5cbf6d8ff7,114,1152
training/2025-01-29/objects_parts/434_obj20_tile_3284_1162.png,train,good,0,2025-01-29,normal:2025-01-29:434,normal:2025-01-29:434_obj20,3444a0aec7dabc2f75d26e5826e1cb6e25c72663fed1829a8cf72224435bf106,84,934
training/2025-01-29/objects_parts/434_obj20_tile_3284_970.png,train,good,0,2025-01-29,normal:2025-01-29:434,normal:2025-01-29:434_obj20,d10523301bb91c13e5ca49046fedc43936f7de9c03ab06f4d421e7edad32c4af,6,461
training/2025-04-02/objects_parts/1012_obj5_tile_3228_1536.png,train,good,0,2025-04-02,normal:2025-04-02:1012,normal:2025-04-02:1012_obj5,df737526e916474df794ed6cc5456021366fc2f1937657a9812da72d9aca7262,636,888
training/2025-04-02/objects_parts/1012_obj5_tile_3228_1728.png,train,good,0,2025-04-02,normal:2025-04-02:1012,normal:2025-04-02:1012_obj5,f50517f93c72b785199cf40132220b4f0dd89c31bc618d1b1b430bd8c16fc57c,237,322
training/2025-04-02/objects_parts/1012_obj5_tile_3420_1536.png,train,good,0,2025-04-02,normal:2025-04-02:1012,normal:2025-04-02:1012_obj5,4b85e5f1b7b8a252e589eebd533eaf0a9727290cf27dcdac4181cd02fd15e9ab,1028,1311
training/2025-04-02/objects_parts/1012_obj5_tile_3420_1728.png,train,good,0,2025-04-02,normal:2025-04-02:1012,normal:2025-04-02:1012_obj5,bfbb7807b5a4b27234918049f216be6ee63a36988c8f8c8f03704b8396e0066f,832,1114
training/2025-04-02/objects_parts/134_obj5_tile_3165_1525.png,train,good,0,2025-04-02,normal:2025-04-02:134,normal:2025-04-02:134_obj5,390a14f3353a9dd0009d25c9ad08b4a8c35b341a653e293f157f88fdf0f1bdbd,656,989
training/2025-04-02/objects_parts/134_obj5_tile_3165_1717.png,train,good,0,2025-04-02,normal:2025-04-02:134,normal:2025-04-02:134_obj5,d202b530d2fba621c821829de19a922bb7f067fe6456c981f87e69f51b438951,312,643
training/2025-04-02/objects_parts/134_obj5_tile_3357_1525.png,train,good,0,2025-04-02,normal:2025-04-02:134,normal:2025-04-02:134_obj5,d55f86924a57c87d4093139d3039abe8be9a388b6785fcf5876869d187963905,852,1196
training/2025-04-02/objects_parts/134_obj5_tile_3357_1717.png,train,good,0,2025-04-02,normal:2025-04-02:134,normal:2025-04-02:134_obj5,046f240c79facf510a9e31134add745acec8947f88e4e543a907b67716e91840,1048,1389
training/2025-04-02/objects_parts/134_obj6_tile_1773_1764.png,train,good,0,2025-04-02,normal:2025-04-02:134,normal:2025-04-02:134_obj6,59fde7be347d276476a9b085b051f89bc19c99e3dc1f13768ce9bc3559804321,1412,1567
training/2025-04-02/objects_parts/134_obj6_tile_1773_1956.png,train,good,0,2025-04-02,normal:2025-04-02:134,normal:2025-04-02:134_obj6,64a2361e675e913d44d0f50e13f94afe33c12f2d326529c3affc163e059bee0d,1352,1537
training/2025-04-02/objects_parts/134_obj6_tile_1773_2148.png,train,good,0,2025-04-02,normal:2025-04-02:134,normal:2025-04-02:134_obj6,e60e806953b054e05f155602875c54cf41a3afee7abc8a2483827ecc8610ee68,556,754
training/2025-04-02/objects_parts/134_obj6_tile_1773_2340.png,train,good,0,2025-04-02,normal:2025-04-02:134,normal:2025-04-02:134_obj6,5313e696b608fcd15fd45e4dba1fe71df673ac347fc95e5288e2f5d9c23e9794,1468,1599
training/2025-04-02/objects_parts/134_obj6_tile_1773_2532.png,train,good,0,2025-04-02,normal:2025-04-02:134,normal:2025-04-02:134_obj6,b74148caddd2cd27f0fc68bf7740a9c1e1aae68fa6737e6e0e455261d7665652,1566,1650
training/2025-04-02/objects_parts/134_obj6_tile_1965_1764.png,train,good,0,2025-04-02,normal:2025-04-02:134,normal:2025-04-02:134_obj6,2e754166a50117fea371cc0e2fdb2e1dbe45256e2c3e7aa8272fa25ab594d852,1426,1575
training/2025-04-02/objects_parts/134_obj6_tile_1965_1956.png,train,good,0,2025-04-02,normal:2025-04-02:134,normal:2025-04-02:134_obj6,d0d84d80c52192801e85a4935e192c116b904757a5b8f8ca3578351aabfd7b24,1440,1583
training/2025-04-02/objects_parts/134_obj6_tile_1965_2148.png,train,good,0,2025-04-02,normal:2025-04-02:134,normal:2025-04-02:134_obj6,2cdd6ba00592f66da0c19d1d77e2d4d7594c3987044443986943e5ccecd32f18,1552,1643
training/2025-04-02/objects_parts/134_obj6_tile_1965_2340.png,train,good,0,2025-04-02,normal:2025-04-02:134,normal:2025-04-02:134_obj6,d63fe4cd9926cbc69ea595e80aec9eafa89fea5e802bed847039406259519fe7,1482,1607
training/2025-04-02/objects_parts/134_obj6_tile_1965_2532.png,train,good,0,2025-04-02,normal:2025-04-02:134,normal:2025-04-02:134_obj6,6ad5b3ee7d07286de3faeac0eb52c829ae3ede768e6c2874b8e29041e5753c91,1496,1615
training/2025-04-02/objects_parts/134_obj6_tile_2157_1764.png,train,good,0,2025-04-02,normal:2025-04-02:134,normal:2025-04-02:134_obj6,b2da6ed8bca88f074662a6e1b0c06173dc79786390bf0f17570140dd95b7caa3,1396,1559
training/2025-04-02/objects_parts/134_obj6_tile_2157_1956.png,train,good,0,2025-04-02,normal:2025-04-02:134,normal:2025-04-02:134_obj6,76f63bd8c13e81c69126bc2a3c27828d29fc5933c46ab6d240f214829b6e4bef,764,1024
training/2025-04-02/objects_parts/134_obj6_tile_2157_2148.png,train,good,0,2025-04-02,normal:2025-04-02:134,normal:2025-04-02:134_obj6,006840b387e512cbece971dfc82a76d11df9841d2f1a0323e8718743d19c3848,1306,1513
training/2025-04-02/objects_parts/134_obj6_tile_2157_2340.png,train,good,0,2025-04-02,normal:2025-04-02:134,normal:2025-04-02:134_obj6,a4c99aa405fdbb1aa2a4868c34cc8530bc88dd9d12b5f3c4a282c8602c1ea4c1,1454,1591
training/2025-04-02/objects_parts/134_obj6_tile_2157_2532.png,train,good,0,2025-04-02,normal:2025-04-02:134,normal:2025-04-02:134_obj6,59fc5c33c34f7377d8652b2c44c358a002392acf0b93560626da898e6d49d950,1156,1415
training/2025-04-02/objects_parts/134_obj6_tile_2349_1764.png,train,good,0,2025-04-02,normal:2025-04-02:134,normal:2025-04-02:134_obj6,5b925d1933192591e47fbd622bfb88ca30ce7be06b6d9ffaeb38be75298f152a,1608,1671
training/2025-04-02/objects_parts/134_obj6_tile_2349_1956.png,train,good,0,2025-04-02,normal:2025-04-02:134,normal:2025-04-02:134_obj6,f8280a981436348b8c9aa079b185c01ce9f9a7fdc11b21fbf441fd0e90d0db2a,960,1224
training/2025-04-02/objects_parts/134_obj6_tile_2349_2148.png,train,good,0,2025-04-02,normal:2025-04-02:134,normal:2025-04-02:134_obj6,1446d207859c13dacf4b176a8fda8e1c9f32311c14be48d71796939fe4cfa738,1214,1459
training/2025-04-02/objects_parts/134_obj6_tile_2349_2340.png,train,good,0,2025-04-02,normal:2025-04-02:134,normal:2025-04-02:134_obj6,8917121c3454accaa47c600f2ad27104634fcef2c7663ca4f3bccd0d394e2408,1538,1636
training/2025-04-02/objects_parts/134_obj6_tile_2349_2532.png,train,good,0,2025-04-02,normal:2025-04-02:134,normal:2025-04-02:134_obj6,23a17070948b4ec27ad59147d4c1b31d3616f5d688e28b11304d4ef6f7ebe2a6,1524,1629
training/2025-04-02/objects_parts/134_obj6_tile_2541_1764.png,train,good,0,2025-04-02,normal:2025-04-02:134,normal:2025-04-02:134_obj6,fe4cb5c75bc810108a24829dc375d2922ce2accc3e53251115cb791bbc4b5c1b,1580,1657
training/2025-04-02/objects_parts/134_obj6_tile_2541_1956.png,train,good,0,2025-04-02,normal:2025-04-02:134,normal:2025-04-02:134_obj6,40e9da62814336c5ca0ab598b483bb272344c015d4637c94292f6fdf79e4b110,1510,1622
training/2025-04-02/objects_parts/134_obj6_tile_2541_2148.png,train,good,0,2025-04-02,normal:2025-04-02:134,normal:2025-04-02:134_obj6,40f47e4eb3eb60ed178fa692fc6dfa8bbf574b1cfad783652a8badd7b26712b4,1260,1489
training/2025-04-02/objects_parts/134_obj6_tile_2541_2340.png,train,good,0,2025-04-02,normal:2025-04-02:134,normal:2025-04-02:134_obj6,6d625a92717a2e077a61ce9adebc99fe7c6dd4592e8576aa40226ca2c69bde13,1594,1664
training/2025-04-02/objects_parts/134_obj7_tile_2972_2063.png,train,good,0,2025-04-02,normal:2025-04-02:134,normal:2025-04-02:134_obj7,c2ec8ad634d4320e2013d05d7f12640257010b3cf2cbeb1bc9a0cd9dbb2df5a0,532,241
training/2025-04-02/objects_parts/134_obj7_tile_2972_2255.png,train,good,0,2025-04-02,normal:2025-04-02:134,normal:2025-04-02:134_obj7,0bb5bdeaa47121eb0b46c96d5557ceec3ecd059658b785f81bc436d80a78f426,1256,1469
training/2025-04-02/objects_parts/134_obj7_tile_2972_2447.png,train,good,0,2025-04-02,normal:2025-04-02:134,normal:2025-04-02:134_obj7,7420282e9affb7240eb9806cd27ce90eb413bc61072ebc7f89a4171d74139d62,1210,1438
training/2025-04-02/objects_parts/134_obj7_tile_3164_2063.png,train,good,0,2025-04-02,normal:2025-04-02:134,normal:2025-04-02:134_obj7,19bcfbba99e37ceab20a84e5016232a82f4dbdcf04226e945907b7ea9015857b,1392,1544
training/2025-04-02/objects_parts/134_obj7_tile_3164_2255.png,train,good,0,2025-04-02,normal:2025-04-02:134,normal:2025-04-02:134_obj7,20091ad81e6cab9d6bf60cb1ff84f3ffc62b030a7b7fb4c76693f36802b9cf31,1348,1520
training/2025-04-02/objects_parts/134_obj7_tile_3164_2447.png,train,good,0,2025-04-02,normal:2025-04-02:134,normal:2025-04-02:134_obj7,cd3f1d1e13dd91f17a04cda0c9720b250c196872cd72a96f62df1c011c4527fe,950,1098
training/2025-04-02/objects_parts/134_obj7_tile_3356_2063.png,train,good,0,2025-04-02,normal:2025-04-02:134,normal:2025-04-02:134_obj7,641d4ad40eb1efc1a27c2d758c5a230b7ff80a1f6d0831d3e4cc92d35ca00506,1146,1296
training/2025-04-02/objects_parts/134_obj7_tile_3356_2255.png,train,good,0,2025-04-02,normal:2025-04-02:134,normal:2025-04-02:134_obj7,6f0dfc101aac42164a3905f16545382fd1a9fc1c3c49e40f5567e10a49515328,1302,1496
training/2025-04-02/objects_parts/134_obj7_tile_3356_2447.png,train,good,0,2025-04-02,normal:2025-04-02:134,normal:2025-04-02:134_obj7,8901b805cb63ebf5e2b04487684c9c00f7f000c42e1cebb10ccb17edbab8f537,754,870
training/2025-04-02/objects_parts/136_obj5_tile_3165_1525.png,train,good,0,2025-04-02,normal:2025-04-02:136,normal:2025-04-02:136_obj5,d8f093b2f1a9e37227c0514f1c001fb8e3421e5effce4bf887332430c5a8783e,1116,1247
training/2025-04-02/objects_parts/136_obj5_tile_3165_1717.png,train,good,0,2025-04-02,normal:2025-04-02:136,normal:2025-04-02:136_obj5,36cf45ff0b82dc2da803cbebb5f73e25d20787fb763293849b393281c46ee0d9,472,32
training/2025-04-02/objects_parts/136_obj5_tile_3357_1525.png,train,good,0,2025-04-02,normal:2025-04-02:136,normal:2025-04-02:136_obj5,fe2617d27c00ab207289d8b5a4be7d7b0d0350ea39d131caf68959bfbed69c96,724,811
training/2025-04-02/objects_parts/136_obj5_tile_3357_1717.png,train,good,0,2025-04-02,normal:2025-04-02:136,normal:2025-04-02:136_obj5,0e833517fbf5df2c093bd17b517ad1eb7029d6f7af67469a485f6e8989c0ff14,920,1049
training/2025-04-02/objects_parts/136_obj6_tile_1773_1763.png,train,good,0,2025-04-02,normal:2025-04-02:136,normal:2025-04-02:136_obj6,e509b91c1e056e770100da61877cd7c35bd0ef8eba69d0b55c15d6715e1acb81,1556,1648
training/2025-04-02/objects_parts/136_obj6_tile_1773_1955.png,train,good,0,2025-04-02,normal:2025-04-02:136,normal:2025-04-02:136_obj6,3c25e5812b25c9a396164803f5cd4553c1e27bee900dc092c044b13a3818a94b,1472,1604
training/2025-04-02/objects_parts/136_obj6_tile_1773_2147.png,train,good,0,2025-04-02,normal:2025-04-02:136,normal:2025-04-02:136_obj6,d943521f9e0b79e8a90dd6b2ec5982942fa195a124116baf7e8f6856f3f378f2,1514,1627
training/2025-04-02/objects_parts/136_obj6_tile_1773_2339.png,train,good,0,2025-04-02,normal:2025-04-02:136,normal:2025-04-02:136_obj6,18167cd63cbdbbae2464a34b79fe10ea2d2c1426fe0058d86a2e188d04537ab1,1528,1634
training/2025-04-02/objects_parts/136_obj6_tile_1773_2531.png,train,good,0,2025-04-02,normal:2025-04-02:136,normal:2025-04-02:136_obj6,ac0e3ae7dcdd3841cdc55b56355d9a52e9c803086b3ef02ab52b29ba392b12c7,1402,1564
training/2025-04-02/objects_parts/136_obj6_tile_1965_1763.png,train,good,0,2025-04-02,normal:2025-04-02:136,normal:2025-04-02:136_obj6,b79a8ff3094cb8c433d1b0b8b1f81329354ee88b762e68d538eb6380656cdb7c,1486,1612
training/2025-04-02/objects_parts/136_obj6_tile_1965_1955.png,train,good,0,2025-04-02,normal:2025-04-02:136,normal:2025-04-02:136_obj6,ff004ca7e90268d18ff5a0e96a642ad64bb8e44df53ff193589142a396f20c5d,1570,1655
training/2025-04-02/objects_parts/136_obj6_tile_1965_2147.png,train,good,0,2025-04-02,normal:2025-04-02:136,normal:2025-04-02:136_obj6,d049aa27202bbde8e1a8a33b48f91cdc598ed1fc9cd468c48e82ed8d9c6c85f8,1444,1588
training/2025-04-02/objects_parts/136_obj6_tile_1965_2339.png,train,good,0,2025-04-02,normal:2025-04-02:136,normal:2025-04-02:136_obj6,1592480970a4d005d51261680759096ae6ae6e141cfcc6f694cbe623f5075384,280,401
training/2025-04-02/objects_parts/136_obj6_tile_1965_2531.png,train,good,0,2025-04-02,normal:2025-04-02:136,normal:2025-04-02:136_obj6,9c5c53e14f56d556a57efaf2d0867a97f9d562ad6f967aa5d78e8c0a0d59ae36,1184,1443
training/2025-04-02/objects_parts/136_obj6_tile_2157_1763.png,train,good,0,2025-04-02,normal:2025-04-02:136,normal:2025-04-02:136_obj6,b84d1f26d25cabbdf791fa04046ffaa3f49afcd1779ce54a811d5ecb9a71c91b,1416,1572
training/2025-04-02/objects_parts/136_obj6_tile_2157_1955.png,train,good,0,2025-04-02,normal:2025-04-02:136,normal:2025-04-02:136_obj6,eb92ef21a037bc25825f26b2932320710422be9f7e3801eba9f66eef0cd9de39,1368,1548
training/2025-04-02/objects_parts/136_obj6_tile_2157_2147.png,train,good,0,2025-04-02,normal:2025-04-02:136,normal:2025-04-02:136_obj6,9d3bf296319d34e95b2e7b504bcf9a8ad998239c2bcb81c89843f21cfd5f8fd4,1500,1620
training/2025-04-02/objects_parts/136_obj6_tile_2157_2339.png,train,good,0,2025-04-02,normal:2025-04-02:136,normal:2025-04-02:136_obj6,b34d027a13a8a5344d0222ff62e0cb43c5143f20a8239ceb224c32a7c1e4b3aa,1598,1669
training/2025-04-02/objects_parts/136_obj6_tile_2157_2531.png,train,good,0,2025-04-02,normal:2025-04-02:136,normal:2025-04-02:136_obj6,589faed099700708f7f69410f7fc0e22a2130e259479d50aee882e7458d468fe,646,911
training/2025-04-02/objects_parts/136_obj6_tile_2349_1763.png,train,good,0,2025-04-02,normal:2025-04-02:136,normal:2025-04-02:136_obj6,4735b4f4b02bdd47a3203dd0ff4c557ffd376e9ac11436fffa4e65984d87222e,1276,1501
training/2025-04-02/objects_parts/136_obj6_tile_2349_1955.png,train,good,0,2025-04-02,normal:2025-04-02:136,normal:2025-04-02:136_obj6,93fbc59669084b7e673a8ed735c60282ae3d1316bc82770ceacb3d589b8abedb,1584,1662
training/2025-04-02/objects_parts/136_obj6_tile_2349_2147.png,train,good,0,2025-04-02,normal:2025-04-02:136,normal:2025-04-02:136_obj6,d9dd8c48fa331d588627d031150fdd5e69162c991e57419c868760732d9058be,1038,1326
training/2025-04-02/objects_parts/136_obj6_tile_2349_2339.png,train,good,0,2025-04-02,normal:2025-04-02:136,normal:2025-04-02:136_obj6,5e383b384e8867e0cf99b85c08140e112b763f7e9d20cf0aa9c279196df87a7d,1430,1580
training/2025-04-02/objects_parts/136_obj6_tile_2349_2531.png,train,good,0,2025-04-02,normal:2025-04-02:136,normal:2025-04-02:136_obj6,31ed71e4315bcc8bf4ac231488f42499061bbc0744420b40a2586064d6abd074,1542,1641
training/2025-04-02/objects_parts/136_obj6_tile_2541_1763.png,train,good,0,2025-04-02,normal:2025-04-02:136,normal:2025-04-02:136_obj6,2ba78035446e659c9d84b3b0e884601b0dcb61c20ac3ea47fa639f1eaddd2a7e,842,1131
training/2025-04-02/objects_parts/136_obj6_tile_2541_1955.png,train,good,0,2025-04-02,normal:2025-04-02:136,normal:2025-04-02:136_obj6,2e971bf9313f43ed6aa86a3eaa10d01ed942896da8f81d92cf1085b8ef306005,1322,1525
training/2025-04-02/objects_parts/136_obj6_tile_2541_2147.png,train,good,0,2025-04-02,normal:2025-04-02:136,normal:2025-04-02:136_obj6,60bc2bc25991ef5d92bb46b965cf41137c666768ffcddc828cc03acaef273087,1458,1596
training/2025-04-02/objects_parts/136_obj6_tile_2541_2339.png,train,good,0,2025-04-02,normal:2025-04-02:136,normal:2025-04-02:136_obj6,121e46ad0844fc4b0884eeee4cae3cb25184e7f2b19bfcc59d68188a4a36b62b,1230,1474
training/2025-04-02/objects_parts/136_obj7_tile_2972_2063.png,train,good,0,2025-04-02,normal:2025-04-02:136,normal:2025-04-02:136_obj7,bc6bcfdc8f53d6f76df4ed924f19ff82d717189f8f8d179c34cb9c2efc3941ff,435,465
training/2025-04-02/objects_parts/136_obj7_tile_2972_2255.png,train,good,0,2025-04-02,normal:2025-04-02:136,normal:2025-04-02:136_obj7,35f6dfc2f423f4763d8040e612e7cd7b671010c103043096f0d0e7619778c7b3,1242,1481
training/2025-04-02/objects_parts/136_obj7_tile_2972_2447.png,train,good,0,2025-04-02,normal:2025-04-02:136,normal:2025-04-02:136_obj7,ee12056038a4fe6dfab9363406b85ac41e14728a0404357bddaf8acb629edfc5,1196,1450
training/2025-04-02/objects_parts/136_obj7_tile_3164_2063.png,train,good,0,2025-04-02,normal:2025-04-02:136,normal:2025-04-02:136_obj7,b068b9dcb798868604e0305654866b8db3fa59ecfe034491518f69f08e557bb2,1288,1506
training/2025-04-02/objects_parts/136_obj7_tile_3164_2255.png,train,good,0,2025-04-02,normal:2025-04-02:136,normal:2025-04-02:136_obj7,fcacd95d951ad8866f53224bacea3eb0be4ef927ea37dca0421b0784088bc4e4,898,1153
training/2025-04-02/objects_parts/136_obj7_tile_3164_2447.png,train,good,0,2025-04-02,normal:2025-04-02:136,normal:2025-04-02:136_obj7,9e4e3acc002645d905e2d9119ed014bf2112c77ae5bcbc85aa83db2b1441b018,702,935
training/2025-04-02/objects_parts/136_obj7_tile_3356_2063.png,train,good,0,2025-04-02,normal:2025-04-02:136,normal:2025-04-02:136_obj7,4c66e4a6760f9a739d1fc8462143897ce60c2a93fa4e7e36ca634abb1631da3f,1380,1553
training/2025-04-02/objects_parts/136_obj7_tile_3356_2255.png,train,good,0,2025-04-02,normal:2025-04-02:136,normal:2025-04-02:136_obj7,1b5d9014d9c4e956a1a7618615f8269f6772c0f0cb72d7ae3a39dc78459af609,1334,1530
training/2025-04-02/objects_parts/136_obj7_tile_3356_2447.png,train,good,0,2025-04-02,normal:2025-04-02:136,normal:2025-04-02:136_obj7,404d35af0b04e099f2f5dfd0d099a2105bed6899c960f8a47af8ac3711dd2db0,1094,1347
training/2025-04-02/objects_parts/138_obj5_tile_3165_1525.png,train,good,0,2025-04-02,normal:2025-04-02:138,normal:2025-04-02:138_obj5,e806b110bcd3afd99a564991bdc7be965a9c59861ec34f69cd07ccedc5f01a32,732,860
training/2025-04-02/objects_parts/138_obj5_tile_3165_1717.png,train,good,0,2025-04-02,normal:2025-04-02:138,normal:2025-04-02:138_obj5,53634b44a7a89713f5ef793ca9ff5a24166431b025e3e791c6c2a6089910544f,928,1089
training/2025-04-02/objects_parts/138_obj5_tile_3357_1525.png,train,good,0,2025-04-02,normal:2025-04-02:138,normal:2025-04-02:138_obj5,615d7bb23ad2946c0a8913e1cc93a556abe0c5beb87343e37808647fb3d03948,1124,1287
training/2025-04-02/objects_parts/138_obj5_tile_3357_1717.png,train,good,0,2025-04-02,normal:2025-04-02:138,normal:2025-04-02:138_obj5,48d9b5698c03812823b1183181e2d1a42884abc59f191ca08b93c6e1596fe614,490,203
training/2025-04-02/objects_parts/138_obj6_tile_1774_1763.png,train,good,0,2025-04-02,normal:2025-04-02:138,normal:2025-04-02:138_obj6,bea7490d7ce2915776b6b802aa03dea06cd1300201b2dc2c418371b88c7273e7,1590,1660
training/2025-04-02/objects_parts/138_obj6_tile_1774_1955.png,train,good,0,2025-04-02,normal:2025-04-02:138,normal:2025-04-02:138_obj6,23521353961f5d5b5c19196da4d0cd3915062bc890c80ac96be23c0771376a45,1292,1493
training/2025-04-02/objects_parts/138_obj6_tile_1774_2147.png,train,good,0,2025-04-02,normal:2025-04-02:138,normal:2025-04-02:138_obj6,8c4b1e08a80cb38e25fdbf44fae049d2ef443b87808351dadae06ea7bc3cfc52,1384,1541
training/2025-04-02/objects_parts/138_obj6_tile_1774_2339.png,train,good,0,2025-04-02,normal:2025-04-02:138,normal:2025-04-02:138_obj6,abb00aed751ccaebedbfbee8632b076db3141be5d629940e71fe7a5802d835d8,1464,1594
training/2025-04-02/objects_parts/138_obj6_tile_1774_2531.png,train,good,0,2025-04-02,normal:2025-04-02:138,normal:2025-04-02:138_obj6,39bc8eb6e833a9a5f218d16950bf5e1a38f848d009ed331d53a3ed03030e2d6e,1492,1610
training/2025-04-02/objects_parts/138_obj6_tile_1966_1763.png,train,good,0,2025-04-02,normal:2025-04-02:138,normal:2025-04-02:138_obj6,5c63631cc4326be1dafe806627e03d13440fb8e5d526776c5a2603ca98f83f52,1478,1602
training/2025-04-02/objects_parts/138_obj6_tile_1966_1955.png,train,good,0,2025-04-02,normal:2025-04-02:138,normal:2025-04-02:138_obj6,9dbbd4bc15702386a57a6a62b1ae7f7fa494fbd93e8e2dc1a6e1b32b57dfffba,918,1091
training/2025-04-02/objects_parts/138_obj6_tile_1966_2147.png,train,good,0,2025-04-02,normal:2025-04-02:138,normal:2025-04-02:138_obj6,1d7f2247740872cabb145e5227a76ced2010c185e24d075a8deed986910b94a3,1576,1653
training/2025-04-02/objects_parts/138_obj6_tile_1966_2339.png,train,good,0,2025-04-02,normal:2025-04-02:138,normal:2025-04-02:138_obj6,1a4c831d27c936d7046aa90ed77f9ebe431de2a62cca858e6ce0fed3734cf61b,1506,1618
training/2025-04-02/objects_parts/138_obj6_tile_1966_2531.png,train,good,0,2025-04-02,normal:2025-04-02:138,normal:2025-04-02:138_obj6,fa63229e43b9f3c71dad998a0dd5aa82286d2bb81ba94ff58742f97c0a9b4de5,1520,1625
training/2025-04-02/objects_parts/138_obj6_tile_2158_1763.png,train,good,0,2025-04-02,normal:2025-04-02:138,normal:2025-04-02:138_obj6,74dc11de2aa5dc477940347efaa43811d2162a44a65ebedb3ca87d00d10374eb,1548,1639
training/2025-04-02/objects_parts/138_obj6_tile_2158_1955.png,train,good,0,2025-04-02,normal:2025-04-02:138,normal:2025-04-02:138_obj6,ab576468948c53533fdd397ed623823a24917eedc84fb3b6ad93a047822e7918,1408,1562
training/2025-04-02/objects_parts/138_obj6_tile_2158_2147.png,train,good,0,2025-04-02,normal:2025-04-02:138,normal:2025-04-02:138_obj6,756942ae20037c7fe0fe9ff10d0a8c6bfcc5204c44f23000399c67e37e682e1a,1338,1517
training/2025-04-02/objects_parts/138_obj6_tile_2158_2339.png,train,good,0,2025-04-02,normal:2025-04-02:138,normal:2025-04-02:138_obj6,9a93d5a83443d2271090746621856059ed9109eb97ce31543c4752f5ca6ee440,1604,1667
training/2025-04-02/objects_parts/138_obj6_tile_2158_2531.png,train,good,0,2025-04-02,normal:2025-04-02:138,normal:2025-04-02:138_obj6,9a69e83c8e62a8e7d8270599b0b186587dd9130c9db46d72643389684d04cd99,1562,1646
training/2025-04-02/objects_parts/138_obj6_tile_2350_1763.png,train,good,0,2025-04-02,normal:2025-04-02:138,normal:2025-04-02:138_obj6,cf2ed33d97d721d49572a74ec654a4483f949d7f1bc76e6f24e6e55c86889d2f,1534,1632
training/2025-04-02/objects_parts/138_obj6_tile_2350_1955.png,train,good,0,2025-04-02,normal:2025-04-02:138,normal:2025-04-02:138_obj6,386419f7445cf2984206a38d6a39bfb2c240051ebfb2d9c6aaf6cb241471feca,1422,1570
training/2025-04-02/objects_parts/138_obj6_tile_2350_2147.png,train,good,0,2025-04-02,normal:2025-04-02:138,normal:2025-04-02:138_obj6,5c31bdfaef2d720dbb161b3f757d90712b079b387f262ff4d0c538769994f141,722,862
training/2025-04-02/objects_parts/138_obj6_tile_2350_2339.png,train,good,0,2025-04-02,normal:2025-04-02:138,normal:2025-04-02:138_obj6,853aa65e83f79643a86a2a7204b202b905a73dbea71712a8c8a2c655dc20b822,470,214
training/2025-04-02/objects_parts/138_obj6_tile_2350_2531.png,train,good,0,2025-04-02,normal:2025-04-02:138,normal:2025-04-02:138_obj6,93425c8fe32240847f2751b86717f740a3ffff289f981f621ab1f5105dfc7faf,1200,1435
training/2025-04-02/objects_parts/138_obj6_tile_2542_1763.png,train,good,0,2025-04-02,normal:2025-04-02:138,normal:2025-04-02:138_obj6,76feab9128e91001272493c4ccd6bdce6cae33e84269d89143a50dcb1fb6e978,1450,1586
training/2025-04-02/objects_parts/138_obj6_tile_2542_1955.png,train,good,0,2025-04-02,normal:2025-04-02:138,normal:2025-04-02:138_obj6,9aca8e9d14b2a63883b5de3868a2252de8bad312a606992826a84b9818ed86d3,1114,1289
training/2025-04-02/objects_parts/138_obj6_tile_2542_2147.png,train,good,0,2025-04-02,normal:2025-04-02:138,normal:2025-04-02:138_obj6,c72204d6c2dfa18823b0e979c5f87fd6f22b846bd265c8be3018692b124aea2f,1436,1578
training/2025-04-02/objects_parts/138_obj6_tile_2542_2339.png,train,good,0,2025-04-02,normal:2025-04-02:138,normal:2025-04-02:138_obj6,11fb8bc1d92f7bc1216e3c6cf1e05d900b868a7c4700f31a5ecfa823278da96f,1246,1466
training/2025-04-02/objects_parts/138_obj7_tile_2972_2063.png,train,good,0,2025-04-02,normal:2025-04-02:138,normal:2025-04-02:138_obj7,fc5f34f7f5c191540a6e61537758a51fb7a896355ce03d4655115e6494cd0153,938,1134
training/2025-04-02/objects_parts/138_obj7_tile_2972_2255.png,train,good,0,2025-04-02,normal:2025-04-02:138,normal:2025-04-02:138_obj7,2139fafbc30c96759e56f68d4de01b6c672d9fd86a2c8b904f0823018d8799dc,1296,1502
training/2025-04-02/objects_parts/138_obj7_tile_2972_2447.png,train,good,0,2025-04-02,normal:2025-04-02:138,normal:2025-04-02:138_obj7,10d95ae67665e2693f1c41242a1a1779a78c6331ddf5354f3c71d5363524e91e,508,409
training/2025-04-02/objects_parts/138_obj7_tile_3164_2063.png,train,good,0,2025-04-02,normal:2025-04-02:138,normal:2025-04-02:138_obj7,55b8b18a2aa92e9a96552a8cc021ba0a35917056b30cd406642a91254eb55163,742,914
training/2025-04-02/objects_parts/138_obj7_tile_3164_2255.png,train,good,0,2025-04-02,normal:2025-04-02:138,normal:2025-04-02:138_obj7,2fe0500f7e918be25214d457744943c91f8712271a89b944672edb8836747f2a,1388,1549
training/2025-04-02/objects_parts/138_obj7_tile_3164_2447.png,train,good,0,2025-04-02,normal:2025-04-02:138,normal:2025-04-02:138_obj7,1a4115d794c86df0c755f14e9e79cbfd82d14e524e2eef2eefcbddd20cbbb719,1250,1475
training/2025-04-02/objects_parts/138_obj7_tile_3356_2063.png,train,good,0,2025-04-02,normal:2025-04-02:138,normal:2025-04-02:138_obj7,fcbb21ba893763ad21767c533fdf9948b538e89672cb128292ea3012c610e318,1204,1444
training/2025-04-02/objects_parts/138_obj7_tile_3356_2255.png,train,good,0,2025-04-02,normal:2025-04-02:138,normal:2025-04-02:138_obj7,4c959260e5454538da7d8e6cf222482bd3daec967764c069f09932fe16f6ee54,1342,1526
training/2025-04-02/objects_parts/138_obj7_tile_3356_2447.png,train,good,0,2025-04-02,normal:2025-04-02:138,normal:2025-04-02:138_obj7,0f6206c0712f7f9998c9e1bf8b1c6c4e154976a34ae387f739265e2dfdd7dd5f,1134,1329
training/2025-04-02/objects_parts/178_obj5_tile_3166_1525.png,train,good,0,2025-04-02,normal:2025-04-02:178,normal:2025-04-02:178_obj5,34696279d4db01097a16f5b03de192bb1ed5992ab0dda9bbf1ccf447b344d04e,348,665
training/2025-04-02/objects_parts/178_obj5_tile_3166_1717.png,train,good,0,2025-04-02,normal:2025-04-02:178,normal:2025-04-02:178_obj5,d137623b99256ba71bca96aaf63e741328b4bcea18ddb29ae61ceae2d5ab1e54,666,993
training/2025-04-02/objects_parts/178_obj5_tile_3358_1525.png,train,good,0,2025-04-02,normal:2025-04-02:178,normal:2025-04-02:178_obj5,e298eba70ffabb7a42cf89f068da73fceeca3208da43235ebaa60f5591681039,862,1199
training/2025-04-02/objects_parts/178_obj5_tile_3358_1717.png,train,good,0,2025-04-02,normal:2025-04-02:178,normal:2025-04-02:178_obj5,38e69db0924325665042742bf851f6b3dcf3a74b935fea8701aa2a159ad9a159,1058,1391
training/2025-04-02/objects_parts/178_obj6_tile_1773_1764.png,train,good,0,2025-04-02,normal:2025-04-02:178,normal:2025-04-02:178_obj6,35778483129858d8bf6caf3aec82c4d404508fba74c63564e2f413d301c71e04,1186,1429
training/2025-04-02/objects_parts/178_obj6_tile_1773_1956.png,train,good,0,2025-04-02,normal:2025-04-02:178,normal:2025-04-02:178_obj6,44ed3e0b28e53051a199c9c039190d8c308edf2f2330b2423aa53a94b4ece616,1516,1623
training/2025-04-02/objects_parts/178_obj6_tile_1773_2148.png,train,good,0,2025-04-02,normal:2025-04-02:178,normal:2025-04-02:178_obj6,76d494475853ffd33d1b69d0d9e11ebb97d0d816d0a636690bd1f6d96673e7f7,1446,1584
training/2025-04-02/objects_parts/178_obj6_tile_1773_2340.png,train,good,0,2025-04-02,normal:2025-04-02:178,normal:2025-04-02:178_obj6,60c9b048f099bcce96c06f5093ffbaeaecb9bf9b6bfb9c611f95d8686d4b06bf,1474,1600
training/2025-04-02/objects_parts/178_obj6_tile_1773_2532.png,train,good,0,2025-04-02,normal:2025-04-02:178,normal:2025-04-02:178_obj6,060ba04cbe81b8977d10a6d68fd778d9cacd5aa14503648e4d7af64dbcaf455d,1600,1665
training/2025-04-02/objects_parts/178_obj6_tile_1965_1764.png,train,good,0,2025-04-02,normal:2025-04-02:178,normal:2025-04-02:178_obj6,93033061d8b3550e44b339b14b10b74e793004c5e75f2e5ffab714e2386c0af9,1544,1637
training/2025-04-02/objects_parts/178_obj6_tile_1965_1956.png,train,good,0,2025-04-02,normal:2025-04-02:178,normal:2025-04-02:178_obj6,c81f2524709e31e441653d4e44ef853ad02a584cef0e21bf5948f9f64436881b,648,807
training/2025-04-02/objects_parts/178_obj6_tile_1965_2148.png,train,good,0,2025-04-02,normal:2025-04-02:178,normal:2025-04-02:178_obj6,ddfb15cd28f8ac1b475923334a792bbd9f544ba14842e0ec5c6c2dce818df4b5,1278,1490
training/2025-04-02/objects_parts/178_obj6_tile_1965_2340.png,train,good,0,2025-04-02,normal:2025-04-02:178,normal:2025-04-02:178_obj6,0cb6471ce60195b3a6dec389030977639affd0ada617822d6fbe3f22cd4e33e3,1502,1616
training/2025-04-02/objects_parts/178_obj6_tile_1965_2532.png,train,good,0,2025-04-02,normal:2025-04-02:178,normal:2025-04-02:178_obj6,38cef3d5225aea98ec77421d1b968ef91782b33ca6548da8a6258f24d5ff255d,1460,1592
training/2025-04-02/objects_parts/178_obj6_tile_2157_1764.png,train,good,0,2025-04-02,normal:2025-04-02:178,normal:2025-04-02:178_obj6,e4ae04d0bcbbad5b2d990f1f5a059c9dafa07c993c4cfb7da2e781f00db56952,1370,1538
training/2025-04-02/objects_parts/178_obj6_tile_2157_1956.png,train,good,0,2025-04-02,normal:2025-04-02:178,normal:2025-04-02:178_obj6,a8bc94d749e3b4db02638935291dce53820f6bdcf22cb07c878c7b809eaaae28,1418,1568
training/2025-04-02/objects_parts/178_obj6_tile_2157_2148.png,train,good,0,2025-04-02,normal:2025-04-02:178,normal:2025-04-02:178_obj6,d6b9271d5ee6a2d17c2be05639778a4aea383d5c83623ba035a10d97f90e2772,1432,1576
training/2025-04-02/objects_parts/178_obj6_tile_2157_2340.png,train,good,0,2025-04-02,normal:2025-04-02:178,normal:2025-04-02:178_obj6,a6f5d564d722bc9c31f895271622eec1ccb6c758774fe79d04beb0a4b76b9a27,1488,1608
training/2025-04-02/objects_parts/178_obj6_tile_2157_2532.png,train,good,0,2025-04-02,normal:2025-04-02:178,normal:2025-04-02:178_obj6,7326c4de69fde28de1fcecae90ca381a2b9a3ed78914dbceec000a9263ee9108,1558,1644
training/2025-04-02/objects_parts/178_obj6_tile_2349_1764.png,train,good,0,2025-04-02,normal:2025-04-02:178,normal:2025-04-02:178_obj6,757a3c547cee01e8be7dc9b20aa1f9f67b0df4e528342b8e53e36eb1228cba7a,1324,1514
training/2025-04-02/objects_parts/178_obj6_tile_2349_1956.png,train,good,0,2025-04-02,normal:2025-04-02:178,normal:2025-04-02:178_obj6,2111887ace15c0c7967251b2e8ce8120f9750072a4f5a4df18dff94cbd7e4d31,288,19
training/2025-04-02/objects_parts/178_obj6_tile_2349_2148.png,train,good,0,2025-04-02,normal:2025-04-02:178,normal:2025-04-02:178_obj6,9d0190b9a2910ffb2c6f6f5b795b1c3c4d33968486d845670d9dd92d62be76fc,1232,1460
training/2025-04-02/objects_parts/178_obj6_tile_2349_2340.png,train,good,0,2025-04-02,normal:2025-04-02:178,normal:2025-04-02:178_obj6,e73038ace34638199e994669c4a072b0a3979981f65dc19922564a71aefbde24,1530,1630
training/2025-04-02/objects_parts/178_obj6_tile_2349_2532.png,train,good,0,2025-04-02,normal:2025-04-02:178,normal:2025-04-02:178_obj6,5e5bf06785a36fc263396ab80d979923fceed4f6a8cdf124aee339e58a992f3a,1572,1651
training/2025-04-02/objects_parts/178_obj6_tile_2541_1764.png,train,good,0,2025-04-02,normal:2025-04-02:178,normal:2025-04-02:178_obj6,9df0c5f0e1177ac4fa40470929822e0333637b86d0be1f424aaa87998e33dafd,1404,1560
training/2025-04-02/objects_parts/178_obj6_tile_2541_1956.png,train,good,0,2025-04-02,normal:2025-04-02:178,normal:2025-04-02:178_obj6,9a2491bcf97741b2f04bce20b1e014d818008ecf1d15c5e8e5a8974a4032a65c,1586,1658
training/2025-04-02/objects_parts/178_obj6_tile_2541_2148.png,train,good,0,2025-04-02,normal:2025-04-02:178,normal:2025-04-02:178_obj6,d1204fb13df1009f624081361d633f2fcd43642968c3b36d0e964737a8797dc4,844,1046
training/2025-04-02/objects_parts/178_obj6_tile_2541_2340.png,train,good,0,2025-04-02,normal:2025-04-02:178,normal:2025-04-02:178_obj6,bf3ce4f8b2454186b6736b70cdc9ac8cb4beaf6c6f3264fe20f5cfb5389b1450,1040,1244
training/2025-04-02/objects_parts/178_obj7_tile_2972_2063.png,train,good,0,2025-04-02,normal:2025-04-02:178,normal:2025-04-02:178_obj7,3ecaa0d49f2dd31416cbc6809e28df35e1e2e47b2828a65a3cb469b35f610878,1194,1439
training/2025-04-02/objects_parts/178_obj7_tile_2972_2255.png,train,good,0,2025-04-02,normal:2025-04-02:178,normal:2025-04-02:178_obj7,e38acf63eb056ef58768882d1e8e8b4a89c84ae37b73b4a529cef4dc51211d28,896,1106
training/2025-04-02/objects_parts/178_obj7_tile_2972_2447.png,train,good,0,2025-04-02,normal:2025-04-02:178,normal:2025-04-02:178_obj7,21603f4a36f6fa3fbaf685b93c72188412b404a751787f233314a865349442ee,1286,1497
training/2025-04-02/objects_parts/178_obj7_tile_3164_2063.png,train,good,0,2025-04-02,normal:2025-04-02:178,normal:2025-04-02:178_obj7,a1abb4e2dcafa8f0b1742f243a43469ffa9881bf952c8ba0c070974fc8db9498,1240,1470
training/2025-04-02/objects_parts/178_obj7_tile_3164_2255.png,train,good,0,2025-04-02,normal:2025-04-02:178,normal:2025-04-02:178_obj7,e60e358a1a24c241e48f4380c77969b021671db634dbbcb060db3aa06df0454f,700,878
training/2025-04-02/objects_parts/178_obj7_tile_3164_2447.png,train,good,0,2025-04-02,normal:2025-04-02:178,normal:2025-04-02:178_obj7,e63e3c51857bdc64ca69de94e1448d65b46573a23f7d79f4e4052d47ab1eeccf,1092,1304
training/2025-04-02/objects_parts/178_obj7_tile_3356_2063.png,train,good,0,2025-04-02,normal:2025-04-02:178,normal:2025-04-02:178_obj7,fa16c3b99374cba3fc4f6d6c8acef988f01a5c041046c048f14a9006ab810c04,1378,1545
training/2025-04-02/objects_parts/178_obj7_tile_3356_2255.png,train,good,0,2025-04-02,normal:2025-04-02:178,normal:2025-04-02:178_obj7,7f00da33db6379f4f7c973fe4610f70ebe9f58003ecdfbde6e388270df5efd1c,432,292
training/2025-04-02/objects_parts/178_obj7_tile_3356_2447.png,train,good,0,2025-04-02,normal:2025-04-02:178,normal:2025-04-02:178_obj7,f4189fe6ba1cde496dae44cb5e4808ac96c0e938643be610a9eed2a8c798e51a,1332,1521
training/2025-04-02/objects_parts/216_obj5_tile_3167_1526.png,train,good,0,2025-04-02,normal:2025-04-02:216,normal:2025-04-02:216_obj5,8fc254bfe8bd94cf17412d45523f1f610d14e9178c143dcce5bfbd180cdd3abd,630,841
training/2025-04-02/objects_parts/216_obj5_tile_3359_1526.png,train,good,0,2025-04-02,normal:2025-04-02:216,normal:2025-04-02:216_obj5,8bcf605d35745f583a20a3b14ed5e7168bc76aa56d7ede3afa6bda75d9b69c02,222,138
training/2025-04-02/objects_parts/216_obj7_tile_2975_2066.png,train,good,0,2025-04-02,normal:2025-04-02:216,normal:2025-04-02:216_obj7,24d8c89dfd07db8c2587d2d8189ad2bc822ea317bccfda61065be161a660d5e7,614,997
training/2025-04-02/objects_parts/216_obj7_tile_2975_2258.png,train,good,0,2025-04-02,normal:2025-04-02:216,normal:2025-04-02:216_obj7,7b07c3f7cb47fd2fa08c0d0943c01213b3e8eee2ca2fed29e52ffff4cd09b506,1312,1534
training/2025-04-02/objects_parts/216_obj7_tile_2975_2450.png,train,good,0,2025-04-02,normal:2025-04-02:216,normal:2025-04-02:216_obj7,578eea06601ff65b71b4fbb249b8d2a94397483982f02d2065b6dddd35012f3f,812,1201
training/2025-04-02/objects_parts/216_obj7_tile_3167_2066.png,train,good,0,2025-04-02,normal:2025-04-02:216,normal:2025-04-02:216_obj7,cf3924af85f33680e45521689ca5ae8b5ac91858bf0d3d31e28ae746260e9072,177,676
training/2025-04-02/objects_parts/216_obj7_tile_3167_2258.png,train,good,0,2025-04-02,normal:2025-04-02:216,normal:2025-04-02:216_obj7,f3c170542a56f53482b9de9e223f856df8b8de534d0f4417e688d5cb2f9013b1,1008,1393
training/2025-04-02/objects_parts/216_obj7_tile_3167_2450.png,train,good,0,2025-04-02,normal:2025-04-02:216,normal:2025-04-02:216_obj7,0aad734bba046c8a2d84805e770b932ea068cee50e4cb60400ad0e2b1b91057b,1358,1556
training/2025-04-02/objects_parts/216_obj7_tile_3359_2066.png,train,good,0,2025-04-02,normal:2025-04-02:216,normal:2025-04-02:216_obj7,1f2a4bbc46a712182f456bb42cf444e0a8da2a9c8842bd9122a3b749a27bf076,1174,1454
training/2025-04-02/objects_parts/216_obj7_tile_3359_2258.png,train,good,0,2025-04-02,normal:2025-04-02:216,normal:2025-04-02:216_obj7,7d44cfe2d7be95c49c955e25f46a9f7b58c5566f4a3fe1ef26fedc880b4d2191,1220,1485
training/2025-04-02/objects_parts/216_obj7_tile_3359_2450.png,train,good,0,2025-04-02,normal:2025-04-02:216,normal:2025-04-02:216_obj7,c5ccd45c3df2ef5436d58c1ec93693ef71fa198afbcfc1b3d96272e4ed16c5dd,1266,1510
training/2025-04-02/objects_parts/217_obj5_tile_3167_1526.png,train,good,0,2025-04-02,normal:2025-04-02:217,normal:2025-04-02:217_obj5,eec15c0599765cde7158a56d3ea0969c945d0845cddc4ac5dcb2b9efd479a4a5,604,958
training/2025-04-02/objects_parts/217_obj5_tile_3359_1526.png,train,good,0,2025-04-02,normal:2025-04-02:217,normal:2025-04-02:217_obj5,64953961a383832467e4b68cca693eacd9ed1278ec845c51052e2bd6435004af,118,555
training/2025-04-02/objects_parts/217_obj7_tile_2975_2066.png,train,good,0,2025-04-02,normal:2025-04-02:217,normal:2025-04-02:217_obj7,dc00198405df6fd2656c92c26d169f48bc588f953527eaf6e223a8924b02c91f,1366,1543
training/2025-04-02/objects_parts/217_obj7_tile_2975_2258.png,train,good,0,2025-04-02,normal:2025-04-02:217,normal:2025-04-02:217_obj7,009e09ae4617298d7dad91c3fb57ddfdf7d3c828f0d8de63c89d1c7c666e149f,1228,1468
training/2025-04-02/objects_parts/217_obj7_tile_2975_2450.png,train,good,0,2025-04-02,normal:2025-04-02:217,normal:2025-04-02:217_obj7,9d65f445410b2f35b9eface43eaeb222149b014c292957da486554659d9b007d,638,867
training/2025-04-02/objects_parts/217_obj7_tile_3167_2066.png,train,good,0,2025-04-02,normal:2025-04-02:217,normal:2025-04-02:217_obj7,127e301f199e3e7bf9aae862437b7d9ef067f22c88ff2b15baa2b0c21a2c6707,1274,1495
training/2025-04-02/objects_parts/217_obj7_tile_3167_2258.png,train,good,0,2025-04-02,normal:2025-04-02:217,normal:2025-04-02:217_obj7,9ebc9e39fbe1cf730d0d349cf8e58713d229438a0654847246aa1b0c23b289c7,242,229
training/2025-04-02/objects_parts/217_obj7_tile_3167_2450.png,train,good,0,2025-04-02,normal:2025-04-02:217,normal:2025-04-02:217_obj7,e8013096f2ad7ae7552da723786aa36eea32745762f467fa75bd24bb76cadc46,1182,1437
training/2025-04-02/objects_parts/217_obj7_tile_3359_2066.png,train,good,0,2025-04-02,normal:2025-04-02:217,normal:2025-04-02:217_obj7,012f33c5605deb8f34e4f7743030f6f7c634f78f98f3956a700830a514d04ee8,1030,1293
training/2025-04-02/objects_parts/217_obj7_tile_3359_2258.png,train,good,0,2025-04-02,normal:2025-04-02:217,normal:2025-04-02:217_obj7,a3e79e9f18b89a9a396bfbb413abfc2834d48a500c1d7147d27e90e59203b31d,1320,1519
training/2025-04-02/objects_parts/217_obj7_tile_3359_2450.png,train,good,0,2025-04-02,normal:2025-04-02:217,normal:2025-04-02:217_obj7,dcb5bc79d32dff470e195c031472ef2ac2653d94aeb6d009dbafe7e1edf607cd,834,1095
training/2025-04-02/objects_parts/228_obj5_tile_3167_1527.png,train,good,0,2025-04-02,normal:2025-04-02:228,normal:2025-04-02:228_obj5,d39f56d9b991328ca87bf1924c3d20c19b76ff2596e7f02b68aa9a1a8b0465a9,172,87
training/2025-04-02/objects_parts/228_obj5_tile_3167_1719.png,train,good,0,2025-04-02,normal:2025-04-02:228,normal:2025-04-02:228_obj5,0ab383f450f5f5127f13c632f45ca62fc47b982fe047a8d77a0d83f88891b764,612,826
training/2025-04-02/objects_parts/228_obj5_tile_3359_1527.png,train,good,0,2025-04-02,normal:2025-04-02:228,normal:2025-04-02:228_obj5,7695bedb336653f2e9f1af3a8fcace725575cf7d46a36fa6d2cea6139ee7ad97,810,1060
training/2025-04-02/objects_parts/228_obj5_tile_3359_1719.png,train,good,0,2025-04-02,normal:2025-04-02:228,normal:2025-04-02:228_obj5,b4be46032912e1bf6f2515b615316538db1b3fe213ba30a3d230b329d435a752,1006,1258
training/2025-04-02/objects_parts/228_obj7_tile_2977_2066.png,train,good,0,2025-04-02,normal:2025-04-02:228,normal:2025-04-02:228_obj7,e6bcb195b8735456e17cce7d5c1b8a13a490c013ded7be070a2e9f1850f84261,192,367
training/2025-04-02/objects_parts/228_obj7_tile_2977_2258.png,train,good,0,2025-04-02,normal:2025-04-02:228,normal:2025-04-02:228_obj7,d9724ec4762576f0e81c2418f925127a804cfbd012eab80d178e0d9b6320ef69,1014,1319
training/2025-04-02/objects_parts/228_obj7_tile_2977_2450.png,train,good,0,2025-04-02,normal:2025-04-02:228,normal:2025-04-02:228_obj7,3869c85716fbbe630c4fe129b80edd32dbae20cf0ffcc6aa94a3927867ff2eb0,1314,1524
training/2025-04-02/objects_parts/228_obj7_tile_3169_2066.png,train,good,0,2025-04-02,normal:2025-04-02:228,normal:2025-04-02:228_obj7,641371076352b6d8a6fd5100f212d7cfc3bbbc77466da61f6479df782617ebc9,1222,1473
training/2025-04-02/objects_parts/228_obj7_tile_3169_2258.png,train,good,0,2025-04-02,normal:2025-04-02:228,normal:2025-04-02:228_obj7,088b46f1f70c663431278aefbee90abab091e2cb39457713327aef5c5a5b41e7,620,903
training/2025-04-02/objects_parts/228_obj7_tile_3169_2450.png,train,good,0,2025-04-02,normal:2025-04-02:228,normal:2025-04-02:228_obj7,3d9885605480aac3f58f4463133aab8db954ba55b42080c42067057c465edef7,1268,1500
training/2025-04-02/objects_parts/228_obj7_tile_3361_2066.png,train,good,0,2025-04-02,normal:2025-04-02:228,normal:2025-04-02:228_obj7,d0f8051cc58693ccb59367eef10a200494eb731184bc545637883acae7c0d569,1176,1442
training/2025-04-02/objects_parts/228_obj7_tile_3361_2258.png,train,good,0,2025-04-02,normal:2025-04-02:228,normal:2025-04-02:228_obj7,660555b35d11e61dc99bd79a15af1f788dbf519d4a58a9dff344507d70ba01d9,818,1124
training/2025-04-02/objects_parts/228_obj7_tile_3361_2450.png,train,good,0,2025-04-02,normal:2025-04-02:228,normal:2025-04-02:228_obj7,c5b1bf4f24f9929f4e26045b98ae81709c7815a11093249bf5ab14dd385a2154,1360,1547
training/2025-04-02/objects_parts/240_obj5_tile_3167_1526.png,train,good,0,2025-04-02,normal:2025-04-02:240,normal:2025-04-02:240_obj5,f9b3c15449e7b6f3353a1f1c106b1443ce95d4cf73c188a8e083406a2c155b2b,712,820
training/2025-04-02/objects_parts/240_obj5_tile_3167_1718.png,train,good,0,2025-04-02,normal:2025-04-02:240,normal:2025-04-02:240_obj5,ea102d4a000a5f50681e57f2ce276b5bc3ea8ebb7dd0f2eefba1d5362b410e9c,908,1054
training/2025-04-02/objects_parts/240_obj5_tile_3359_1526.png,train,good,0,2025-04-02,normal:2025-04-02:240,normal:2025-04-02:240_obj5,92e83b795a0b7251e8bb556598f1ba07d9539afcfee2e77f9451b6fb27742dab,450,72
training/2025-04-02/objects_parts/240_obj5_tile_3359_1718.png,train,good,0,2025-04-02,normal:2025-04-02:240,normal:2025-04-02:240_obj5,c14cd47f2a312ff87e6e749734796d8ebb6a9e39a0aa7d8ed930d2488016c3e0,1104,1252
training/2025-04-02/objects_parts/240_obj7_tile_2979_2069.png,train,good,0,2025-04-02,normal:2025-04-02:240,normal:2025-04-02:240_obj7,b9e893de29bc5102a943c8b9cc901366eb64dbd8967d2e5918571ae8986956b7,1140,1358
training/2025-04-02/objects_parts/240_obj7_tile_2979_2261.png,train,good,0,2025-04-02,normal:2025-04-02:240,normal:2025-04-02:240_obj7,34449cbe6817581a444b4a15d789916ea6903b99a0f55555c5e2b4a34a585143,944,1164
training/2025-04-02/objects_parts/240_obj7_tile_2979_2453.png,train,good,0,2025-04-02,normal:2025-04-02:240,normal:2025-04-02:240_obj7,1878b2f69c762a3ffc868ba25b3147a167371f5c20eca850d2f37df4dc2b7c55,1300,1507
training/2025-04-02/objects_parts/240_obj7_tile_3171_2069.png,train,good,0,2025-04-02,normal:2025-04-02:240,normal:2025-04-02:240_obj7,eeff30ab888f0b4589b7c40721f493491a06f851ca31f2a8d7c884b4a9159d28,1254,1482
training/2025-04-02/objects_parts/240_obj7_tile_3171_2453.png,train,good,0,2025-04-02,normal:2025-04-02:240,normal:2025-04-02:240_obj7,be67a4f143535b46ea7d07f0ce713b41595ada189b85c461a38f6fac3ed8662b,522,531
training/2025-04-02/objects_parts/240_obj7_tile_3363_2069.png,train,good,0,2025-04-02,normal:2025-04-02:240,normal:2025-04-02:240_obj7,fb784982adc973172fce752539d261fb142b4e0291f90b2c2a51f75ed887d279,748,949
training/2025-04-02/objects_parts/240_obj7_tile_3363_2261.png,train,good,0,2025-04-02,normal:2025-04-02:240,normal:2025-04-02:240_obj7,f48cfea717ae2936f0533fe09c7bc3c2ed817769f630a7f7e9c5c50bd49c0d50,1346,1531
training/2025-04-02/objects_parts/240_obj7_tile_3363_2453.png,train,good,0,2025-04-02,normal:2025-04-02:240,normal:2025-04-02:240_obj7,9f4c8ca44e15fe3fd3a5da4f17c24ed5f76fa15773238285eca2b70735555271,1208,1451
training/2025-04-02/objects_parts/257_obj5_tile_3166_1526.png,train,good,0,2025-04-02,normal:2025-04-02:257,normal:2025-04-02:257_obj5,19cef905e4a16f0c0c2cdfc0271a601178f00ef88a4168011d28dfaded7e9fc5,34,26
training/2025-04-02/objects_parts/257_obj5_tile_3166_1718.png,train,good,0,2025-04-02,normal:2025-04-02:257,normal:2025-04-02:257_obj5,89e608982e4d664ae5719b65d6c7f298e80b87555d77bc4dcc466d27f37c01ef,588,809
training/2025-04-02/objects_parts/257_obj5_tile_3358_1526.png,train,good,0,2025-04-02,normal:2025-04-02:257,normal:2025-04-02:257_obj5,bcbca48946427d35a3f9e21c3b4e70275893bc445fbdf4f8b23abbe9b34a018e,984,1246
training/2025-04-02/objects_parts/257_obj5_tile_3358_1718.png,train,good,0,2025-04-02,normal:2025-04-02:257,normal:2025-04-02:257_obj5,794d936f22589bd6bd0e49d7fa676c2689c518e950a23ed64bd0b0be7ba34665,788,1048
training/2025-04-02/objects_parts/257_obj7_tile_2985_2076.png,train,good,0,2025-04-02,normal:2025-04-02:257,normal:2025-04-02:257_obj7,e77c791b9842dc8bcc072daa7fd7078dec5a5d3f7965edcd6f6977b55b14c301,1172,1316
training/2025-04-02/objects_parts/257_obj7_tile_2985_2268.png,train,good,0,2025-04-02,normal:2025-04-02:257,normal:2025-04-02:257_obj7,a96953cf79cc977acf87385385058caccfbfaef4657abd0520909f471ca17ce2,580,354
training/2025-04-02/objects_parts/257_obj7_tile_2985_2460.png,train,good,0,2025-04-02,normal:2025-04-02:257,normal:2025-04-02:257_obj7,f6c4ef754ba50443cc0625fa030ecb82769a12486eae15f2c152fa18ea988e0a,1356,1523
training/2025-04-02/objects_parts/257_obj7_tile_3177_2076.png,train,good,0,2025-04-02,normal:2025-04-02:257,normal:2025-04-02:257_obj7,7a8e4f0027ea123ae26bb5ab00c8228a6303613e34954b919125cd87518243c5,1264,1472
training/2025-04-02/objects_parts/257_obj7_tile_3177_2460.png,train,good,0,2025-04-02,normal:2025-04-02:257,normal:2025-04-02:257_obj7,c6ec9bdc69771f2a5130b93d3e2750d955af64d8ab84c06633aaa3445d80f3de,780,898
training/2025-04-02/objects_parts/257_obj7_tile_3369_2076.png,train,good,0,2025-04-02,normal:2025-04-02:257,normal:2025-04-02:257_obj7,bc27a9a9601e0e3fa068ea7f50b17810884a425fec46931a7f4612744a3fc2d9,1218,1441
training/2025-04-02/objects_parts/257_obj7_tile_3369_2268.png,train,good,0,2025-04-02,normal:2025-04-02:257,normal:2025-04-02:257_obj7,f7295fb54b27bb0e08f150783ec1f081a422249c2bf3a60fb44c496b5fef1ff1,976,1120
training/2025-04-02/objects_parts/257_obj7_tile_3369_2460.png,train,good,0,2025-04-02,normal:2025-04-02:257,normal:2025-04-02:257_obj7,870d7d39cf0e0fed8030923f55c5258cbe69c241a70f4a6ad24de22bc1ab3abc,1310,1499
training/2025-04-02/objects_parts/303_obj5_tile_3164_1514.png,train,good,0,2025-04-02,normal:2025-04-02:303,normal:2025-04-02:303_obj5,24aae4028a14f7038a3400c0bc4cf6b788a1cbce486a156353b094a7bdaacfac,594,947
training/2025-04-02/objects_parts/303_obj5_tile_3164_1706.png,train,good,0,2025-04-02,normal:2025-04-02:303,normal:2025-04-02:303_obj5,b578eb6c69b7ab90b10eea713d090b4fc0fb85c6ba0ee2cb3e4cc90466d54618,794,1162
training/2025-04-02/objects_parts/303_obj5_tile_3356_1514.png,train,good,0,2025-04-02,normal:2025-04-02:303,normal:2025-04-02:303_obj5,f0eede79e75442cbb065d0d2704ae16e4dc80dd7b8b1f81553a797791a01e59e,990,1356
training/2025-04-02/objects_parts/303_obj5_tile_3356_1706.png,train,good,0,2025-04-02,normal:2025-04-02:303,normal:2025-04-02:303_obj5,868f094f2c0714847ebbb8fac18e2ad783ddd91ae5c77e39574ecd931e0f0d8d,70,518
training/2025-04-02/objects_parts/358_obj5_tile_3164_1509.png,train,good,0,2025-04-02,normal:2025-04-02:358,normal:2025-04-02:358_obj5,b92528797259d59fec5345d8e1a0422f508c1bd36ff2381dee99bb2abae640ba,932,1149
training/2025-04-02/objects_parts/358_obj5_tile_3164_1701.png,train,good,0,2025-04-02,normal:2025-04-02:358,normal:2025-04-02:358_obj5,beec89e4808b79eb024470b0c0ce23913819d0c043d658748dc90fe14de48b39,1128,1343
training/2025-04-02/objects_parts/358_obj5_tile_3356_1509.png,train,good,0,2025-04-02,normal:2025-04-02:358,normal:2025-04-02:358_obj5,7f63cc490531dfe1cef49ae895b2881ea3feef19a1efc207e3756ced7363e97d,736,929
training/2025-04-02/objects_parts/358_obj5_tile_3356_1701.png,train,good,0,2025-04-02,normal:2025-04-02:358,normal:2025-04-02:358_obj5,9cd0d5216fcf01f3446156f04fad0417c6843020d1359d2c9a9dafbaa2419667,498,451
training/2025-04-02/objects_parts/358_obj8_centered.png,train,good,0,2025-04-02,normal:2025-04-02:358,normal:2025-04-02:358_obj8,c049d77d1d462b6799377d90ed312fa976701ab1690d7be1f5212a901e3442f4,356,12
training/2025-04-02/objects_parts/359_obj5_tile_3164_1508.png,train,good,0,2025-04-02,normal:2025-04-02:359,normal:2025-04-02:359_obj5,5a7364c99d8fccc675734e90db3a567d6d0f583cf349e132dee51bb8c6f8f28f,1168,1353
training/2025-04-02/objects_parts/359_obj5_tile_3164_1700.png,train,good,0,2025-04-02,normal:2025-04-02:359,normal:2025-04-02:359_obj5,41f100d153855fb6f444d5a8b5072a659569a41e68f83d1325334807afaad7f8,972,1159
training/2025-04-02/objects_parts/359_obj5_tile_3356_1508.png,train,good,0,2025-04-02,normal:2025-04-02:359,normal:2025-04-02:359_obj5,c63d211f3239e3461e015190536b18586129e2390fb1e57b6729e4e39efc8d89,776,942
training/2025-04-02/objects_parts/359_obj5_tile_3356_1700.png,train,good,0,2025-04-02,normal:2025-04-02:359,normal:2025-04-02:359_obj5,1ff5e8e8249e71f3f152dbb3f0f3f374bbdf093d197c3785a05403a42ba0e299,576,489
training/2025-04-02/objects_parts/359_obj8_centered.png,train,good,0,2025-04-02,normal:2025-04-02:359,normal:2025-04-02:359_obj8,7195760c1b50a4ea34fc9075eb34e9c7b8f15d2d0020f9710cdb92ed20ce59e1,390,408
training/2025-04-02/objects_parts/360_obj5_tile_3164_1508.png,train,good,0,2025-04-02,normal:2025-04-02:360,normal:2025-04-02:360_obj5,20506a894a899ab7ae4cfd6ccd07458359a4455c4f82434132082aab5df4052d,974,1223
training/2025-04-02/objects_parts/360_obj5_tile_3164_1700.png,train,good,0,2025-04-02,normal:2025-04-02:360,normal:2025-04-02:360_obj5,f1e352e79e2db98d0e4561345abcc43ee74d5bdff78016697de3ee7ad4108ff8,778,1023
training/2025-04-02/objects_parts/360_obj5_tile_3356_1508.png,train,good,0,2025-04-02,normal:2025-04-02:360,normal:2025-04-02:360_obj5,1073e545d7d322a628d497a4263c7459e2594d5cacf032544de5a59c105fd1ee,1170,1414
training/2025-04-02/objects_parts/360_obj5_tile_3356_1700.png,train,good,0,2025-04-02,normal:2025-04-02:360,normal:2025-04-02:360_obj5,299442b189ff5c8e8f112b62bbf5e39b89096c62dcc1e6391acda243f7d727ba,578,751
training/2025-04-02/objects_parts/360_obj8_centered.png,train,good,0,2025-04-02,normal:2025-04-02:360,normal:2025-04-02:360_obj8,3821e62f0284c791c5ff490fa75a1487a62891fb8ecfbe8387c6aa5ea7abb590,106,539
training/2025-04-02/objects_parts/361_obj5_tile_3164_1508.png,train,good,0,2025-04-02,normal:2025-04-02:361,normal:2025-04-02:361_obj5,4c8090f1c1a167a086f838ea7469aae9dc26a625aefafd3bac382ce8f82cf671,830,1097
training/2025-04-02/objects_parts/361_obj5_tile_3164_1700.png,train,good,0,2025-04-02,normal:2025-04-02:361,normal:2025-04-02:361_obj5,ecac943aaf3bddee6469e23f0e048601b0f64e44052b6e4c7b161dd25e76882f,1026,1295
training/2025-04-02/objects_parts/361_obj5_tile_3356_1508.png,train,good,0,2025-04-02,normal:2025-04-02:361,normal:2025-04-02:361_obj5,7c86c69fb7f7954d6b466b612fc80ddfcadf6b91c3efd14af75c1e4904297eec,634,869
training/2025-04-02/objects_parts/361_obj5_tile_3356_1700.png,train,good,0,2025-04-02,normal:2025-04-02:361,normal:2025-04-02:361_obj5,75fe02d3b621070d3174aea19aee3302b8dad7219bc1044039169a0f6a085216,232,232
training/2025-04-02/objects_parts/361_obj8_centered.png,train,good,0,2025-04-02,normal:2025-04-02:361,normal:2025-04-02:361_obj8,02fb41b6c9758fdddc76a20835f89757e5017211a9ad518bdc29bcf6d10938e7,296,321
training/2025-04-02/objects_parts/363_obj5_tile_3164_1507.png,train,good,0,2025-04-02,normal:2025-04-02:363,normal:2025-04-02:363_obj5,d5e924571b11fac4f0dcec54704a902c58533258f0d1182999812a197d718547,187,16
training/2025-04-02/objects_parts/363_obj5_tile_3164_1699.png,train,good,0,2025-04-02,normal:2025-04-02:363,normal:2025-04-02:363_obj5,dc5fc0e74aebe09a3fa1cd4ed0891d09f4886e3a381fc5fddfe47c99f8c75481,816,1044
training/2025-04-02/objects_parts/363_obj5_tile_3356_1507.png,train,good,0,2025-04-02,normal:2025-04-02:363,normal:2025-04-02:363_obj5,5b82fa6a3a729a84fb5d0c2b1394a0fcf761bb3c859a1a0636f6184dc14adec5,618,805
training/2025-04-02/objects_parts/363_obj5_tile_3356_1699.png,train,good,0,2025-04-02,normal:2025-04-02:363,normal:2025-04-02:363_obj5,968a076aa953de1dd731be953b70db0d45fdccf0b9837eb33969bef31941ab7f,1012,1242
training/2025-04-02/objects_parts/363_obj8_centered.png,train,good,0,2025-04-02,normal:2025-04-02:363,normal:2025-04-02:363_obj8,b5047b935f5bda021f6c066a1287164dc599d3faf4d559f6b2bbb365b7f7c31b,574,130
training/2025-04-02/objects_parts/364_obj5_tile_3164_1505.png,train,good,0,2025-04-02,normal:2025-04-02:364,normal:2025-04-02:364_obj5,09f235660011c6bff05c260cbeef891e79cf73b599118a7c6689a352e90eb733,112,683
training/2025-04-02/objects_parts/364_obj5_tile_3164_1697.png,train,good,0,2025-04-02,normal:2025-04-02:364,normal:2025-04-02:364_obj5,49fe747eb13fe9e111f71df37294df53f671f1b097e2a08e1671f0984721a92d,998,1395
training/2025-04-02/objects_parts/364_obj5_tile_3356_1505.png,train,good,0,2025-04-02,normal:2025-04-02:364,normal:2025-04-02:364_obj5,ce88390fadcd569442626754f754d1ce2c38b34d472d0944ee097532fc3b4130,602,1000
training/2025-04-02/objects_parts/364_obj5_tile_3356_1697.png,train,good,0,2025-04-02,normal:2025-04-02:364,normal:2025-04-02:364_obj5,838bedec2ea52e4026f9ab766f276622cc00416147ecf8ea09ef9f725a948672,802,1203
training/2025-04-02/objects_parts/364_obj8_centered.png,train,good,0,2025-04-02,normal:2025-04-02:364,normal:2025-04-02:364_obj8,37d9e1187fc6ea64c3d5078cf925b4d9ed466c9552624506ebe983f1e48eb33a,256,406
training/2025-04-02/objects_parts/458_obj5_tile_3166_1478.png,train,good,0,2025-04-02,normal:2025-04-02:458,normal:2025-04-02:458_obj5,581bb838eddd2732b3e822b8cc0ccb01b13dc2612cd7ea4d201ab0284ff7fdb8,1088,1363
training/2025-04-02/objects_parts/458_obj5_tile_3166_1670.png,train,good,0,2025-04-02,normal:2025-04-02:458,normal:2025-04-02:458_obj5,d29617a453095dd6632bb7c66ffd17905ac28adaebb7533368ba56eec4b5bff4,892,1169
training/2025-04-02/objects_parts/458_obj5_tile_3358_1478.png,train,good,0,2025-04-02,normal:2025-04-02:458,normal:2025-04-02:458_obj5,7e9dd092c7ad7b7689d78aec1dec96fc1e44320e247f890bc35a975549e19755,426,545
training/2025-04-02/objects_parts/458_obj5_tile_3358_1670.png,train,good,0,2025-04-02,normal:2025-04-02:458,normal:2025-04-02:458_obj5,2f260c925717a5d958554495c574755e749e39c762c3ee8e27d0bbdb8ed352fb,696,954
training/2025-04-02/objects_parts/458_obj8_centered.png,train,good,0,2025-04-02,normal:2025-04-02:458,normal:2025-04-02:458_obj8,44cea82e8b57d9a5f20534f793ca0f901ad691840da571d8ffa058be2ae369da,136,282
training/2025-04-02/objects_parts/45_obj8_centered.png,train,good,0,2025-04-02,normal:2025-04-02:45,normal:2025-04-02:45_obj8,abee8e4c530fa6c3dcf8b299816544f372d65ca6e3e025bb3d1ab1e03d632d1a,486,118
training/2025-04-02/objects_parts/460_obj5_tile_3166_1477.png,train,good,0,2025-04-02,normal:2025-04-02:460,normal:2025-04-02:460_obj5,0a5df614b965a6b7274f441284cff980731098285efe3b82c2c4484f90d8bf7e,1142,1365
training/2025-04-02/objects_parts/460_obj5_tile_3166_1669.png,train,good,0,2025-04-02,normal:2025-04-02:460,normal:2025-04-02:460_obj5,f758c3b86bfc14f6169f9691a6c1e77be16d3e38059d6c01f3eb055d773563ec,524,553
training/2025-04-02/objects_parts/460_obj5_tile_3358_1477.png,train,good,0,2025-04-02,normal:2025-04-02:460,normal:2025-04-02:460_obj5,e9341beb3d1744054df658a88439fa3d5b603aee493e13a1224b4e65b1a37152,946,1171
training/2025-04-02/objects_parts/460_obj5_tile_3358_1669.png,train,good,0,2025-04-02,normal:2025-04-02:460,normal:2025-04-02:460_obj5,3981552e63df09d5decc7d08970452f6ad69f5978db3499fdb290466fd0c1733,750,957
training/2025-04-02/objects_parts/460_obj8_centered.png,train,good,0,2025-04-02,normal:2025-04-02:460,normal:2025-04-02:460_obj8,80eec5051aa67165cbfdf2b0d2438081de7a506d2427ef05260ea7515b1dc8f8,154,392
training/2025-04-02/objects_parts/461_obj5_tile_3166_1477.png,train,good,0,2025-04-02,normal:2025-04-02:461,normal:2025-04-02:461_obj5,036d60e64a1398041f84f76db9bc60bf99a239449f7d0a58d725c52b28ccc8c3,746,971
training/2025-04-02/objects_parts/461_obj5_tile_3166_1669.png,train,good,0,2025-04-02,normal:2025-04-02:461,normal:2025-04-02:461_obj5,fcb0fda62300246fb6245b220593e38f40a2d04f6a0900d9add9f3222a9d3298,520,604
training/2025-04-02/objects_parts/461_obj5_tile_3358_1477.png,train,good,0,2025-04-02,normal:2025-04-02:461,normal:2025-04-02:461_obj5,8765d03fa0bfbe5503610a06133d3a0c947090f994fe99bf827292b6c46b45fd,942,1182
training/2025-04-02/objects_parts/461_obj5_tile_3358_1669.png,train,good,0,2025-04-02,normal:2025-04-02:461,normal:2025-04-02:461_obj5,23dfe96e868f7937195578ee2cb53d44845de7e786b8611a3389fd3e322be580,1138,1376
training/2025-04-02/objects_parts/461_obj8_centered.png,train,good,0,2025-04-02,normal:2025-04-02:461,normal:2025-04-02:461_obj8,e16796b82d040ae22f1b091f459fde39d54c415336d95e561a0f88e2be8b3bb7,526,34
training/2025-04-02/objects_parts/462_obj5_tile_3166_1477.png,train,good,0,2025-04-02,normal:2025-04-02:462,normal:2025-04-02:462_obj5,e8b4e57fbad6fb14d8b1e00c2e54359968701c010ac9d839a122b425d787c650,664,825
training/2025-04-02/objects_parts/462_obj5_tile_3166_1669.png,train,good,0,2025-04-02,normal:2025-04-02:462,normal:2025-04-02:462_obj5,ddf7a472f57a5cac88747d5d16e6dc8160582e976771f74a2b1a7bb0fe3ef1ef,1056,1257
training/2025-04-02/objects_parts/462_obj5_tile_3358_1477.png,train,good,0,2025-04-02,normal:2025-04-02:462,normal:2025-04-02:462_obj5,acdb50cc036f201a5986f9c1a7e1a28d8a57c5a4b5171ddda875c9d399464e92,860,1059
training/2025-04-02/objects_parts/462_obj5_tile_3358_1669.png,train,good,0,2025-04-02,normal:2025-04-02:462,normal:2025-04-02:462_obj5,5a3a68a2532013e0da9a19364ac96b45a743bb8902754f12204ef922b11ed837,340,85
training/2025-04-02/objects_parts/462_obj8_centered.png,train,good,0,2025-04-02,normal:2025-04-02:462,normal:2025-04-02:462_obj8,f60f3d56ed114a79149a0ee3ac8b2d7f8d603dbf4481b96d1fcc980ff6d3138a,414,324
training/2025-04-02/objects_parts/463_obj5_tile_3166_1477.png,train,good,0,2025-04-02,normal:2025-04-02:463,normal:2025-04-02:463_obj5,d661b59d6a9184050bb92eb3ecea7e4891c73ef0c557a1c3a4785fb86eaceacf,429,372
training/2025-04-02/objects_parts/463_obj5_tile_3166_1669.png,train,good,0,2025-04-02,normal:2025-04-02:463,normal:2025-04-02:463_obj5,83cbb0988a617dfb37c443d2ab28ad328b0628635b2e1d4192e55efcbfcf67e4,698,905
training/2025-04-02/objects_parts/463_obj5_tile_3358_1477.png,train,good,0,2025-04-02,normal:2025-04-02:463,normal:2025-04-02:463_obj5,562ec6a6fd62eb4f28e8b4904e224ff60a77ca96e3d04c14a8cf28931437d4fc,894,1126
training/2025-04-02/objects_parts/463_obj5_tile_3358_1669.png,train,good,0,2025-04-02,normal:2025-04-02:463,normal:2025-04-02:463_obj5,61f60fffab5533c13e782306327df2ac59cfb9f9b52f24ed394365613bbf6848,1090,1321
training/2025-04-02/objects_parts/463_obj8_centered.png,train,good,0,2025-04-02,normal:2025-04-02:463,normal:2025-04-02:463_obj8,485f26d67bebefc822d629ef7ac4bc3a84b6daf266fb664c12a784d19cded369,16,473
training/2025-04-02/objects_parts/464_obj5_tile_3167_1477.png,train,good,0,2025-04-02,normal:2025-04-02:464,normal:2025-04-02:464_obj5,96fade03ab3ae718614149361e0751c08705b21c622445384912b6702f5403c9,672,874
training/2025-04-02/objects_parts/464_obj5_tile_3167_1669.png,train,good,0,2025-04-02,normal:2025-04-02:464,normal:2025-04-02:464_obj5,1fbe67201ce688afc0ea45aae6c149733d06abfad7fcd1706b3f3e520df1d881,868,1102
training/2025-04-02/objects_parts/464_obj5_tile_3359_1477.png,train,good,0,2025-04-02,normal:2025-04-02:464,normal:2025-04-02:464_obj5,7909f6c06726aff30cfb724cee26909f62479ddeb6d7d083e7eda644d743d814,1064,1300
training/2025-04-02/objects_parts/464_obj5_tile_3359_1669.png,train,good,0,2025-04-02,normal:2025-04-02:464,normal:2025-04-02:464_obj5,dc3d2f6cd9c023cb46da1c23742eb3a13a6c52e7c4a14423f8fd117f820b95cb,366,252
training/2025-04-02/objects_parts/464_obj8_centered.png,train,good,0,2025-04-02,normal:2025-04-02:464,normal:2025-04-02:464_obj8,88e0b92b4db0b7c1693c4b33c9f5f5eb23a98a1dc604097b8154485fac2f8824,166,649
training/2025-04-02/objects_parts/466_obj5_tile_3167_1476.png,train,good,0,2025-04-02,normal:2025-04-02:466,normal:2025-04-02:466_obj5,67848fa83dd070fddf80a7baa2d9e6b29a0a06c35995602bacbbdb1e92d30dbc,608,1008
training/2025-04-02/objects_parts/466_obj5_tile_3167_1668.png,train,good,0,2025-04-02,normal:2025-04-02:466,normal:2025-04-02:466_obj5,c59d65c7fa7bc8ced17e84528712c963f40d7ba4cc538b118a42773d7e2dc6c7,148,713
training/2025-04-02/objects_parts/466_obj5_tile_3359_1476.png,train,good,0,2025-04-02,normal:2025-04-02:466,normal:2025-04-02:466_obj5,bcad7506df5c38ea1d4089c355a4d1f92a88631e255458ae82c2a6e673f63808,806,1210
training/2025-04-02/objects_parts/466_obj5_tile_3359_1668.png,train,good,0,2025-04-02,normal:2025-04-02:466,normal:2025-04-02:466_obj5,78d4003409a261d247ec23c23f59270594bcf91fd3977cdcfb25c0e66ba60652,1002,1402
training/2025-04-02/objects_parts/466_obj8_centered.png,train,good,0,2025-04-02,normal:2025-04-02:466,normal:2025-04-02:466_obj8,d7dcfad1410b99517799392f0f1a8b5ce17a685930806fd4f5fe6848b9289164,512,201
training/2025-04-02/objects_parts/468_obj5_tile_3167_1477.png,train,good,0,2025-04-02,normal:2025-04-02:468,normal:2025-04-02:468_obj5,6b466b9f4321598b7b76f2f9ace236b62418e1474cabd73b2757877793dcaabf,441,128
training/2025-04-02/objects_parts/468_obj5_tile_3167_1669.png,train,good,0,2025-04-02,normal:2025-04-02:468,normal:2025-04-02:468_obj5,339557db4dfe2021466ef4d588b9a44cfcf90cf0642a9bc36c0a1434ef50541f,706,838
training/2025-04-02/objects_parts/468_obj5_tile_3359_1477.png,train,good,0,2025-04-02,normal:2025-04-02:468,normal:2025-04-02:468_obj5,d229efd13f581c3f1d905057876000164948a15b582f52d73cc9e1091060fe6d,1098,1268
training/2025-04-02/objects_parts/468_obj5_tile_3359_1669.png,train,good,0,2025-04-02,normal:2025-04-02:468,normal:2025-04-02:468_obj5,c34558f2cef0f3bfda0a5e0423f90784d80c6ca0c20fd90dc7a5ee2a33c23380,902,1070
training/2025-04-02/objects_parts/468_obj8_centered.png,train,good,0,2025-04-02,normal:2025-04-02:468,normal:2025-04-02:468_obj8,c2e2208650367ab71ebf22c3589f71268857d8001e558a6d7bebeeefbfbb92e5,550,510
training/2025-04-02/objects_parts/469_obj5_tile_3168_1476.png,train,good,0,2025-04-02,normal:2025-04-02:469,normal:2025-04-02:469_obj5,0c024ad6b1b94281a04064538bfb41824bab9b406824e324806b535b0e63e9dc,622,832
training/2025-04-02/objects_parts/469_obj5_tile_3168_1668.png,train,good,0,2025-04-02,normal:2025-04-02:469,normal:2025-04-02:469_obj5,634f7f7786c7a8d0479882c7192bbc3b6d8bd41657452d5ee882afe71bd67b93,1016,1263
training/2025-04-02/objects_parts/469_obj5_tile_3360_1476.png,train,good,0,2025-04-02,normal:2025-04-02:469,normal:2025-04-02:469_obj5,e475b609f4eb1e55aedbc03af0505f46e498d1b2d2e3056f900dd39509ba245e,820,1065
training/2025-04-02/objects_parts/469_obj5_tile_3360_1668.png,train,good,0,2025-04-02,normal:2025-04-02:469,normal:2025-04-02:469_obj5,b48ed22c1444a9763731de8d27d79c8cf2a1fdfc5e48241c833ececd6ff054ea,197,112
training/2025-04-02/objects_parts/469_obj8_centered.png,train,good,0,2025-04-02,normal:2025-04-02:469,normal:2025-04-02:469_obj8,071f1f1d10b6df7ee05c4042db9707815ab586102f7a242dbc0d9461135645f5,540,134
training/2025-04-02/objects_parts/491_obj5_tile_3193_1479.png,train,good,0,2025-04-02,normal:2025-04-02:491,normal:2025-04-02:491_obj5,3e743ea5c8cfa60cbbf990a8e8ceeda74507d355b3141d6000c25ed3c87d200a,408,781
training/2025-04-02/objects_parts/491_obj5_tile_3193_1671.png,train,good,0,2025-04-02,normal:2025-04-02:491,normal:2025-04-02:491_obj5,5b27cec1d9f4852180fa60e901d14d410c3d71db882416e34cdf01b50488ab5f,690,1037
training/2025-04-02/objects_parts/491_obj5_tile_3385_1479.png,train,good,0,2025-04-02,normal:2025-04-02:491,normal:2025-04-02:491_obj5,93c7100a1a56657cd1f62bc44139a2011d0e7a829e945f95d4fa2e260094c1f5,886,1235
training/2025-04-02/objects_parts/491_obj5_tile_3385_1671.png,train,good,0,2025-04-02,normal:2025-04-02:491,normal:2025-04-02:491_obj5,c4a8da808614e6bb3bee19a36ec3b13ee138f55d206fa00c6a628ae6684ea9c5,1082,1424
training/2025-04-02/objects_parts/491_obj8_centered.png,train,good,0,2025-04-02,normal:2025-04-02:491,normal:2025-04-02:491_obj8,28b2fa21a585a7f98992b1bda2ea2387ee6e387649dadc74ea5fe78612fb7860,207,398
training/2025-04-02/objects_parts/492_obj5_tile_3193_1479.png,train,good,0,2025-04-02,normal:2025-04-02:492,normal:2025-04-02:492_obj5,bb38e3e4075037c68e3a1a30d49e1581527206ef74d6aef714599b8ed411b676,688,847
training/2025-04-02/objects_parts/492_obj5_tile_3193_1671.png,train,good,0,2025-04-02,normal:2025-04-02:492,normal:2025-04-02:492_obj5,5883f89d9b6d3c224ca8f348d98c682b60b0b71d337f6d5d0f313a289c31aab5,405,164
training/2025-04-02/objects_parts/492_obj5_tile_3385_1479.png,train,good,0,2025-04-02,normal:2025-04-02:492,normal:2025-04-02:492_obj5,39f2d43bd1907895e14231f4486293037ba301115a8a32c49aedd027c8468891,1080,1275
training/2025-04-02/objects_parts/492_obj5_tile_3385_1671.png,train,good,0,2025-04-02,normal:2025-04-02:492,normal:2025-04-02:492_obj5,c2febb710c3c39d72b72b958e87f1a116f33acc5f347376151620659b3e38a63,884,1077
training/2025-04-02/objects_parts/492_obj8_centered.png,train,good,0,2025-04-02,normal:2025-04-02:492,normal:2025-04-02:492_obj8,039534d72c6d19517da6485c65e38a42595d27b61b96802f2dc1f460370c8e0e,100,378
training/2025-04-02/objects_parts/493_obj5_tile_3193_1479.png,train,good,0,2025-04-02,normal:2025-04-02:493,normal:2025-04-02:493_obj5,507e52ac3eb2f8a7496e8f26cfdf9f956cb6d8cabf42c5a03497f527abee78cf,660,939
training/2025-04-02/objects_parts/493_obj5_tile_3193_1671.png,train,good,0,2025-04-02,normal:2025-04-02:493,normal:2025-04-02:493_obj5,430f3ccc7c34e2a935ff66063f320f43c3b462f5d29d593506db22161349a904,856,1157
training/2025-04-02/objects_parts/493_obj5_tile_3385_1479.png,train,good,0,2025-04-02,normal:2025-04-02:493,normal:2025-04-02:493_obj5,d56d83128a513125afdc2a6cb0b9be6b569fcc50ca2660cc3bd7f71e89b7a3ce,1052,1351
training/2025-04-02/objects_parts/493_obj5_tile_3385_1671.png,train,good,0,2025-04-02,normal:2025-04-02:493,normal:2025-04-02:493_obj5,daeba94ecae425195eca1a2c7253ec8750de259b6897c03f42a392ae88f779ec,332,478
training/2025-04-02/objects_parts/493_obj8_centered.png,train,good,0,2025-04-02,normal:2025-04-02:493,normal:2025-04-02:493_obj8,666ac429b80541162715c4cfd8d88e273de12af8a41d9b802ea1e8c39ab37184,252,234
training/2025-04-02/objects_parts/525_obj5_tile_3182_1473.png,train,good,0,2025-04-02,normal:2025-04-02:525,normal:2025-04-02:525_obj5,0661f2dccad153c1131f8e2d0016e989602462bda46cb45a3ba0e514cfed6daa,670,956
training/2025-04-02/objects_parts/525_obj5_tile_3182_1665.png,train,good,0,2025-04-02,normal:2025-04-02:525,normal:2025-04-02:525_obj5,8ee6fe0af27a7782a9fa8756d9c2bdeb761ad489eeafbab8f7ec2d8b23fa0aa2,1062,1364
training/2025-04-02/objects_parts/525_obj5_tile_3374_1473.png,train,good,0,2025-04-02,normal:2025-04-02:525,normal:2025-04-02:525_obj5,22d4ab68f1db4897fd114b669f8f5c187a39f8868c28a11da8d90082c0b099db,866,1170
training/2025-04-02/objects_parts/525_obj5_tile_3374_1665.png,train,good,0,2025-04-02,normal:2025-04-02:525,normal:2025-04-02:525_obj5,a73dfd295004035d03556135107ae3e62054fc46245e3e5e01a81fe9ebbc35f4,360,551
training/2025-04-02/objects_parts/525_obj8_centered.png,train,good,0,2025-04-02,normal:2025-04-02:525,normal:2025-04-02:525_obj8,24cc6bb3565b836976a312fef10a2432f433ee403d51621424366e62a7cfa0a9,300,179
training/2025-04-02/objects_parts/526_obj5_tile_3182_1474.png,train,good,0,2025-04-02,normal:2025-04-02:526,normal:2025-04-02:526_obj5,d2206cf0cd0c4bdcbc235522a824ef0096f2613d9b0f94e3c61700ab5a08d8a4,752,926
training/2025-04-02/objects_parts/526_obj5_tile_3182_1666.png,train,good,0,2025-04-02,normal:2025-04-02:526,normal:2025-04-02:526_obj5,afd817a793064d1e7e6bc6b94e1205e19754dc533917e2e2182f7c1b59302f33,1144,1340
training/2025-04-02/objects_parts/526_obj5_tile_3374_1474.png,train,good,0,2025-04-02,normal:2025-04-02:526,normal:2025-04-02:526_obj5,838e3cfe046d953c18b0fe64c59262150caf83d3be7c9d5bdc93c3a5733a04ee,530,443
training/2025-04-02/objects_parts/526_obj5_tile_3374_1666.png,train,good,0,2025-04-02,normal:2025-04-02:526,normal:2025-04-02:526_obj5,fffb5797f65acb3f6a58ed5b1b312ce8f06f8fe26a57cafe851afb62d3c437c5,948,1146
training/2025-04-02/objects_parts/526_obj8_centered.png,train,good,0,2025-04-02,normal:2025-04-02:526,normal:2025-04-02:526_obj8,5bedb3578668f0ed22c29fd95c1887807ec42c033fbd1333ea99fa972829eb74,316,323
training/2025-04-02/objects_parts/527_obj5_tile_3183_1475.png,train,good,0,2025-04-02,normal:2025-04-02:527,normal:2025-04-02:527_obj5,b2bdf924b86b7af80dc567f94ecc40061bb544ff00c62e708d06689b0bb9a466,652,1039
training/2025-04-02/objects_parts/527_obj5_tile_3183_1667.png,train,good,0,2025-04-02,normal:2025-04-02:527,normal:2025-04-02:527_obj5,79b54ff8b4ea514a85b08a55d094b190a2c7593f4af2494a4c2c0c05ec41ae3d,1044,1426
training/2025-04-02/objects_parts/527_obj5_tile_3375_1475.png,train,good,0,2025-04-02,normal:2025-04-02:527,normal:2025-04-02:527_obj5,93604c68345cea9adfa950176abf278a8ed41cd99b376c19dbedf969b67d2ed2,304,792
training/2025-04-02/objects_parts/527_obj5_tile_3375_1667.png,train,good,0,2025-04-02,normal:2025-04-02:527,normal:2025-04-02:527_obj5,7e5b5124b9980ecb3b9bc4d37289da346c34bd4efe6714aaa394be0db3746c92,848,1237
training/2025-04-02/objects_parts/527_obj8_centered.png,train,good,0,2025-04-02,normal:2025-04-02:527,normal:2025-04-02:527_obj8,aa760c5576e31edcd701ee635d1986cfd3199400f6bef3b1b7ef6605ba81a157,500,383
training/2025-04-02/objects_parts/528_obj5_tile_3183_1474.png,train,good,0,2025-04-02,normal:2025-04-02:528,normal:2025-04-02:528_obj5,91250f5512f218e372968a9e89933c057ea252b2be725b4e108673bb5c47f414,1102,1298
training/2025-04-02/objects_parts/528_obj5_tile_3183_1666.png,train,good,0,2025-04-02,normal:2025-04-02:528,normal:2025-04-02:528_obj5,248e8a7c7e4e9e08166db115dc83053d033305f56d9f620a43dcf64738f9f3fe,447,246
training/2025-04-02/objects_parts/528_obj5_tile_3375_1474.png,train,good,0,2025-04-02,normal:2025-04-02:528,normal:2025-04-02:528_obj5,7356656dc0fe1a3f0212a3cd66bae53760b02ecfc71e12dd19cc2461f9cc3e96,710,872
training/2025-04-02/objects_parts/528_obj5_tile_3375_1666.png,train,good,0,2025-04-02,normal:2025-04-02:528,normal:2025-04-02:528_obj5,432836af453ccba87bbb413b0a35e9f965dfbabd7462dd9276bd92387962885e,906,1100
training/2025-04-02/objects_parts/528_obj8_centered.png,train,good,0,2025-04-02,normal:2025-04-02:528,normal:2025-04-02:528_obj8,e1831f9879934e7adcb9d6819cf5d29ba0ddd5c084091435eac44585f7ba418c,502,109
training/2025-04-02/objects_parts/530_obj5_tile_3183_1474.png,train,good,0,2025-04-02,normal:2025-04-02:530,normal:2025-04-02:530_obj5,54fd299578b8b00349cd7ac20906ddcf61162c44e3f98da5ed2aa6266475b0b4,1120,1369
training/2025-04-02/objects_parts/530_obj5_tile_3183_1666.png,train,good,0,2025-04-02,normal:2025-04-02:530,normal:2025-04-02:530_obj5,2f2cf5c84b692411ff8fc937fdc2f66f8148ee254e608f5cc025c7dbfe921b09,728,963
training/2025-04-02/objects_parts/530_obj5_tile_3375_1474.png,train,good,0,2025-04-02,normal:2025-04-02:530,normal:2025-04-02:530_obj5,b331b46cd9ca87e72df7df1c7214c87ff92b18c2166da009e77bb01ef6935687,480,579
training/2025-04-02/objects_parts/530_obj5_tile_3375_1666.png,train,good,0,2025-04-02,normal:2025-04-02:530,normal:2025-04-02:530_obj5,89f9b9ab3b532a6c582f79b22f3b8ad20ab20407cbe514c5ebf3d3d67fe2567d,924,1175
training/2025-04-02/objects_parts/530_obj8_centered.png,train,good,0,2025-04-02,normal:2025-04-02:530,normal:2025-04-02:530_obj8,20538c645c578a8f528e451c3e5549d74cd3bf1769e0c03bb77f52423a2731cb,82,698
training/2025-04-02/objects_parts/531_obj5_tile_3183_1475.png,train,good,0,2025-04-02,normal:2025-04-02:531,normal:2025-04-02:531_obj5,1abf4cba45aeec26794f1ec8701c1e84f0c4f0fa7feb09ac5a4a2b6036215833,1152,1260
training/2025-04-02/objects_parts/531_obj5_tile_3183_1667.png,train,good,0,2025-04-02,normal:2025-04-02:531,normal:2025-04-02:531_obj5,86aff10a57ee3a9720d071b24814a83bb3df239f4978130a49e33e5b92e647f3,546,92
training/2025-04-02/objects_parts/531_obj5_tile_3375_1475.png,train,good,0,2025-04-02,normal:2025-04-02:531,normal:2025-04-02:531_obj5,e4e5af33c6df957fa85f0982ce1447105400b96036f1c32a46dd8a2a08400026,956,1062
training/2025-04-02/objects_parts/531_obj5_tile_3375_1667.png,train,good,0,2025-04-02,normal:2025-04-02:531,normal:2025-04-02:531_obj5,a2e383d2ca7e338610ec302543861c9c316c6206bf4efc029b84a89152ec24f5,760,828
training/2025-04-02/objects_parts/531_obj8_centered.png,train,good,0,2025-04-02,normal:2025-04-02:531,normal:2025-04-02:531_obj8,5133e2c15e8eb31c4ca3cf5df3984f0e44c42b236503eacf58b8e7e06be4adf4,411,598
training/2025-04-02/objects_parts/555_obj5_tile_3184_1477.png,train,good,0,2025-04-02,normal:2025-04-02:555,normal:2025-04-02:555_obj5,c230bd27a2701d3209a024b15c87d77ea0588f5589e9c7fc94df708945c731ef,1076,1417
training/2025-04-02/objects_parts/555_obj5_tile_3184_1669.png,train,good,0,2025-04-02,normal:2025-04-02:555,normal:2025-04-02:555_obj5,3a0a9a6fb99c7b2df8d3fca3befadbed4b565541e2fb9b3f289a59d719b4aa03,396,758
training/2025-04-02/objects_parts/555_obj5_tile_3376_1477.png,train,good,0,2025-04-02,normal:2025-04-02:555,normal:2025-04-02:555_obj5,c0109cf5e154212305a8bd43c740e48bf4a11006a57bdd2d65852a2d499f7d75,684,1026
training/2025-04-02/objects_parts/555_obj5_tile_3376_1669.png,train,good,0,2025-04-02,normal:2025-04-02:555,normal:2025-04-02:555_obj5,8ae0503458f4fd2e5dcea9aff6a4be2a7ed4391a6e0429f121a464b92c79aded,880,1226
training/2025-04-02/objects_parts/555_obj8_centered.png,train,good,0,2025-04-02,normal:2025-04-02:555,normal:2025-04-02:555_obj8,66a64a5cf10a3807213a4eb6ec55e1bad4e801a163e8e67cd245b850cb2c797a,378,435
training/2025-04-02/objects_parts/578_obj5_tile_3183_1473.png,train,good,0,2025-04-02,normal:2025-04-02:578,normal:2025-04-02:578_obj5,faaf109dd864754c9a049aafac3edfda884abadcbc9eb9660460c2587c1032f0,628,986
training/2025-04-02/objects_parts/578_obj5_tile_3183_1665.png,train,good,0,2025-04-02,normal:2025-04-02:578,normal:2025-04-02:578_obj5,bad4b2a7eaa5e7f51451b94a70cedd15ae02d738d09a338649e670a677fb80b2,217,640
training/2025-04-02/objects_parts/578_obj5_tile_3375_1473.png,train,good,0,2025-04-02,normal:2025-04-02:578,normal:2025-04-02:578_obj5,5fdb6e637b55b1c05e3b2da62dc2cb576b5c113761b20a9b95c828f91d81d9cc,826,1194
training/2025-04-02/objects_parts/578_obj5_tile_3375_1665.png,train,good,0,2025-04-02,normal:2025-04-02:578,normal:2025-04-02:578_obj5,6f7262987083a823d1b6a7a3b35c971ee85930337e728579aa771d9e87fc06a5,1022,1387
training/2025-04-02/objects_parts/578_obj8_centered.png,train,good,0,2025-04-02,normal:2025-04-02:578,normal:2025-04-02:578_obj8,86b60b4e5a5c4ba5e2071152cc82c232d6c65cb63f62ea897d8c7f0e6c8c0826,468,239
training/2025-04-02/objects_parts/615_obj5_tile_3179_1474.png,train,good,0,2025-04-02,normal:2025-04-02:615,normal:2025-04-02:615_obj5,5ed2d4902814afc266212d8534c72e49c2f39f4b13188ff81a108debe7a49d22,4,253
training/2025-04-02/objects_parts/615_obj5_tile_3179_1666.png,train,good,0,2025-04-02,normal:2025-04-02:615,normal:2025-04-02:615_obj5,6c3620cf34fdbcbf56fd587ca81b82c755771d4bef6d36f34387b8c79e9be1d0,782,1103
training/2025-04-02/objects_parts/615_obj5_tile_3371_1474.png,train,good,0,2025-04-02,normal:2025-04-02:615,normal:2025-04-02:615_obj5,7e3097fcd9fdd4fd2f9dbd7339835dc058ed4c88317f3c8e3aad760e6c0a2526,978,1301
training/2025-04-02/objects_parts/615_obj5_tile_3371_1666.png,train,good,0,2025-04-02,normal:2025-04-02:615,normal:2025-04-02:615_obj5,d84d751e946f0e20b94aaebdd2a03c6ee2d380785b8343ef3d7d22eb4378a8d5,582,875
training/2025-04-02/objects_parts/615_obj8_centered.png,train,good,0,2025-04-02,normal:2025-04-02:615,normal:2025-04-02:615_obj8,ccf15c28fa91c816aaed28996a1da2d4662277d15770300b62b01b5ea043cc88,562,432
training/2025-04-02/objects_parts/616_obj5_tile_3179_1474.png,train,good,0,2025-04-02,normal:2025-04-02:616,normal:2025-04-02:616_obj5,d7754849a4a188322a378e26b57fc83ffb36fea96dc8531d12554bb2989886e6,876,1074
training/2025-04-02/objects_parts/616_obj5_tile_3179_1666.png,train,good,0,2025-04-02,normal:2025-04-02:616,normal:2025-04-02:616_obj5,5a4a716dc3fb777d830c8c2855a750a4fca8bee5f22f4330e842f4be34aec3ae,680,844
training/2025-04-02/objects_parts/616_obj5_tile_3371_1474.png,train,good,0,2025-04-02,normal:2025-04-02:616,normal:2025-04-02:616_obj5,2dcb3293532bd61dc9892c0b57984aaf410fec90dcc64c76fceffda6655a53f6,1072,1272
training/2025-04-02/objects_parts/616_obj5_tile_3371_1666.png,train,good,0,2025-04-02,normal:2025-04-02:616,normal:2025-04-02:616_obj5,2a08473636e5a2d0e764132fc5badd137d11c25534a163a1ea6dc09147efbc5a,381,143
training/2025-04-02/objects_parts/616_obj8_centered.png,train,good,0,2025-04-02,normal:2025-04-02:616,normal:2025-04-02:616_obj8,ded2bb9ac687d67193e5662ec7c22c1084fc7cb6d8e37d68db1dc7a11e37a206,453,743
training/2025-04-02/objects_parts/617_obj5_tile_3179_1474.png,train,good,0,2025-04-02,normal:2025-04-02:617,normal:2025-04-02:617_obj5,97e10000628b305b347681284ab9b41dbfde665332f95e1a1379ce1477538c5e,836,1052
training/2025-04-02/objects_parts/617_obj5_tile_3179_1666.png,train,good,0,2025-04-02,normal:2025-04-02:617,normal:2025-04-02:617_obj5,410619734d53cb3df489b16531a6a9f0e1bb95d0edf9c82ca70a396ea496e4a9,640,818
training/2025-04-02/objects_parts/617_obj5_tile_3371_1474.png,train,good,0,2025-04-02,normal:2025-04-02:617,normal:2025-04-02:617_obj5,790edc9a57b6948a3479dd5b29306b1583f5b915875cd5baf7ef2be91ab182aa,260,66
training/2025-04-02/objects_parts/617_obj5_tile_3371_1666.png,train,good,0,2025-04-02,normal:2025-04-02:617,normal:2025-04-02:617_obj5,8c2aa19c6ec35e6b0f0b059a3d076f629d4d25cb88655dc4c1cf4e81fc406099,1032,1250
training/2025-04-02/objects_parts/617_obj8_centered.png,train,good,0,2025-04-02,normal:2025-04-02:617,normal:2025-04-02:617_obj8,1cf7fdbcdf38f58f26078f45abd2dab193c7bfd0f7b208ec747e052c79516d6f,247,126
training/2025-04-02/objects_parts/618_obj5_tile_3179_1474.png,train,good,0,2025-04-02,normal:2025-04-02:618,normal:2025-04-02:618_obj5,e15ac4e00fa704d05a97073a3e7c86df46385bca90fd317a39ec89dc2955094f,1100,1377
training/2025-04-02/objects_parts/618_obj5_tile_3179_1666.png,train,good,0,2025-04-02,normal:2025-04-02:618,normal:2025-04-02:618_obj5,02c6557a95de3b366e04bf2050e82a35b12ac0e64814c6a9c3c0c2615e42219e,444,608
training/2025-04-02/objects_parts/618_obj5_tile_3371_1474.png,train,good,0,2025-04-02,normal:2025-04-02:618,normal:2025-04-02:618_obj5,ec767e7a7d230b264ba2792df14c2f41b3704f34c0a11dcfa725716a25721fe3,708,973
training/2025-04-02/objects_parts/618_obj5_tile_3371_1666.png,train,good,0,2025-04-02,normal:2025-04-02:618,normal:2025-04-02:618_obj5,25fd83927fdd638bea3c0192356848f9a3c7f9caabbc2a94a6b724917f0e63da,904,1183
training/2025-04-02/objects_parts/618_obj8_centered.png,train,good,0,2025-04-02,normal:2025-04-02:618,normal:2025-04-02:618_obj8,7038e6d25b68ad04c33ff3a44df344306acdb9c534fd99f56badd4937dab2286,46,11
training/2025-04-02/objects_parts/619_obj5_tile_3179_1475.png,train,good,0,2025-04-02,normal:2025-04-02:619,normal:2025-04-02:619_obj5,88d3b723363809f74581aa8999c585f98242f5eb7b8aa0f18b88fc196559d57d,900,1109
training/2025-04-02/objects_parts/619_obj5_tile_3179_1667.png,train,good,0,2025-04-02,normal:2025-04-02:619,normal:2025-04-02:619_obj5,cc7a1968c68b5cac1f469717985fc66fbfe58ff2040c8e246e3619e61c11f8aa,1096,1307
training/2025-04-02/objects_parts/619_obj5_tile_3371_1475.png,train,good,0,2025-04-02,normal:2025-04-02:619,normal:2025-04-02:619_obj5,354b7d65eb6eee7e14a88f5910bd3d61f65d82dd3dd5098fc95d5d264c34d0e2,438,308
training/2025-04-02/objects_parts/619_obj5_tile_3371_1667.png,train,good,0,2025-04-02,normal:2025-04-02:619,normal:2025-04-02:619_obj5,93236259a7a3fba26d12ce86af663038287a819e707cfb9533f78e1bc7cc1454,704,882
training/2025-04-02/objects_parts/619_obj8_centered.png,train,good,0,2025-04-02,normal:2025-04-02:619,normal:2025-04-02:619_obj8,7b9d46ad45bda716f5ec7b811ebb3b066d930bdd958ec1edb6bcd85a56695817,344,103
training/2025-04-02/objects_parts/620_obj5_tile_3179_1475.png,train,good,0,2025-04-02,normal:2025-04-02:620,normal:2025-04-02:620_obj5,63ff65f8a7947a72eae854632ba4ddad495fdc0c310af07b533b4a26199e0d6a,808,1125
training/2025-04-02/objects_parts/620_obj5_tile_3179_1667.png,train,good,0,2025-04-02,normal:2025-04-02:620,normal:2025-04-02:620_obj5,4b3db61f0ab6e43c71c8a180d6ff261aa842ccecfe51eadab38371079187a7e2,1004,1320
training/2025-04-02/objects_parts/620_obj5_tile_3371_1475.png,train,good,0,2025-04-02,normal:2025-04-02:620,normal:2025-04-02:620_obj5,7c7502d7ffdaa997330f30da77dbe09cdf19e9a6840e0c0debcb936e846cd56a,160,370
training/2025-04-02/objects_parts/620_obj5_tile_3371_1667.png,train,good,0,2025-04-02,normal:2025-04-02:620,normal:2025-04-02:620_obj5,31e547527768034f88f442fee6277db8f55ad34d9f60e3e5b828ee09ef62aa9c,610,904
training/2025-04-02/objects_parts/620_obj8_centered.png,train,good,0,2025-04-02,normal:2025-04-02:620,normal:2025-04-02:620_obj8,bf22bc106906ff86f6be907dd96419251866b7abaf3aab8c1cd24d26456a993f,124,472
training/2025-04-02/objects_parts/622_obj5_tile_3178_1475.png,train,good,0,2025-04-02,normal:2025-04-02:622,normal:2025-04-02:622_obj5,060d9a81616e95de7d52a25437a94f1db971b6dfd21516da331fef1a8631f6c1,64,202
training/2025-04-02/objects_parts/622_obj5_tile_3178_1667.png,train,good,0,2025-04-02,normal:2025-04-02:622,normal:2025-04-02:622_obj5,f6191895e0880043b4784015801d1d15bf29663a99db8c60a2dd598e93e1e792,592,859
training/2025-04-02/objects_parts/622_obj5_tile_3370_1475.png,train,good,0,2025-04-02,normal:2025-04-02:622,normal:2025-04-02:622_obj5,da9250c37c4f87c8138f5ed5089c3a80cfc5e999051b898cca7587e588e0e3a2,792,1088
training/2025-04-02/objects_parts/622_obj5_tile_3370_1667.png,train,good,0,2025-04-02,normal:2025-04-02:622,normal:2025-04-02:622_obj5,230b73a199f15cd5d9a7b8b1e4b90af2595095c6c06fbacd14200e81f03eea4d,988,1286
training/2025-04-02/objects_parts/622_obj8_centered.png,train,good,0,2025-04-02,normal:2025-04-02:622,normal:2025-04-02:622_obj8,23c9aca81c95aeb0d25bf4b6dab69f2a2a4441f990f98a3cb64cead2b65a60f6,552,299
training/2025-04-02/objects_parts/623_obj5_tile_3178_1475.png,train,good,0,2025-04-02,normal:2025-04-02:623,normal:2025-04-02:623_obj5,8e2097716ba9493db9ade538472a254f6c2f29d85ccba01bd943bcbdebd485d4,682,1001
training/2025-04-02/objects_parts/623_obj5_tile_3178_1667.png,train,good,0,2025-04-02,normal:2025-04-02:623,normal:2025-04-02:623_obj5,cb7a1bb9c124be5948de3ef61401afc5da17040e9972e8286e295e9d09125aaf,393,684
training/2025-04-02/objects_parts/623_obj5_tile_3370_1475.png,train,good,0,2025-04-02,normal:2025-04-02:623,normal:2025-04-02:623_obj5,a82cc3d50e2389c033d06ef520be7b45b375b90e81b3b6b8ff1a5b98499928af,1074,1396
training/2025-04-02/objects_parts/623_obj5_tile_3370_1667.png,train,good,0,2025-04-02,normal:2025-04-02:623,normal:2025-04-02:623_obj5,e086dd2da8ed03f65ddc4d74d2fb833939a63aa9b8cac98a1eaf708e7991a7f6,878,1204
training/2025-04-02/objects_parts/623_obj8_centered.png,train,good,0,2025-04-02,normal:2025-04-02:623,normal:2025-04-02:623_obj8,cdb2a9736b951d64f1065a69d3fa5670bf9affd41c80aeb9a0271f26e054105a,264,347
training/2025-04-02/objects_parts/624_obj5_tile_3178_1476.png,train,good,0,2025-04-02,normal:2025-04-02:624,normal:2025-04-02:624_obj5,fbc923dc8f4ab436f3d08103bda8f1ba9ac4301f27facd4e5fee6a97f0d3b67e,922,1128
training/2025-04-02/objects_parts/624_obj5_tile_3178_1668.png,train,good,0,2025-04-02,normal:2025-04-02:624,normal:2025-04-02:624_obj5,9c82f68f1cc45be6997a72ad993045079e0b2dfe6d1c6738de955f181edd7838,478,380
training/2025-04-02/objects_parts/624_obj5_tile_3370_1476.png,train,good,0,2025-04-02,normal:2025-04-02:624,normal:2025-04-02:624_obj5,335127d7f867235f6a8f9086d7cff9bcf9ae570758c3284a0e039db655c2a7c8,1118,1323
training/2025-04-02/objects_parts/624_obj5_tile_3370_1668.png,train,good,0,2025-04-02,normal:2025-04-02:624,normal:2025-04-02:624_obj5,79eefe05ac780027d39db4dda083cc75a7a14e8e91218a9005b7b9a0ed9b59e3,726,908
training/2025-04-02/objects_parts/624_obj8_centered.png,train,good,0,2025-04-02,normal:2025-04-02:624,normal:2025-04-02:624_obj8,d1ad2a9f7c6538746e84345243a448c7af8f2546b151ea1f516bde1e81bdfb54,10,86
training/2025-04-02/objects_parts/625_obj5_tile_3177_1476.png,train,good,0,2025-04-02,normal:2025-04-02:625,normal:2025-04-02:625_obj5,fa82dca53b073e9c188f549a88d7b830ec1c17a083525b36d672e6254832292f,936,1115
training/2025-04-02/objects_parts/625_obj5_tile_3177_1668.png,train,good,0,2025-04-02,normal:2025-04-02:625,normal:2025-04-02:625_obj5,95796033ce4b8b95e2894c6042677504e320f5a793c40514c3e55ae0fee9757e,506,332
training/2025-04-02/objects_parts/625_obj5_tile_3369_1476.png,train,good,0,2025-04-02,normal:2025-04-02:625,normal:2025-04-02:625_obj5,7cfc559dc334ec734b73587e2aa36eb51bb145c4309aa14af04d64b7bfd48a80,740,889
training/2025-04-02/objects_parts/625_obj5_tile_3369_1668.png,train,good,0,2025-04-02,normal:2025-04-02:625,normal:2025-04-02:625_obj5,1cff5dbda09c29f7439a3624101f8801f760c546e4b104e5d25ed640389e57ee,1132,1312
training/2025-04-02/objects_parts/625_obj8_centered.png,train,good,0,2025-04-02,normal:2025-04-02:625,normal:2025-04-02:625_obj8,1e783315394cf27923da12c02577217d44dc05f1a6c6c1f1438010e6d91a9d05,484,492
training/2025-04-02/objects_parts/626_obj5_tile_3177_1476.png,train,good,0,2025-04-02,normal:2025-04-02:626,normal:2025-04-02:626_obj5,0af13122d5e7a77f6222b548510be8a1a980c01a77f84526c6d9c972dcb2632f,606,978
training/2025-04-02/objects_parts/626_obj5_tile_3177_1668.png,train,good,0,2025-04-02,normal:2025-04-02:626,normal:2025-04-02:626_obj5,6b374dbf83f6cccc2f09c2c7f003842beabfd8b276896b2564d09c33d2b562e1,804,1188
training/2025-04-02/objects_parts/626_obj5_tile_3369_1476.png,train,good,0,2025-04-02,normal:2025-04-02:626,normal:2025-04-02:626_obj5,3455ab5f1ba0c264def3f2a194c301e12d45fc17e3fe5ed086b775a4dc5968b5,1000,1382
training/2025-04-02/objects_parts/626_obj5_tile_3369_1668.png,train,good,0,2025-04-02,normal:2025-04-02:626,normal:2025-04-02:626_obj5,322d83346aba5f927f2cd247850b85f677b51dd9c0a539fbe5fe7ec16b92cb43,130,621
training/2025-04-02/objects_parts/626_obj8_centered.png,train,good,0,2025-04-02,normal:2025-04-02:626,normal:2025-04-02:626_obj8,b5a9857a99c949c360276880965927b75eae353c3b5f7ecc866ca513ddbf479c,514,144
training/2025-04-02/objects_parts/628_obj5_tile_3177_1477.png,train,good,0,2025-04-02,normal:2025-04-02:628,normal:2025-04-02:628_obj5,8da9849c4e9dc6678752c0a836342cc1989bf540227aa31785f7bead72b444e2,1070,1271
training/2025-04-02/objects_parts/628_obj5_tile_3177_1669.png,train,good,0,2025-04-02,normal:2025-04-02:628,normal:2025-04-02:628_obj5,6f1b61a64d5a07c53a3aa71c11441cf5b97fc97b0bedb9f814d477321479fe74,874,1073
training/2025-04-02/objects_parts/628_obj5_tile_3369_1477.png,train,good,0,2025-04-02,normal:2025-04-02:628,normal:2025-04-02:628_obj5,15dddafeb15337a87d690bd2f7dc2d1c904f293f082c6a58d98246790d9527ad,375,141
training/2025-04-02/objects_parts/628_obj5_tile_3369_1669.png,train,good,0,2025-04-02,normal:2025-04-02:628,normal:2025-04-02:628_obj5,4ec977584c27faf29095fa24824232120841935520ad130f6a4b027f0fd548d6,678,842
training/2025-04-02/objects_parts/628_obj8_centered.png,train,good,0,2025-04-02,normal:2025-04-02:628,normal:2025-04-02:628_obj8,3f3252503a846fe15937ab807536b277a078f2ff310a9a4fe2a561468ed8e48e,423,791
training/2025-04-02/objects_parts/629_obj5_tile_3175_1477.png,train,good,0,2025-04-02,normal:2025-04-02:629,normal:2025-04-02:629_obj5,ba1b6bd851d3fb832b613d3e7459f6fc56f239fc9dfbaa07b42e3e327c139671,632,819
training/2025-04-02/objects_parts/629_obj5_tile_3175_1669.png,train,good,0,2025-04-02,normal:2025-04-02:629,normal:2025-04-02:629_obj5,bc0f3a78de91bc97574106fab966144d6e29e5632f6eecf24eb10912693c8875,1024,1251
training/2025-04-02/objects_parts/629_obj5_tile_3367_1477.png,train,good,0,2025-04-02,normal:2025-04-02:629,normal:2025-04-02:629_obj5,7f3d64ee00b269794fa5957cc74bd007b1c4e60e6e4cbbc0e02c70bdad96fbcd,227,67
training/2025-04-02/objects_parts/629_obj5_tile_3367_1669.png,train,good,0,2025-04-02,normal:2025-04-02:629,normal:2025-04-02:629_obj5,5c29248e59ddad7f5f42fe5c32b08b1b89111d42a7aff31b1bd3ac69773562eb,828,1053
training/2025-04-02/objects_parts/629_obj8_centered.png,train,good,0,2025-04-02,normal:2025-04-02:629,normal:2025-04-02:629_obj8,e394c498482935f21d253a031380453010da309077e272874573c47866c174a6,560,256
training/2025-04-02/objects_parts/630_obj5_tile_3175_1477.png,train,good,0,2025-04-02,normal:2025-04-02:630,normal:2025-04-02:630_obj5,a9c7eee5eb4759adc8cb69c28561622ff79f33c62067db692f88fcae45744d66,1054,1406
training/2025-04-02/objects_parts/630_obj5_tile_3175_1669.png,train,good,0,2025-04-02,normal:2025-04-02:630,normal:2025-04-02:630_obj5,a28e53ae32a3893075cc200aaf304e5bf4dcb02cbc6d9faa7a306d8f3939774f,336,719
training/2025-04-02/objects_parts/630_obj5_tile_3367_1477.png,train,good,0,2025-04-02,normal:2025-04-02:630,normal:2025-04-02:630_obj5,c6b65a064ee30fb5864f4792dc84054521b74fd56cef4b78872da4c1ea4ac199,662,1012
training/2025-04-02/objects_parts/630_obj5_tile_3367_1669.png,train,good,0,2025-04-02,normal:2025-04-02:630,normal:2025-04-02:630_obj5,e7474f763bd403350337e3fe8df530b6341421de0f4e819acc75c700aa143e2d,858,1214
training/2025-04-02/objects_parts/630_obj8_centered.png,train,good,0,2025-04-02,normal:2025-04-02:630,normal:2025-04-02:630_obj8,47b6eedcebc57521bbd6232f3d7803c55a1ca21f27bd70dec01a86258b403424,534,91
training/2025-04-02/objects_parts/632_obj5_tile_3175_1478.png,train,good,0,2025-04-02,normal:2025-04-02:632,normal:2025-04-02:632_obj5,4f868e001a49bb0cce2d0676ff84dd53521cad7b6c20b2dd5a39ea0ca8596e23,800,1121
training/2025-04-02/objects_parts/632_obj5_tile_3175_1670.png,train,good,0,2025-04-02,normal:2025-04-02:632,normal:2025-04-02:632_obj5,f026db6187550ae7a5f9bfb1507bad58362d9e6887148272b3d138aba35bed94,94,361
training/2025-04-02/objects_parts/632_obj5_tile_3367_1478.png,train,good,0,2025-04-02,normal:2025-04-02:632,normal:2025-04-02:632_obj5,5a9c63c7a0b43954d213ee479d9d5f7276ae0748acaba96d4decdf8d7e9efd21,600,900
training/2025-04-02/objects_parts/632_obj5_tile_3367_1670.png,train,good,0,2025-04-02,normal:2025-04-02:632,normal:2025-04-02:632_obj5,af40b7519797efcab5083b0e5490f3a0d3311bee659e847ac51f9ba379a097ea,996,1317
training/2025-04-02/objects_parts/632_obj8_centered.png,train,good,0,2025-04-02,normal:2025-04-02:632,normal:2025-04-02:632_obj8,f40a1844fef70b1e4daa61d5ddddfdff984c2078cbbdcbf6a015e91bbed0c63e,548,436
training/2025-04-02/objects_parts/633_obj5_tile_3174_1478.png,train,good,0,2025-04-02,normal:2025-04-02:633,normal:2025-04-02:633_obj5,36bdc74ba0a0f5f8ef1996851251269c7dfc4d98f332e73dd1295d8f115e2509,538,101
training/2025-04-02/objects_parts/633_obj5_tile_3174_1670.png,train,good,0,2025-04-02,normal:2025-04-02:633,normal:2025-04-02:633_obj5,c187491f08882d0ed80f0530faf0879a2491c2148273a13a5b78201f883d9396,756,830
training/2025-04-02/objects_parts/633_obj5_tile_3366_1478.png,train,good,0,2025-04-02,normal:2025-04-02:633,normal:2025-04-02:633_obj5,4600a29d79888dd195b416f0d6cf5dfbeb785898f2d83bb22182d3330e7546aa,1148,1262
training/2025-04-02/objects_parts/633_obj5_tile_3366_1670.png,train,good,0,2025-04-02,normal:2025-04-02:633,normal:2025-04-02:633_obj5,3d372e0c55715292d94b0a34b73bdc438a7bfe9bd7de296b68ab022a4871af4c,952,1064
training/2025-04-02/objects_parts/633_obj8_centered.png,train,good,0,2025-04-02,normal:2025-04-02:633,normal:2025-04-02:633_obj8,6681d4d74cab47138cee8bb704887dab4de59fe8cf81c53749895b1dd64bf409,363,139
training/2025-04-02/objects_parts/635_obj5_tile_3174_1478.png,train,good,0,2025-04-02,normal:2025-04-02:635,normal:2025-04-02:635_obj5,0667b8bf9c393122f5596257b8bfde5281b0a6bd415bc86889a38353377d67c1,962,1156
training/2025-04-02/objects_parts/635_obj5_tile_3174_1670.png,train,good,0,2025-04-02,normal:2025-04-02:635,normal:2025-04-02:635_obj5,13854fa0c1b0a60bed223d4ebe546f741329add4a72bd557c49032a17b5ca8fc,766,938
training/2025-04-02/objects_parts/635_obj5_tile_3366_1478.png,train,good,0,2025-04-02,normal:2025-04-02:635,normal:2025-04-02:635_obj5,57c6e2969daebf84c143c7e0fe06455d9cfd88ac7a3fa158599139c1400f7414,558,470
training/2025-04-02/objects_parts/635_obj5_tile_3366_1670.png,train,good,0,2025-04-02,normal:2025-04-02:635,normal:2025-04-02:635_obj5,d27e086cc6116b615e08cff68d22846f54deec40cb0d084c10e40825a53b4fdc,1158,1350
training/2025-04-02/objects_parts/635_obj8_centered.png,train,good,0,2025-04-02,normal:2025-04-02:635,normal:2025-04-02:635_obj8,9ce65dcb48ae2aa70dc4790b620e5f6b693e67e21e1ae38603ba5700da945d46,387,619
training/2025-04-02/objects_parts/637_obj5_tile_3173_1479.png,train,good,0,2025-04-02,normal:2025-04-02:637,normal:2025-04-02:637_obj5,9a855b019afc3bd988613d8f4721735b56b8998ff9a6ce48171388a4ac549296,1122,1359
training/2025-04-02/objects_parts/637_obj5_tile_3173_1671.png,train,good,0,2025-04-02,normal:2025-04-02:637,normal:2025-04-02:637_obj5,3981b7022098fb545d5010954300d0282b2a6caf280418cabf9ca1e508ecf0a0,730,950
training/2025-04-02/objects_parts/637_obj5_tile_3365_1479.png,train,good,0,2025-04-02,normal:2025-04-02:637,normal:2025-04-02:637_obj5,d5b965bf3e5403eeda49934e9455614b2f3eb5ca8eaabc678907aa8c75b013a5,926,1165
training/2025-04-02/objects_parts/637_obj5_tile_3365_1671.png,train,good,0,2025-04-02,normal:2025-04-02:637,normal:2025-04-02:637_obj5,b327c1857ce8882147e52874f7280c097d9d5b7daa8e5db19e37927f9fac9ef2,482,533
training/2025-04-02/objects_parts/637_obj8_centered.png,train,good,0,2025-04-02,normal:2025-04-02:637,normal:2025-04-02:637_obj8,f5d3a309bbb15caee1e4a48452f2234be32c95ef67e7bcb3f64a5adc2fff4a6c,268,418
training/2025-04-02/objects_parts/638_obj5_tile_3173_1479.png,train,good,0,2025-04-02,normal:2025-04-02:638,normal:2025-04-02:638_obj5,f73bf29224a0a7c0208392f89b770e31c5686dfa52ec0e6891acca2d72032477,864,1158
training/2025-04-02/objects_parts/638_obj5_tile_3173_1671.png,train,good,0,2025-04-02,normal:2025-04-02:638,normal:2025-04-02:638_obj5,9d432553e28d86801ac3e889fb92aa359d616c1fb12c9c6a316b582be726177e,1060,1352
training/2025-04-02/objects_parts/638_obj5_tile_3365_1479.png,train,good,0,2025-04-02,normal:2025-04-02:638,normal:2025-04-02:638_obj5,b1ed15099ad7d247f7f4186621cc71ec3ef8d43e2f02a54f728cd051f90cd0dd,352,488
training/2025-04-02/objects_parts/638_obj5_tile_3365_1671.png,train,good,0,2025-04-02,normal:2025-04-02:638,normal:2025-04-02:638_obj5,be03ea2fec39a50efa45f49243ba927f3fb5dfd5376071ca12fad37b4d6a67b8,668,941
training/2025-04-02/objects_parts/638_obj8_centered.png,train,good,0,2025-04-02,normal:2025-04-02:638,normal:2025-04-02:638_obj8,1ea5bc9764521fd915415967245f8702f9b1a4675a27cafacb80f873135d8c47,399,206
training/2025-04-02/objects_parts/639_obj5_tile_3173_1480.png,train,good,0,2025-04-02,normal:2025-04-02:639,normal:2025-04-02:639_obj5,1c3996ca1122b00351cdc1d88bc9d1c2a94e557da302c6a26dac0909f639c391,292,437
training/2025-04-02/objects_parts/639_obj5_tile_3173_1672.png,train,good,0,2025-04-02,normal:2025-04-02:639,normal:2025-04-02:639_obj5,60c05ec6ffd1405f776bd090d503d3cd829402296b8f04366b83c0a17352d8b5,846,1142
training/2025-04-02/objects_parts/639_obj5_tile_3365_1480.png,train,good,0,2025-04-02,normal:2025-04-02:639,normal:2025-04-02:639_obj5,714a69a0345e55abb47dcf896f0d6205821f29dab8ba8f0c9fa54d5186a4cd17,650,922
training/2025-04-02/objects_parts/639_obj5_tile_3365_1672.png,train,good,0,2025-04-02,normal:2025-04-02:639,normal:2025-04-02:639_obj5,3759e9aa45041e63d920161ae90af7cab66f0e72d82d87c1d17b774078acfe5b,1042,1337
training/2025-04-02/objects_parts/639_obj8_centered.png,train,good,0,2025-04-02,normal:2025-04-02:639,normal:2025-04-02:639_obj8,b55254efb2e05f0172c5bb30b19dec1cf20856d1f69a0948595acbfaab672ad6,384,559
training/2025-04-02/objects_parts/640_obj5_tile_3173_1480.png,train,good,0,2025-04-02,normal:2025-04-02:640,normal:2025-04-02:640_obj5,2bc8f5b65ea6aa87430bb00ff58b57480aeb41301ee01edf777f9f046d99aaf3,584,948
training/2025-04-02/objects_parts/640_obj5_tile_3173_1672.png,train,good,0,2025-04-02,normal:2025-04-02:640,normal:2025-04-02:640_obj5,42da94ecfe0c2db18f723951e6589865107264ad6b239e01e977809e7f8d1f68,22,524
training/2025-04-02/objects_parts/640_obj5_tile_3365_1480.png,train,good,0,2025-04-02,normal:2025-04-02:640,normal:2025-04-02:640_obj5,5b3347a2ac8398a81fad20fff316bf29efa8ba595a0d956bfe98b0053cf98a82,980,1357
training/2025-04-02/objects_parts/640_obj5_tile_3365_1672.png,train,good,0,2025-04-02,normal:2025-04-02:640,normal:2025-04-02:640_obj5,b8c6566cde7d5ea68ccb13d9104e46c81e26c133caed239a1e52f37a36540786,784,1163
training/2025-04-02/objects_parts/640_obj8_centered.png,train,good,0,2025-04-02,normal:2025-04-02:640,normal:2025-04-02:640_obj8,5a2f5c33c32db332f0358f6a8eefb33eca3e4b5a511b0d302ea8415bf2db5ddc,572,703
training/2025-04-02/objects_parts/641_obj5_tile_3173_1480.png,train,good,0,2025-04-02,normal:2025-04-02:641,normal:2025-04-02:641_obj5,ffeb4e64bc8485c377e4c832c3b520f0e90f35a818655a3a564c86e4a334de22,320,678
training/2025-04-02/objects_parts/641_obj5_tile_3173_1672.png,train,good,0,2025-04-02,normal:2025-04-02:641,normal:2025-04-02:641_obj5,ef8e39352a817a9e695ab87fe297bf5b26ad492deabb953cb4127b08f33d43ba,1050,1394
training/2025-04-02/objects_parts/641_obj5_tile_3365_1480.png,train,good,0,2025-04-02,normal:2025-04-02:641,normal:2025-04-02:641_obj5,90664064d0a1f23b13550d9c3168aa3fa29768bce74ce14a10333ee94623a131,658,998
training/2025-04-02/objects_parts/641_obj5_tile_3365_1672.png,train,good,0,2025-04-02,normal:2025-04-02:641,normal:2025-04-02:641_obj5,c344aaad2a65a9c48cda81443dbb388edb9a0d0625a1fa5bb20194c64a7a2a15,854,1202
training/2025-04-02/objects_parts/641_obj8_centered.png,train,good,0,2025-04-02,normal:2025-04-02:641,normal:2025-04-02:641_obj8,717c404b5bdeb807c247a55eea117bec5dafdb41b8a86bb626e6b54f87fd13bf,494,430
training/2025-04-02/objects_parts/642_obj5_tile_3173_1480.png,train,good,0,2025-04-02,normal:2025-04-02:642,normal:2025-04-02:642_obj5,b3627f877c5db96c85af67e02202c13d364599f5e42775fd247f4da61f6a4f2c,814,1189
training/2025-04-02/objects_parts/642_obj5_tile_3173_1672.png,train,good,0,2025-04-02,normal:2025-04-02:642,normal:2025-04-02:642_obj5,5c9b6cdd4929e428459e4e50828229da4a560b28d4f5590d65e8de7639e8826e,616,980
training/2025-04-02/objects_parts/642_obj5_tile_3365_1480.png,train,good,0,2025-04-02,normal:2025-04-02:642,normal:2025-04-02:642_obj5,c0fcc8588ded2e342aa0a14841322da0db944b2bccb9d9acefebc05424df9e5a,182,627
training/2025-04-02/objects_parts/642_obj5_tile_3365_1672.png,train,good,0,2025-04-02,normal:2025-04-02:642,normal:2025-04-02:642_obj5,4d14028c211f7a16b34dd912e218ac8c093b416ecf12cea853147fe48c3a97ca,1010,1383
training/2025-04-02/objects_parts/642_obj8_centered.png,train,good,0,2025-04-02,normal:2025-04-02:642,normal:2025-04-02:642_obj8,a1e098071b4e30549f4f0da7745b247bd12f0e517eb6621f43b3e9ac5b2f068d,536,166
training/2025-04-02/objects_parts/645_obj11_tile_3101_1077.png,train,good,0,2025-04-02,normal:2025-04-02:645,normal:2025-04-02:645_obj11,9197c5e441fe6a05cf2eb802077c2004782da56a84808800fb532d6ed5d40c1e,518,706
training/2025-04-02/objects_parts/645_obj11_tile_3101_1269.png,train,good,0,2025-04-02,normal:2025-04-02:645,normal:2025-04-02:645_obj11,86f1ff3a9732ed2fded8c2ec09f7a1ad852c5434851ef68b673b6b6be8074b01,940,1209
training/2025-04-02/objects_parts/645_obj11_tile_3101_885.png,train,good,0,2025-04-02,normal:2025-04-02:645,normal:2025-04-02:645_obj11,1dffea5cc27c0edea60553e1395cb12c6dd9c52bac6876314b41c06d26897476,1344,1535
training/2025-04-02/objects_parts/645_obj11_tile_3293_1077.png,train,good,0,2025-04-02,normal:2025-04-02:645,normal:2025-04-02:645_obj11,b1b190b74d03fedd7debc56317089a9610fc4c0189f2aef45b4ac5c723ad1fe5,744,1007
training/2025-04-02/objects_parts/645_obj11_tile_3293_1269.png,train,good,0,2025-04-02,normal:2025-04-02:645,normal:2025-04-02:645_obj11,8ffac101abff42a3df8fddfaac61ca7b4181f4bf1320d3e456362a07f99c7f1c,1206,1456
training/2025-04-02/objects_parts/645_obj11_tile_3293_885.png,train,good,0,2025-04-02,normal:2025-04-02:645,normal:2025-04-02:645_obj11,71eeb95b47bb351be95ce4c2fe8f0e058d70448441c9e2b578f472677179a6b1,1136,1401
training/2025-04-02/objects_parts/645_obj11_tile_3485_1077.png,train,good,0,2025-04-02,normal:2025-04-02:645,normal:2025-04-02:645_obj11,43e4f29d30756f7685d7e354b3a9a5a9b504a48571cf50292dd20c7a572e9c67,1390,1557
training/2025-04-02/objects_parts/645_obj11_tile_3485_1269.png,train,good,0,2025-04-02,normal:2025-04-02:645,normal:2025-04-02:645_obj11,f7affdd0f653df15479805be7f7fc007560ca298113fcbfa520585c97924813d,1252,1486
training/2025-04-02/objects_parts/645_obj11_tile_3485_885.png,train,good,0,2025-04-02,normal:2025-04-02:645,normal:2025-04-02:645_obj11,13c6bcffb2a91c42bf9646c1e64e586fccf95b27bf363c0e1baf8211cf21620a,1298,1511
training/2025-04-02/objects_parts/645_obj5_tile_3171_1481.png,train,good,0,2025-04-02,normal:2025-04-02:645,normal:2025-04-02:645_obj5,6c52e45d79f332eb13642de5f9dbf1e1bfe7095bf7f3be982ced7a370c3beb8f,734,966
training/2025-04-02/objects_parts/645_obj5_tile_3171_1673.png,train,good,0,2025-04-02,normal:2025-04-02:645,normal:2025-04-02:645_obj5,e3358fce81af0b2a5466cd12ee1755d0b474df50e531bcbf2788f01dc04708d9,496,586
training/2025-04-02/objects_parts/645_obj5_tile_3363_1481.png,train,good,0,2025-04-02,normal:2025-04-02:645,normal:2025-04-02:645_obj5,00d9d051848f6b9b82077f1930ad55786ba771341c367770e20166525727f017,930,1177
training/2025-04-02/objects_parts/645_obj5_tile_3363_1673.png,train,good,0,2025-04-02,normal:2025-04-02:645,normal:2025-04-02:645_obj5,a9ebaf71544fa9d66e8a10d01e42ff9eb6fa53585f2d06319d7ac5e4447574b4,1126,1371
training/2025-04-02/objects_parts/645_obj8_centered.png,train,good,0,2025-04-02,normal:2025-04-02:645,normal:2025-04-02:645_obj8,31c4396613c15705a3d456ac3679234c7f9c9b98c459d24bf9f027cf02a2a290,284,484
training/2025-04-02/objects_parts/646_obj11_tile_3100_1077.png,train,good,0,2025-04-02,normal:2025-04-02:646,normal:2025-04-02:646_obj11,17211aa46988ed73059d5aef4c420471189556ab9f181bb43dea7c58f3b4c818,1364,1558
training/2025-04-02/objects_parts/646_obj11_tile_3100_1269.png,train,good,0,2025-04-02,normal:2025-04-02:646,normal:2025-04-02:646_obj11,1b9c3ed386259fcbb4903aa69594e531c86ccf0df62bef58e31c34ab55463390,626,1015
training/2025-04-02/objects_parts/646_obj11_tile_3100_885.png,train,good,0,2025-04-02,normal:2025-04-02:646,normal:2025-04-02:646_obj11,70972d661f52df65158243ccccdda24da1490b2043fd147f8fadf2dd5544591e,1272,1512
training/2025-04-02/objects_parts/646_obj11_tile_3292_1077.png,train,good,0,2025-04-02,normal:2025-04-02:646,normal:2025-04-02:646_obj11,4f078a79daffac5cadf1f3749e2f345bd58a37682c964dd63f13daecc30ae11e,1020,1408
training/2025-04-02/objects_parts/646_obj11_tile_3292_1269.png,train,good,0,2025-04-02,normal:2025-04-02:646,normal:2025-04-02:646_obj11,8c802141dcbf46e2dacd6734d43a7622c6a95a101e5f92949c499c62d611d616,824,1216
training/2025-04-02/objects_parts/646_obj11_tile_3292_885.png,train,good,0,2025-04-02,normal:2025-04-02:646,normal:2025-04-02:646_obj11,41075987782a6043a5e460a5690b0d5311b7db4cbac8a74957d5b9cbd716308c,1180,1457
training/2025-04-02/objects_parts/646_obj11_tile_3484_1077.png,train,good,0,2025-04-02,normal:2025-04-02:646,normal:2025-04-02:646_obj11,f15ef7ef6d6c39988ee8323b5ecbd2762fe6a96acf5aace6a670a5f7281be5ad,1226,1487
training/2025-04-02/objects_parts/646_obj11_tile_3484_1269.png,train,good,0,2025-04-02,normal:2025-04-02:646,normal:2025-04-02:646_obj11,00124916db5ccd7b64946c5fa819574fa612e3fc67a7ddbde920d073c4d12258,212,729
training/2025-04-02/objects_parts/646_obj11_tile_3484_885.png,train,good,0,2025-04-02,normal:2025-04-02:646,normal:2025-04-02:646_obj11,571ec0a186657aefcbe31f22930d90bcd3ae9ac2b4ac72ae73f67c40e6b2b098,1318,1536
training/2025-04-02/objects_parts/646_obj5_tile_3171_1482.png,train,good,0,2025-04-02,normal:2025-04-02:646,normal:2025-04-02:646_obj5,483942c143d75034bcfff4d23ce337f6ee78b45a06a60dd56af2b69a01e3b3a7,1078,1278
training/2025-04-02/objects_parts/646_obj5_tile_3171_1674.png,train,good,0,2025-04-02,normal:2025-04-02:646,normal:2025-04-02:646_obj5,3d2acb0109ab448900ce229d49b42cdb0492513a0e3050204536735430644380,402,172
training/2025-04-02/objects_parts/646_obj5_tile_3363_1482.png,train,good,0,2025-04-02,normal:2025-04-02:646,normal:2025-04-02:646_obj5,524a9f5b7142c3577e5e88a03ac9f19690b2dac7328dc1f2ed179cc4c16a64e0,882,1080
training/2025-04-02/objects_parts/646_obj5_tile_3363_1674.png,train,good,0,2025-04-02,normal:2025-04-02:646,normal:2025-04-02:646_obj5,be1a8d5df43badbd69e7aa4f4d73e528a64a8ef0bc686747b8dc367901ec0415,686,850
training/2025-04-02/objects_parts/646_obj8_centered.png,train,good,0,2025-04-02,normal:2025-04-02:646,normal:2025-04-02:646_obj8,359ffbbb54b168e664a4305f8e1611f621b6a75bcd8bd259a64116ef7fe3efdd,510,314
training/2025-04-02/objects_parts/647_obj11_tile_3099_1077.png,train,good,0,2025-04-02,normal:2025-04-02:647,normal:2025-04-02:647_obj11,fa79637422d6719e554b6cfc81eea3dbfdb2dac5fbfdc210f01e319fb1f3975b,738,977
training/2025-04-02/objects_parts/647_obj11_tile_3099_1269.png,train,good,0,2025-04-02,normal:2025-04-02:647,normal:2025-04-02:647_obj11,54e287a2cf2b1eaee77e79e83dd7c2e21223afba99a9786538c986d1bab9125c,1130,1381
training/2025-04-02/objects_parts/647_obj11_tile_3099_885.png,train,good,0,2025-04-02,normal:2025-04-02:647,normal:2025-04-02:647_obj11,437b6edfcd559e65db0c45e805915d51c48761680a88a11376dfc4428ed60cef,1386,1555
training/2025-04-02/objects_parts/647_obj11_tile_3291_1077.png,train,good,0,2025-04-02,normal:2025-04-02:647,normal:2025-04-02:647_obj11,f01f39074a37f92493de3af034ff70950e6f61153aef4981d19f6baa97eceb76,1294,1509
training/2025-04-02/objects_parts/647_obj11_tile_3291_1269.png,train,good,0,2025-04-02,normal:2025-04-02:647,normal:2025-04-02:647_obj11,aa63b32acb0fc14c6b5062359ec8b1c5ce526178a6b072918438df8bf9c425bd,1248,1484
training/2025-04-02/objects_parts/647_obj11_tile_3291_885.png,train,good,0,2025-04-02,normal:2025-04-02:647,normal:2025-04-02:647_obj11,d5f7635fd47ef99af7aec6dbf0487312b93a3f27cff29baedd286685cafbf647,504,618
training/2025-04-02/objects_parts/647_obj11_tile_3483_1077.png,train,good,0,2025-04-02,normal:2025-04-02:647,normal:2025-04-02:647_obj11,15df73e367ce63c297244dad22b74de289f598626cc8edcab3f55d7d74cf9c9c,1202,1453
training/2025-04-02/objects_parts/647_obj11_tile_3483_1269.png,train,good,0,2025-04-02,normal:2025-04-02:647,normal:2025-04-02:647_obj11,070dcf8130fb40e808d5375dffd6b81a0912d7d58822b96d9c3f4ced258eabdf,934,1187
training/2025-04-02/objects_parts/647_obj11_tile_3483_885.png,train,good,0,2025-04-02,normal:2025-04-02:647,normal:2025-04-02:647_obj11,45e1a03fd92a36a040e641cd40a3f900198551d7d38f6e8db882173c8581d51f,1340,1533
training/2025-04-02/objects_parts/647_obj5_tile_3170_1482.png,train,good,0,2025-04-02,normal:2025-04-02:647,normal:2025-04-02:647_obj5,2bd5c81eef678e7be3f72a12ba4e3e7cff5c05cc8802029c12aace6b34c424f3,276,363
training/2025-04-02/objects_parts/647_obj5_tile_3170_1674.png,train,good,0,2025-04-02,normal:2025-04-02:647,normal:2025-04-02:647_obj5,d2e34aed182b6cfc86d637f35ee88568bdd6e20b4492d58dadbbaf45e9cec5ff,840,1123
training/2025-04-02/objects_parts/647_obj5_tile_3362_1482.png,train,good,0,2025-04-02,normal:2025-04-02:647,normal:2025-04-02:647_obj5,d266013cdd91e72ef955e2ef86002ea5361c9aecd13ca19ca170934d9e22f8c3,644,902
training/2025-04-02/objects_parts/647_obj5_tile_3362_1674.png,train,good,0,2025-04-02,normal:2025-04-02:647,normal:2025-04-02:647_obj5,50c0536826abe1848203f7677aa2dd667dbb50077feba0f9dfc3d4f5fc6aafea,1036,1318
training/2025-04-02/objects_parts/647_obj8_centered.png,train,good,0,2025-04-02,normal:2025-04-02:647,normal:2025-04-02:647_obj8,7a74cbdc665cb5063e2a109c455e06c0a52ac805f48576101ac11712f500d9c4,324,115
training/2025-04-02/objects_parts/648_obj11_tile_3100_1076.png,train,good,0,2025-04-02,normal:2025-04-02:648,normal:2025-04-02:648_obj11,cad747faef374a8f997209de3111d16bb64db96848ea32b88382d8ddd4fa0552,1382,1540
training/2025-04-02/objects_parts/648_obj11_tile_3100_1268.png,train,good,0,2025-04-02,normal:2025-04-02:648,normal:2025-04-02:648_obj11,ac6b7d8adffaa28d01609ad368b0578f0ccbe0459edf88065877a99e81c24db0,1336,1516
training/2025-04-02/objects_parts/648_obj11_tile_3100_884.png,train,good,0,2025-04-02,normal:2025-04-02:648,normal:2025-04-02:648_obj11,2fd34f0f1e38c2a9649e81921caaa46690985dfc7d98f1f085cca988ce1204a3,459,132
training/2025-04-02/objects_parts/648_obj11_tile_3292_1076.png,train,good,0,2025-04-02,normal:2025-04-02:648,normal:2025-04-02:648_obj11,ee4b04b2d767ea843cfed03a8dd66d3f6b9c2c72f57a543cac9142f4024bd1b2,1108,1269
training/2025-04-02/objects_parts/648_obj11_tile_3292_1268.png,train,good,0,2025-04-02,normal:2025-04-02:648,normal:2025-04-02:648_obj11,713e3c010191d16cfb4c9e65ca7ebb97a6edec3188a29bfdaaa34c192eb71d93,912,1071
training/2025-04-02/objects_parts/648_obj11_tile_3292_884.png,train,good,0,2025-04-02,normal:2025-04-02:648,normal:2025-04-02:648_obj11,341c97a894b6bda25781fc4ff85db990e91ceb1026e6334b58ccb8458b681b3d,1198,1431
training/2025-04-02/objects_parts/648_obj11_tile_3484_1076.png,train,good,0,2025-04-02,normal:2025-04-02:648,normal:2025-04-02:648_obj11,66ebad99a02863d33a80f79fd03ba99e83e7bf91ebfab16720512c75c7ddfa51,716,839
training/2025-04-02/objects_parts/648_obj11_tile_3484_1268.png,train,good,0,2025-04-02,normal:2025-04-02:648,normal:2025-04-02:648_obj11,03e6bba71e4b85d0dd2256feafea7a13e344cbbf17763c105ae6dd3403ff555b,1244,1462
training/2025-04-02/objects_parts/648_obj11_tile_3484_884.png,train,good,0,2025-04-02,normal:2025-04-02:648,normal:2025-04-02:648_obj11,4f31ad94f4efaf4400f86b0c73162b79e5b067e86e86bec500d88c1ccb03e278,1290,1492
training/2025-04-02/objects_parts/648_obj5_tile_3170_1482.png,train,good,0,2025-04-02,normal:2025-04-02:648,normal:2025-04-02:648_obj5,ee041e19420ef0b51076324626dc6d3f0597b2077cd14c73f10ed7375993eab0,718,861
training/2025-04-02/objects_parts/648_obj5_tile_3170_1674.png,train,good,0,2025-04-02,normal:2025-04-02:648,normal:2025-04-02:648_obj5,b0f01e737ef395c7baf65b218b9b18460c81b2a5d5f99e7ec9d3ef4d6db76243,914,1090
training/2025-04-02/objects_parts/648_obj5_tile_3362_1482.png,train,good,0,2025-04-02,normal:2025-04-02:648,normal:2025-04-02:648_obj5,56ce035ccd9739ab291895c92ce8c1379af840a5fbdbfe5c826cbb89b6e886ca,1110,1288
training/2025-04-02/objects_parts/648_obj5_tile_3362_1674.png,train,good,0,2025-04-02,normal:2025-04-02:648,normal:2025-04-02:648_obj5,43cb997893f02b2f8782dc2dce93703ed979e40941b77969cccfd6e6ccbcb323,462,211
training/2025-04-02/objects_parts/648_obj8_centered.png,train,good,0,2025-04-02,normal:2025-04-02:648,normal:2025-04-02:648_obj8,46350c6f0acf60b05f8a8fa13ea98f5832c9423ac1be01ece6c8ce8ecd4c60ce,40,237
training/2025-04-02/objects_parts/649_obj11_tile_3102_1077.png,train,good,0,2025-04-02,normal:2025-04-02:649,normal:2025-04-02:649_obj11,601922e3bc14b1e91c546a5d6e5a246e0fb8d30c15d16e2da2b451db943e538e,1112,1341
training/2025-04-02/objects_parts/649_obj11_tile_3102_885.png,train,good,0,2025-04-02,normal:2025-04-02:649,normal:2025-04-02:649_obj11,037483496a2b343e43077e4943f3aa8198a65ed7bc30ea6fed97098e8a62147d,916,1147
training/2025-04-02/objects_parts/649_obj11_tile_3294_1077.png,train,good,0,2025-04-02,normal:2025-04-02:649,normal:2025-04-02:649_obj11,8c8ba2bd44256cc82d4f81ba681283737ceceea136309b1377a82445b67b3680,465,446
training/2025-04-02/objects_parts/649_obj11_tile_3294_885.png,train,good,0,2025-04-02,normal:2025-04-02:649,normal:2025-04-02:649_obj11,cb89c55ad038f2ec0617337f6fbb19fe3383397f470a8568967bd5b1cf2a27fb,720,927
training/2025-04-02/objects_parts/649_obj5_tile_3169_1482.png,train,good,0,2025-04-02,normal:2025-04-02:649,normal:2025-04-02:649_obj5,485cb777ea6db7fdb0351835844aeb5e800c65e8d9695068b7351ec171554570,564,782
training/2025-04-02/objects_parts/649_obj5_tile_3169_1674.png,train,good,0,2025-04-02,normal:2025-04-02:649,normal:2025-04-02:649_obj5,1c03d807cbaabdfd3e0d6324e693d070a35ed1c4f0ffca3b0e7c507d08b3d31d,964,1236
training/2025-04-02/objects_parts/649_obj5_tile_3361_1482.png,train,good,0,2025-04-02,normal:2025-04-02:649,normal:2025-04-02:649_obj5,d1507ad890be0d892c293065bb41d0bb1d5a28b50ac7eb0a83a97773be0a713a,768,1038
training/2025-04-02/objects_parts/649_obj5_tile_3361_1674.png,train,good,0,2025-04-02,normal:2025-04-02:649,normal:2025-04-02:649_obj5,810e4ec88e0d167e8e65f77382fe7cc0169383b2c285154703fe4d6587cef79f,1160,1425
training/2025-04-02/objects_parts/649_obj8_centered.png,train,good,0,2025-04-02,normal:2025-04-02:649,normal:2025-04-02:649_obj8,12a5146d159b96651eaa7da71ff7f4831704db80d13e5401f27c0ad19a5e2faf,516,301
training/2025-04-02/objects_parts/650_obj11_tile_3101_1078.png,train,good,0,2025-04-02,normal:2025-04-02:650,normal:2025-04-02:650_obj11,43109a232bcf07d024bb3b986cf86c99a24473173feb888b927acda67d447877,554,704
training/2025-04-02/objects_parts/650_obj11_tile_3101_886.png,train,good,0,2025-04-02,normal:2025-04-02:650,normal:2025-04-02:650_obj11,40cf1298b3f444a61ead429407e315af969d3762e56ba0d1e0987a9ce338cd19,762,1006
training/2025-04-02/objects_parts/650_obj11_tile_3293_1078.png,train,good,0,2025-04-02,normal:2025-04-02:650,normal:2025-04-02:650_obj11,cd8710577b7a2116f61e5614428dd2d40ce2d203fe7caeae8cb821249990a0d1,1154,1400
training/2025-04-02/objects_parts/650_obj11_tile_3293_886.png,train,good,0,2025-04-02,normal:2025-04-02:650,normal:2025-04-02:650_obj11,907bc4600fbac87363b83c7b5f0ce6213aa1bcf8da95fbd1541064e154136bdc,958,1208
training/2025-04-02/objects_parts/650_obj5_tile_3169_1482.png,train,good,0,2025-04-02,normal:2025-04-02:650,normal:2025-04-02:650_obj5,3ca9565e780fc281f39c4b82a6a8c1e6d3ff30aec67b81c76c66f2f782f21f80,798,1143
training/2025-04-02/objects_parts/650_obj5_tile_3169_1674.png,train,good,0,2025-04-02,normal:2025-04-02:650,normal:2025-04-02:650_obj5,b026911f3f3b5feb9559a86b534fc2af7328b8562b93d5a923ed365ed6cc937a,994,1338
training/2025-04-02/objects_parts/650_obj5_tile_3361_1482.png,train,good,0,2025-04-02,normal:2025-04-02:650,normal:2025-04-02:650_obj5,ef8fede491b7917081b543c739235fc4a9b402b5fe0b8fd5568748b677840e98,598,923
training/2025-04-02/objects_parts/650_obj5_tile_3361_1674.png,train,good,0,2025-04-02,normal:2025-04-02:650,normal:2025-04-02:650_obj5,d0e259d3f5fb834add1022f10217ce1043fa03581aa25751c4a0f84d3c465acb,88,438
training/2025-04-02/objects_parts/650_obj8_centered.png,train,good,0,2025-04-02,normal:2025-04-02:650,normal:2025-04-02:650_obj8,e617c1fd77a39d851c15825f65b4da4b5840a3a51ee88958c17ba5440f5e91a1,528,346
training/2025-04-02/objects_parts/677_obj5_tile_3161_1476.png,train,good,0,2025-04-02,normal:2025-04-02:677,normal:2025-04-02:677_obj5,b0558aea7d3771c8c74ef0890ec0b761da612fa45b001ec446ce65fd78d20dcd,1034,1416
training/2025-04-02/objects_parts/677_obj5_tile_3161_1668.png,train,good,0,2025-04-02,normal:2025-04-02:677,normal:2025-04-02:677_obj5,eda6557f006bdedf5e175fc77d729792184e04834907fe3677461bd7c9a35109,272,755
training/2025-04-02/objects_parts/677_obj5_tile_3353_1476.png,train,good,0,2025-04-02,normal:2025-04-02:677,normal:2025-04-02:677_obj5,689eeaacd530a96d2615254854fd95d7b4f63b6148c2cc915ef09ca2a256171f,838,1225
training/2025-04-02/objects_parts/677_obj5_tile_3353_1668.png,train,good,0,2025-04-02,normal:2025-04-02:677,normal:2025-04-02:677_obj5,86f45fbf68de1c042149e40ec9f695461b55dec1439dbfb2d03c067cb0ce57ea,642,1025
training/2025-04-02/objects_parts/677_obj8_centered.png,train,good,0,2025-04-02,normal:2025-04-02:677,normal:2025-04-02:677_obj8,12031ffb64edc4fbf3e4269b198e887f3fe1e43aa10c4df02daa391502ec61db,488,550
training/2025-04-02/objects_parts/754_obj5_tile_3187_1518.png,train,good,0,2025-04-02,normal:2025-04-02:754,normal:2025-04-02:754_obj5,d9efd94e37901139cb471dffe0f23856c6c772cfc40c46b5be4f5aa4555401f0,796,1140
training/2025-04-02/objects_parts/754_obj5_tile_3187_1710.png,train,good,0,2025-04-02,normal:2025-04-02:754,normal:2025-04-02:754_obj5,2ae6fd71e29627d45ada52409bf00f2379af48dfd05d84bf947532c4be1e64e4,596,920
training/2025-04-02/objects_parts/754_obj5_tile_3379_1518.png,train,good,0,2025-04-02,normal:2025-04-02:754,normal:2025-04-02:754_obj5,242e3871cbb7582bae27024946f29400915ed97ff6e805a840319126df7dbb47,76,433
training/2025-04-02/objects_parts/754_obj5_tile_3379_1710.png,train,good,0,2025-04-02,normal:2025-04-02:754,normal:2025-04-02:754_obj5,3d459204d09173235b52c90a6649b8b9e51cb6c63433de01a859e6ad2c274240,992,1335
training/2025-04-02/objects_parts/754_obj8_centered.png,train,good,0,2025-04-02,normal:2025-04-02:754,normal:2025-04-02:754_obj8,78a1cb467660fd61c4de4103a61f474723237a967d54595f5c41de2e589b3e88,52,775
training/2025-04-02/objects_parts/80_obj5_tile_3166_1526.png,train,good,0,2025-04-02,normal:2025-04-02:80,normal:2025-04-02:80_obj5,cf1e013cd7750cf7cccdb2f88b4adb18d879368fadb1a0964286f4a552d8636a,568,772
training/2025-04-02/objects_parts/80_obj5_tile_3166_1718.png,train,good,0,2025-04-02,normal:2025-04-02:80,normal:2025-04-02:80_obj5,fa71559174214f9e72b1a308eaf985c1481753c6e3335e4633cf7f0b693b3424,968,1230
training/2025-04-02/objects_parts/80_obj5_tile_3358_1526.png,train,good,0,2025-04-02,normal:2025-04-02:80,normal:2025-04-02:80_obj5,88b5771da93298cba1b810f812c9fa88f6ddee5cc511d230c8a8b0aa48313e26,772,1032
training/2025-04-02/objects_parts/80_obj5_tile_3358_1718.png,train,good,0,2025-04-02,normal:2025-04-02:80,normal:2025-04-02:80_obj5,4f19af8fa45b707706930ec41f63f387a61425988b674e26008bd8369857ff3f,1164,1419
training/2025-04-02/objects_parts/80_obj6_tile_1774_1763.png,train,good,0,2025-04-02,normal:2025-04-02:80,normal:2025-04-02:80_obj6,055f51f4777f659f2ffd7a5e8ffe6a923b622e18946ae3921c825006941bf9ac,1406,1561
training/2025-04-02/objects_parts/80_obj6_tile_1774_1955.png,train,good,0,2025-04-02,normal:2025-04-02:80,normal:2025-04-02:80_obj6,475c2f56230acfd564a31868dd76c4715d4785585e77c42c8d07f5d1e5b993ac,372,114
training/2025-04-02/objects_parts/80_obj6_tile_1774_2147.png,train,good,0,2025-04-02,normal:2025-04-02:80,normal:2025-04-02:80_obj6,ea10944287c28a29f912398cc3601fcc773dada7d66705d9e9c4605113e39fc7,1434,1577
training/2025-04-02/objects_parts/80_obj6_tile_1774_2339.png,train,good,0,2025-04-02,normal:2025-04-02:80,normal:2025-04-02:80_obj6,f143cb3556fcc3820216a71439808a9b83bed3dff1d452e85d83b7d2a94a4060,676,834
training/2025-04-02/objects_parts/80_obj6_tile_1774_2531.png,train,good,0,2025-04-02,normal:2025-04-02:80,normal:2025-04-02:80_obj6,1c9282208f3297385ceafea661e1f23d2d83a5fd36ba170f1dd6cb722fb7c6bc,1448,1585
training/2025-04-02/objects_parts/80_obj6_tile_1966_1763.png,train,good,0,2025-04-02,normal:2025-04-02:80,normal:2025-04-02:80_obj6,e3a2e90b89290d28fab5fd06c7091bc061ba66b527e5114e4dc0ea9f54b78cdd,1504,1617
training/2025-04-02/objects_parts/80_obj6_tile_1966_1955.png,train,good,0,2025-04-02,normal:2025-04-02:80,normal:2025-04-02:80_obj6,184cc0805d2b5da6306fa1ac99bfa4eacc22eaaf92fe57aa6d0141ea9edb003a,1546,1638
training/2025-04-02/objects_parts/80_obj6_tile_1966_2147.png,train,good,0,2025-04-02,normal:2025-04-02:80,normal:2025-04-02:80_obj6,617b639bb5e3d67d46668fdfac3aad57bb4cbb542d96c16e815e925b0d3b9125,1282,1491
training/2025-04-02/objects_parts/80_obj6_tile_1966_2339.png,train,good,0,2025-04-02,normal:2025-04-02:80,normal:2025-04-02:80_obj6,3024fb1f79acc171a82af28d5aedb809e8e9533397032eb0dcdca162315dab1d,1374,1539
training/2025-04-02/objects_parts/80_obj6_tile_1966_2531.png,train,good,0,2025-04-02,normal:2025-04-02:80,normal:2025-04-02:80_obj6,c2ee628f493a2d88b6a7dfc23e33c68041b0a760048f4df09e114cbc15b2a8b5,1420,1569
training/2025-04-02/objects_parts/80_obj6_tile_2158_1763.png,train,good,0,2025-04-02,normal:2025-04-02:80,normal:2025-04-02:80_obj6,424a52298c3e0c6d8937906e7d9f2c60b4fa27aedd8f05f8c78d8a1779282185,1518,1624
training/2025-04-02/objects_parts/80_obj6_tile_2158_1955.png,train,good,0,2025-04-02,normal:2025-04-02:80,normal:2025-04-02:80_obj6,1dbb45ee0ea1df457094a7d373461643ba19cf2f3d17acc56d8fea67c36f1a53,1190,1430
training/2025-04-02/objects_parts/80_obj6_tile_2158_2147.png,train,good,0,2025-04-02,normal:2025-04-02:80,normal:2025-04-02:80_obj6,ef25724caa0f2062d52eb21d9d19bfbb44f37598792efa9798bb911b00482911,1476,1601
training/2025-04-02/objects_parts/80_obj6_tile_2158_2339.png,train,good,0,2025-04-02,normal:2025-04-02:80,normal:2025-04-02:80_obj6,fcab3b47db04ddb72ac98fda3313419f93419f330e1fff3c9cf53b86c5445da1,1236,1461
training/2025-04-02/objects_parts/80_obj6_tile_2158_2531.png,train,good,0,2025-04-02,normal:2025-04-02:80,normal:2025-04-02:80_obj6,a7f6a716b936e8119e895c0f904688d478fb8a3048776548e101b55d99c81a3a,1602,1666
training/2025-04-02/objects_parts/80_obj6_tile_2350_1763.png,train,good,0,2025-04-02,normal:2025-04-02:80,normal:2025-04-02:80_obj6,0d6ae3ec55d52a49ee276ddf063e1e2b36fcbaf04f998de7649de410052c38f4,1574,1652
training/2025-04-02/objects_parts/80_obj6_tile_2350_1955.png,train,good,0,2025-04-02,normal:2025-04-02:80,normal:2025-04-02:80_obj6,552551b868e32f38649208be8f8377c6ae052f434e416f623ef5935f680a48a2,872,1067
training/2025-04-02/objects_parts/80_obj6_tile_2350_2147.png,train,good,0,2025-04-02,normal:2025-04-02:80,normal:2025-04-02:80_obj6,42a3ea9fc887fdd9cc1f0e242af534b3458f83aea5fd6126ae7b7c8a0bdfefcb,1532,1631
training/2025-04-02/objects_parts/80_obj6_tile_2350_2339.png,train,good,0,2025-04-02,normal:2025-04-02:80,normal:2025-04-02:80_obj6,2791ccb66ade89553aaf25538c608bc1c6300db6ffee1b50a3932fc983fdf5a4,1462,1593
training/2025-04-02/objects_parts/80_obj6_tile_2350_2531.png,train,good,0,2025-04-02,normal:2025-04-02:80,normal:2025-04-02:80_obj6,996ce4612aa851f27022ca35e94bea20aaa9833cbdc70c706b031eb2376052b9,1328,1515
training/2025-04-02/objects_parts/80_obj6_tile_2542_1763.png,train,good,0,2025-04-02,normal:2025-04-02:80,normal:2025-04-02:80_obj6,3bccde300dbe4989cc954ec7797632b6026bd28a02292e487664ebfb43bd242a,1490,1609
training/2025-04-02/objects_parts/80_obj6_tile_2542_1955.png,train,good,0,2025-04-02,normal:2025-04-02:80,normal:2025-04-02:80_obj6,055ec2a927de168d1d3b0760f07c7fc1d5af8de73412fea071ff0e6941642871,1068,1265
training/2025-04-02/objects_parts/80_obj6_tile_2542_2147.png,train,good,0,2025-04-02,normal:2025-04-02:80,normal:2025-04-02:80_obj6,c61f02377e36f2476d899b94f85d4d077b4c962261480ea92042896c1e4cd014,1560,1645
training/2025-04-02/objects_parts/80_obj6_tile_2542_2339.png,train,good,0,2025-04-02,normal:2025-04-02:80,normal:2025-04-02:80_obj6,9c1bf977702eddc375f7dacbdf1da94487e73faf145d0ae1ef56c409ed82d83b,1588,1659
training/2025-04-02/objects_parts/80_obj7_tile_2978_2068.png,train,good,0,2025-04-02,normal:2025-04-02:80,normal:2025-04-02:80_obj7,7fe5468541bb1581b0ed913ab75e0fd26a9fdae1c810fc93f93aa67cb672f464,570,603
training/2025-04-02/objects_parts/80_obj7_tile_2978_2260.png,train,good,0,2025-04-02,normal:2025-04-02:80,normal:2025-04-02:80_obj7,c109c1886845b601e5e8127bd61b504d0fe631cfe61ef60838ef3e1dda53698c,1262,1483
training/2025-04-02/objects_parts/80_obj7_tile_2978_2452.png,train,good,0,2025-04-02,normal:2025-04-02:80,normal:2025-04-02:80_obj7,c0eea37aa6e21cc86c584419ac209bc628e8d228a333e4ebcfebaaded30b5b61,1354,1532
training/2025-04-02/objects_parts/80_obj7_tile_3170_2068.png,train,good,0,2025-04-02,normal:2025-04-02:80,normal:2025-04-02:80_obj7,3cc073482dbeab3a9ff24784b2a978ff5f012857127b607c0dce6b3331401fa5,970,1181
training/2025-04-02/objects_parts/80_obj7_tile_3170_2260.png,train,good,0,2025-04-02,normal:2025-04-02:80,normal:2025-04-02:80_obj7,a63b976e9c5b995185a21ad6740e2007c19772b58535411135e7a17046cbaa9d,1308,1508
training/2025-04-02/objects_parts/80_obj7_tile_3170_2452.png,train,good,0,2025-04-02,normal:2025-04-02:80,normal:2025-04-02:80_obj7,40a3a63b04d760da7b5106286fb7dee66e4c23c86d0b9e85a534a13ecc862449,1216,1452
training/2025-04-02/objects_parts/80_obj7_tile_3362_2068.png,train,good,0,2025-04-02,normal:2025-04-02:80,normal:2025-04-02:80_obj7,800fc0f7a63bfd1595ce2dcb34ae8a3731fc3618ec48223ed22053cfc8bcd476,774,970
training/2025-04-02/objects_parts/80_obj7_tile_3362_2260.png,train,good,0,2025-04-02,normal:2025-04-02:80,normal:2025-04-02:80_obj7,5b2f246f82cb311807516f0776a6d2f788949ef5ae7340dc9d54301eeb6b6070,1398,1554
training/2025-04-02/objects_parts/80_obj7_tile_3362_2452.png,train,good,0,2025-04-02,normal:2025-04-02:80,normal:2025-04-02:80_obj7,a218c1e9a39f40bd836cc82fbae78feb107bc9f6f895bfba1a708fa3dacd2b7d,1166,1375
training/2025-04-02/objects_parts/80_obj8_centered.png,train,good,0,2025-04-02,normal:2025-04-02:80,normal:2025-04-02:80_obj8,9e2b634740e815c4d4d1e535276a2d3d7b795dddcc52ff9beeb4112d8c60ee90,492,98
training/2025-04-02/objects_parts/838_obj5_tile_3183_1523.png,train,good,0,2025-04-02,normal:2025-04-02:838,normal:2025-04-02:838_obj5,6734159e0cea06920bbea23c8e86bbe9808b4011b2d612b4963014b2200768bd,770,946
training/2025-04-02/objects_parts/838_obj5_tile_3183_1715.png,train,good,0,2025-04-02,normal:2025-04-02:838,normal:2025-04-02:838_obj5,6df8dba22405252d96a5923b4738f5ad56404ba8cce1a95468f6bae2f08e376b,966,1161
training/2025-04-02/objects_parts/838_obj5_tile_3375_1523.png,train,good,0,2025-04-02,normal:2025-04-02:838,normal:2025-04-02:838_obj5,091a4b63a1cb5b4746de6b4a521dcd26c014b3ba835e9c5ebff97642f892825b,566,514
training/2025-04-02/objects_parts/838_obj5_tile_3375_1715.png,train,good,0,2025-04-02,normal:2025-04-02:838,normal:2025-04-02:838_obj5,bdb4406b21f8c909f1dbef4b7d6a87e1a180324fe51be50ebf31ea10d768656a,1162,1355
training/2025-04-02/objects_parts/838_obj8_centered.png,train,good,0,2025-04-02,normal:2025-04-02:838,normal:2025-04-02:838_obj8,5fa04069f8145eb1ea3d317859ac1848904873abc3ed1edc55c6e22325cbd8dc,142,474
training/2025-04-02/objects_parts/897_obj5_tile_3204_1533.png,train,good,0,2025-04-02,normal:2025-04-02:897,normal:2025-04-02:897_obj5,4d7b3f8e8d3c5f37535ec6a0f57e37ba9b6fee9d4d52f05ab7f916315ff3d168,982,1266
training/2025-04-02/objects_parts/897_obj5_tile_3204_1725.png,train,good,0,2025-04-02,normal:2025-04-02:897,normal:2025-04-02:897_obj5,ebf59dd2e6f0a4dd4b1bc08c8b184439e65c3e83d573658f2c2fa0e370b0ec02,28,121
training/2025-04-02/objects_parts/897_obj5_tile_3396_1533.png,train,good,0,2025-04-02,normal:2025-04-02:897,normal:2025-04-02:897_obj5,3cdcf0cf056c07858412f14d1632c068ce152d76bf0c8df45f543322e8fedb9c,786,1068
training/2025-04-02/objects_parts/897_obj5_tile_3396_1725.png,train,good,0,2025-04-02,normal:2025-04-02:897,normal:2025-04-02:897_obj5,b9ce2532452c9939ac6766a98aa521bb1e90505a508553589c565473cb2460cb,586,836
training/2025-04-02/objects_parts/897_obj8_centered.png,train,good,0,2025-04-02,normal:2025-04-02:897,normal:2025-04-02:897_obj8,18ad4a8f44df46ed74c16f4a2b6f79e1f4d9a8d9d721bd8ad9f1aa3add8321bb,542,184
training/2025-04-02/objects_parts/89_obj11_tile_3104_1080.png,train,good,0,2025-04-02,normal:2025-04-02:89,normal:2025-04-02:89_obj11,b2ad67efe0bdfddaddb509a742a7acd9124f0b4f05bca4e7436e1d1de4a338c7,986,1374
training/2025-04-02/objects_parts/89_obj11_tile_3104_888.png,train,good,0,2025-04-02,normal:2025-04-02:89,normal:2025-04-02:89_obj11,18d19afe3bc210d8ea1a6f41aacb58327814aae88ea9f9f68c62f7532cdec7a4,790,1180
training/2025-04-02/objects_parts/89_obj11_tile_3296_1080.png,train,good,0,2025-04-02,normal:2025-04-02:89,normal:2025-04-02:89_obj11,f818478aea738a70acf534eaecf7494298e2fc94e4d72f58e3fcd120b6d7817c,58,595
training/2025-04-02/objects_parts/89_obj11_tile_3296_888.png,train,good,0,2025-04-02,normal:2025-04-02:89,normal:2025-04-02:89_obj11,757bfd3f2563bcb7820d9795479a9652bf9df3b4415933b293f038c983251535,590,969
training/2025-04-02/objects_parts/89_obj5_tile_3165_1525.png,train,good,0,2025-04-02,normal:2025-04-02:89,normal:2025-04-02:89_obj5,acfcc4d026efcee47f535df30b0d50ee3203542e1f156ed45ffa3c1588fb3169,308,715
training/2025-04-02/objects_parts/89_obj5_tile_3165_1717.png,train,good,0,2025-04-02,normal:2025-04-02:89,normal:2025-04-02:89_obj5,e0318e34551813ee9a508d2298aa3cc1a1cba950cb039b01fa85272a2832dc6b,654,1009
training/2025-04-02/objects_parts/89_obj5_tile_3357_1525.png,train,good,0,2025-04-02,normal:2025-04-02:89,normal:2025-04-02:89_obj5,b3146b14d713f1c26f827f27b6425eec0bebbc67377da35f63ded06efde9291d,850,1211
training/2025-04-02/objects_parts/89_obj5_tile_3357_1717.png,train,good,0,2025-04-02,normal:2025-04-02:89,normal:2025-04-02:89_obj5,77689e7beeeb142e6f4493d796e5c40b4349997f0dfb2f3b50c8b0434e4bcd71,1046,1403
training/2025-04-02/objects_parts/89_obj6_tile_1775_1762.png,train,good,0,2025-04-02,normal:2025-04-02:89,normal:2025-04-02:89_obj6,6e8e0bdd8ae81867d2ac545d2c82c3d1cf8377e8c352aed205892642b9eea833,1394,1546
training/2025-04-02/objects_parts/89_obj6_tile_1775_1954.png,train,good,0,2025-04-02,normal:2025-04-02:89,normal:2025-04-02:89_obj6,cb0db55d8b07c67ce8cf74c65049b8f42f1d4c26c6ab5a5b6c915029d95afb2b,1508,1619
training/2025-04-02/objects_parts/89_obj6_tile_1775_2146.png,train,good,0,2025-04-02,normal:2025-04-02:89,normal:2025-04-02:89_obj6,524f8e438f6b2c113488a66f7765f31ac02adc6468b721e78a76ab4a53de9bef,954,1112
training/2025-04-02/objects_parts/89_obj6_tile_1775_2338.png,train,good,0,2025-04-02,normal:2025-04-02:89,normal:2025-04-02:89_obj6,1b995ab1770a93ed7f242ced77b447a0a23ca3da8d5f716c3136bb1b279650f5,1452,1587
training/2025-04-02/objects_parts/89_obj6_tile_1775_2530.png,train,good,0,2025-04-02,normal:2025-04-02:89,normal:2025-04-02:89_obj6,e2016c28dcde1729345a7bf848a77b690b9249be47241ea6a8920f3797c3f596,1304,1498
training/2025-04-02/objects_parts/89_obj6_tile_1967_1762.png,train,good,0,2025-04-02,normal:2025-04-02:89,normal:2025-04-02:89_obj6,cf1c03b0af04c589defd369a68a11079a4c9c0e634d34c4f0538476f763d54d8,1212,1440
training/2025-04-02/objects_parts/89_obj6_tile_1967_1954.png,train,good,0,2025-04-02,normal:2025-04-02:89,normal:2025-04-02:89_obj6,f7932c1f7796128701387bb218e6d0cad329fca1f025091968ebc7818a18a614,1522,1626
training/2025-04-02/objects_parts/89_obj6_tile_1967_2146.png,train,good,0,2025-04-02,normal:2025-04-02:89,normal:2025-04-02:89_obj6,93865ece4b9c023b4a913e14a79911e08b259665cb7a9050b5c238ccecc96b79,1438,1579
training/2025-04-02/objects_parts/89_obj6_tile_1967_2338.png,train,good,0,2025-04-02,normal:2025-04-02:89,normal:2025-04-02:89_obj6,8891eef56f59d2a4cbfb4dc5eaeb1722e32363d5647fd0458160b66c8bfb9013,758,885
training/2025-04-02/objects_parts/89_obj6_tile_1967_2530.png,train,good,0,2025-04-02,normal:2025-04-02:89,normal:2025-04-02:89_obj6,b6189e8e613d81620694c0e299c0accb2a9b8c358f4f46b8d8e9b6e180ce139f,1350,1522
training/2025-04-02/objects_parts/89_obj6_tile_2159_1762.png,train,good,0,2025-04-02,normal:2025-04-02:89,normal:2025-04-02:89_obj6,25ba652269f5530674356e5eaaa741524d922c4db4d3ce550debd908a170c536,1480,1603
training/2025-04-02/objects_parts/89_obj6_tile_2159_1954.png,train,good,0,2025-04-02,normal:2025-04-02:89,normal:2025-04-02:89_obj6,8988dba41a400f79f4c55f5978c6536b0a7e104797352071d4e22b17fc67c254,1424,1571
training/2025-04-02/objects_parts/89_obj6_tile_2159_2146.png,train,good,0,2025-04-02,normal:2025-04-02:89,normal:2025-04-02:89_obj6,75662f843298d2bde677a6d8d4e9a53f58da79faedcc21d1bcc96fae9f50c746,1550,1640
training/2025-04-02/objects_parts/89_obj6_tile_2159_2338.png,train,good,0,2025-04-02,normal:2025-04-02:89,normal:2025-04-02:89_obj6,cf68a510f88356335af6e27ac958b88040972227c93c811619d6404f768c4a81,1606,1668
training/2025-04-02/objects_parts/89_obj6_tile_2159_2530.png,train,good,0,2025-04-02,normal:2025-04-02:89,normal:2025-04-02:89_obj6,802d155d44217375e9d97ed55ce74fc195d6422e2b30276c8ba3e5f3b9015bc7,544,317
training/2025-04-02/objects_parts/89_obj6_tile_2351_1762.png,train,good,0,2025-04-02,normal:2025-04-02:89,normal:2025-04-02:89_obj6,ca17ede70d6a6507c07370d9b8e22a1d443919b94b3169842869e6acb888647d,1494,1611
training/2025-04-02/objects_parts/89_obj6_tile_2351_1954.png,train,good,0,2025-04-02,normal:2025-04-02:89,normal:2025-04-02:89_obj6,dc1f5bff14dbcf0f29a7572e2ef87916b6ffc2a361f059b3db3b839f2dd08210,1150,1310
training/2025-04-02/objects_parts/89_obj6_tile_2351_2146.png,train,good,0,2025-04-02,normal:2025-04-02:89,normal:2025-04-02:89_obj6,4dd5069a3b0a460c0628b37ff6538804eea09c01320558f205afec029626b1ea,1258,1471
training/2025-04-02/objects_parts/89_obj6_tile_2351_2338.png,train,good,0,2025-04-02,normal:2025-04-02:89,normal:2025-04-02:89_obj6,b2e6527ac6f0839b0669fb38ab2c53528643a1b2f84d52d2267c32fef8e2c81e,1410,1563
training/2025-04-02/objects_parts/89_obj6_tile_2351_2530.png,train,good,0,2025-04-02,normal:2025-04-02:89,normal:2025-04-02:89_obj6,ac9ed661c1197640c1b8096bd4a99b473dba7baf5272a6adacd7f06d366dc67f,1592,1661
training/2025-04-02/objects_parts/89_obj6_tile_2543_1762.png,train,good,0,2025-04-02,normal:2025-04-02:89,normal:2025-04-02:89_obj6,0c437a00b537284aea76fed50fe1200be15ba9bba5a42dde4e546e7d25dd12e5,1578,1654
training/2025-04-02/objects_parts/89_obj6_tile_2543_1954.png,train,good,0,2025-04-02,normal:2025-04-02:89,normal:2025-04-02:89_obj6,53b7c98b351d8fe5f618a8b7656eb3a8406d246e5616f5d1df4526adbf267007,1536,1633
training/2025-04-02/objects_parts/89_obj6_tile_2543_2146.png,train,good,0,2025-04-02,normal:2025-04-02:89,normal:2025-04-02:89_obj6,2a75fd4adebcc0f1545759f0e2cc2f69072778bdf989f12f4d191e796f8b5655,1466,1595
training/2025-04-02/objects_parts/89_obj6_tile_2543_2338.png,train,good,0,2025-04-02,normal:2025-04-02:89,normal:2025-04-02:89_obj6,f666e15f5ffab6114fab9755179dd4c8625dbb83d52637be5716f3aa9b584c86,1564,1647
training/2025-04-02/objects_parts/89_obj7_tile_2978_2066.png,train,good,0,2025-04-02,normal:2025-04-02:89,normal:2025-04-02:89_obj7,2941377979e0837f4e2c0b2b3cab961aa858dcc969af2ca503c75ab35a90d148,1086,1291
training/2025-04-02/objects_parts/89_obj7_tile_2978_2258.png,train,good,0,2025-04-02,normal:2025-04-02:89,normal:2025-04-02:89_obj7,6864b3ca2d31b07190a00d9e2a519ae28a1cb4aabe1603340f3a2515e37224aa,1284,1494
training/2025-04-02/objects_parts/89_obj7_tile_2978_2450.png,train,good,0,2025-04-02,normal:2025-04-02:89,normal:2025-04-02:89_obj7,942363d84d01225c8adfe8678040a1bd7e6725d0256100b48533836c507dc3a7,1376,1542
training/2025-04-02/objects_parts/89_obj7_tile_3170_2066.png,train,good,0,2025-04-02,normal:2025-04-02:89,normal:2025-04-02:89_obj7,809b2a8d41c0cf81f33b094ef32de8a63a54c8a2a81c0234798b8615afe8b402,1330,1518
training/2025-04-02/objects_parts/89_obj7_tile_3170_2258.png,train,good,0,2025-04-02,normal:2025-04-02:89,normal:2025-04-02:89_obj7,1b24c8538cf19775e950ad0131954a01c8dad4afdae9932f913491467f673b93,1238,1467
training/2025-04-02/objects_parts/89_obj7_tile_3170_2450.png,train,good,0,2025-04-02,normal:2025-04-02:89,normal:2025-04-02:89_obj7,79c119240236f285daad6bdc8d194740c36e21c42fc463696f5aa6f7ed4a227c,890,1093
training/2025-04-02/objects_parts/89_obj7_tile_3362_2066.png,train,good,0,2025-04-02,normal:2025-04-02:89,normal:2025-04-02:89_obj7,6bf6a7dbf0e2cd00fe5140dcc1ed1e73ac1816855ca271860925846b902cfccc,420,218
training/2025-04-02/objects_parts/89_obj7_tile_3362_2258.png,train,good,0,2025-04-02,normal:2025-04-02:89,normal:2025-04-02:89_obj7,3418c36fc5664727c3bdef6e852394238f77be2c9bca90832c62c974148355ff,694,864
training/2025-04-02/objects_parts/89_obj7_tile_3362_2450.png,train,good,0,2025-04-02,normal:2025-04-02:89,normal:2025-04-02:89_obj7,77390572ba6ad7c4632234d725866a2a24d49cf650659ed0b71dfaaebcac6fa3,1192,1436
training/2025-04-02/objects_parts/89_obj8_centered.png,train,good,0,2025-04-02,normal:2025-04-02:89,normal:2025-04-02:89_obj8,dfd5edfbaac71f1e7a3be0f15e94c5349bd2a6dc6d8fa5a84c80303084987ee0,474,147
training/2025-04-02/objects_parts/90_obj5_tile_3165_1524.png,train,good,0,2025-04-02,normal:2025-04-02:90,normal:2025-04-02:90_obj5,95fae6383a6603e2ea90e80fb290a860f2e4c3a62a0f5321e6bec1faca9ad97f,888,1178
training/2025-04-02/objects_parts/90_obj5_tile_3165_1716.png,train,good,0,2025-04-02,normal:2025-04-02:90,normal:2025-04-02:90_obj5,9dbde3543f7aabb4dae733a3fe9368f55c60a457cf80e7fa93399a8bf60b0848,692,967
training/2025-04-02/objects_parts/90_obj5_tile_3357_1524.png,train,good,0,2025-04-02,normal:2025-04-02:90,normal:2025-04-02:90_obj5,f9860667def34d3614d4a720de4945ce990b1ee7824a5814f7b83bea26c3c9df,417,589
training/2025-04-02/objects_parts/90_obj5_tile_3357_1716.png,train,good,0,2025-04-02,normal:2025-04-02:90,normal:2025-04-02:90_obj5,ef266552ad67c93ac536a265eaf93efc610f6cbe053d564bcf120cedefd22d63,1084,1372
training/2025-04-02/objects_parts/90_obj6_tile_1775_1763.png,train,good,0,2025-04-02,normal:2025-04-02:90,normal:2025-04-02:90_obj6,9e44028b595a52732cfad4cdbe74af7c9c73c0f1955302f7ece34d2c7c1cf65b,1316,1528
training/2025-04-02/objects_parts/90_obj6_tile_1775_1955.png,train,good,0,2025-04-02,normal:2025-04-02:90,normal:2025-04-02:90_obj6,b2587eca53cae8025d496c3f2a54934b84887a24fff04d74ceac61c5f8e750e8,1470,1606
training/2025-04-02/objects_parts/90_obj6_tile_1775_2147.png,train,good,0,2025-04-02,normal:2025-04-02:90,normal:2025-04-02:90_obj6,9fedb8d3e1b91f940a8fc41f2e7ef1ee583fd9949e682b31bbe68d8076e037e8,1428,1582
training/2025-04-02/objects_parts/90_obj6_tile_1775_2339.png,train,good,0,2025-04-02,normal:2025-04-02:90,normal:2025-04-02:90_obj6,b3b4e11dadf1caf417dd9788a54e275894fcb09fc979d8289c1d922d86e01540,1498,1621
training/2025-04-02/objects_parts/90_obj6_tile_1775_2531.png,train,good,0,2025-04-02,normal:2025-04-02:90,normal:2025-04-02:90_obj6,6cdfe8b8c5a7e4d448950250e1719301053d1e47a2503debb171ab92330706a9,1442,1590
training/2025-04-02/objects_parts/90_obj6_tile_1967_1763.png,train,good,0,2025-04-02,normal:2025-04-02:90,normal:2025-04-02:90_obj6,b658623149875165bcf3907555960e9e65409dbe6ddad1d9467b188273902c98,1178,1446
training/2025-04-02/objects_parts/90_obj6_tile_1967_1955.png,train,good,0,2025-04-02,normal:2025-04-02:90,normal:2025-04-02:90_obj6,313cf4cf471868eab975e928260532ac4df1f2ace2a0ebeab84a79e6d844dae5,1484,1614
training/2025-04-02/objects_parts/90_obj6_tile_1967_2147.png,train,good,0,2025-04-02,normal:2025-04-02:90,normal:2025-04-02:90_obj6,1cc40d5582530819f5d1f3b733b7383ac75ecfd4d3b4ccdcbfd7b8e54af528eb,1270,1504
training/2025-04-02/objects_parts/90_obj6_tile_1967_2339.png,train,good,0,2025-04-02,normal:2025-04-02:90,normal:2025-04-02:90_obj6,571ea39833ac4be6c6ab3599131f37c422c076090e87d74bbc6c7968a0687c94,202,422
training/2025-04-02/objects_parts/90_obj6_tile_1967_2531.png,train,good,0,2025-04-02,normal:2025-04-02:90,normal:2025-04-02:90_obj6,1f0d0ea9f7acf62abbda6f1801b62bfa01053f2a8d6ac4f4198f2ea6cec4f68e,1018,1333
training/2025-04-02/objects_parts/90_obj6_tile_2159_1763.png,train,good,0,2025-04-02,normal:2025-04-02:90,normal:2025-04-02:90_obj6,2cff24167f11ffd450cd4cc7e60014a90db8a11046b75c43f3df20ad5cb78cc2,1526,1635
training/2025-04-02/objects_parts/90_obj6_tile_2159_1955.png,train,good,0,2025-04-02,normal:2025-04-02:90,normal:2025-04-02:90_obj6,a1962375a85be031b21ed52566b176bd80aa8554121ec7c4fd531dcc069be4a5,1596,1670
training/2025-04-02/objects_parts/90_obj6_tile_2159_2147.png,train,good,0,2025-04-02,normal:2025-04-02:90,normal:2025-04-02:90_obj6,91ac405a6d42a331a0c046fe15173cf8b823872b9df3360b5edb1ad01e6445f2,822,1138
training/2025-04-02/objects_parts/90_obj6_tile_2159_2339.png,train,good,0,2025-04-02,normal:2025-04-02:90,normal:2025-04-02:90_obj6,74794baf9b237482124ed9160523e5baddcf7daa9dc27432153ce3993e4eee3d,1512,1628
training/2025-04-02/objects_parts/90_obj6_tile_2159_2531.png,train,good,0,2025-04-02,normal:2025-04-02:90,normal:2025-04-02:90_obj6,dc376db6c0651fcb5ff007927459e2256c1b06e5b12c8a634e24aa72f81fd89f,624,918
training/2025-04-02/objects_parts/90_obj6_tile_2351_1763.png,train,good,0,2025-04-02,normal:2025-04-02:90,normal:2025-04-02:90_obj6,fd72d11310a7ad936eb13947d1e43bdcde5a25a6acfb6612bdf7d847b269a6ac,1414,1574
training/2025-04-02/objects_parts/90_obj6_tile_2351_1955.png,train,good,0,2025-04-02,normal:2025-04-02:90,normal:2025-04-02:90_obj6,7c03928115a02ca97b73803626d923bbfbc164cc50078e2a6e7d51c3fd49a790,1568,1656
training/2025-04-02/objects_parts/90_obj6_tile_2351_2147.png,train,good,0,2025-04-02,normal:2025-04-02:90,normal:2025-04-02:90_obj6,050bc7476c8e2899b5d65ece93259a1e0bd0160454fc4ba3d0e984c024958248,1362,1551
training/2025-04-02/objects_parts/90_obj6_tile_2351_2339.png,train,good,0,2025-04-02,normal:2025-04-02:90,normal:2025-04-02:90_obj6,cb1c2e74013d71cfec9da66bb0db1a3156d97bb3a33d59abd1dae686950a24a5,1400,1566
training/2025-04-02/objects_parts/90_obj6_tile_2351_2531.png,train,good,0,2025-04-02,normal:2025-04-02:90,normal:2025-04-02:90_obj6,b48ae632ff2300b0b1d0cbf0d87ad4ee240b2b90fc3d8210fb2663be32ea63c0,1540,1642
training/2025-04-02/objects_parts/90_obj6_tile_2543_1763.png,train,good,0,2025-04-02,normal:2025-04-02:90,normal:2025-04-02:90_obj6,b4d56a8bf6433e6c50d9a991fae119ceb85791d9da03019207e7d08df4b7411e,1224,1477
training/2025-04-02/objects_parts/90_obj6_tile_2543_1955.png,train,good,0,2025-04-02,normal:2025-04-02:90,normal:2025-04-02:90_obj6,0535a9cead62803f0a81a2adaa6e7a350af7f397d3f761596bfc56e9f3deccbf,1554,1649
training/2025-04-02/objects_parts/90_obj6_tile_2543_2147.png,train,good,0,2025-04-02,normal:2025-04-02:90,normal:2025-04-02:90_obj6,67a91c127b097ceebe0387bfc3715add8075e0a96d61b5eb66cc4da3113d5bb7,1456,1598
training/2025-04-02/objects_parts/90_obj6_tile_2543_2339.png,train,good,0,2025-04-02,normal:2025-04-02:90,normal:2025-04-02:90_obj6,fa9cd553aa6b2d593873b924808e0c547767a65cec076671ca428d880cec36d1,1582,1663
training/2025-04-02/objects_parts/90_obj7_tile_2977_2067.png,train,good,0,2025-04-02,normal:2025-04-02:90,normal:2025-04-02:90_obj7,a67906d012639498fe200ce6ced5fe9dfe28c8ab98c904bf48e723fc8edbabac,369,434
training/2025-04-02/objects_parts/90_obj7_tile_2977_2259.png,train,good,0,2025-04-02,normal:2025-04-02:90,normal:2025-04-02:90_obj7,c61a86f68f42d09a8f78ba0b2ee3faaf2b661397117998643827b7008800dc51,674,921
training/2025-04-02/objects_parts/90_obj7_tile_2977_2451.png,train,good,0,2025-04-02,normal:2025-04-02:90,normal:2025-04-02:90_obj7,f089b6fb75a7869c61fcf063e47f03cc6b6b59280396ccd87ac78446da206502,1234,1478
training/2025-04-02/objects_parts/90_obj7_tile_3169_2067.png,train,good,0,2025-04-02,normal:2025-04-02:90,normal:2025-04-02:90_obj7,89b5a05392272bfb3f2f676569e44c5a270fb1ebc53c106d58f4190ac6c9e65a,1372,1552
training/2025-04-02/objects_parts/90_obj7_tile_3169_2259.png,train,good,0,2025-04-02,normal:2025-04-02:90,normal:2025-04-02:90_obj7,ffc696c19769c128e9ecef5b7e94f35bb359dbca830a717a966a9b5222547c48,1280,1505
training/2025-04-02/objects_parts/90_obj7_tile_3169_2451.png,train,good,0,2025-04-02,normal:2025-04-02:90,normal:2025-04-02:90_obj7,2284fdc9aa2bfeb7145e2a25aa83272fa5e3eaa9eb6fba967b7943d87d5054da,870,1141
training/2025-04-02/objects_parts/90_obj7_tile_3361_2067.png,train,good,0,2025-04-02,normal:2025-04-02:90,normal:2025-04-02:90_obj7,6521086f90a017363fcdaef09d0b7381691d2033f44a6c7afc7b1a0c2c628bc5,1066,1336
training/2025-04-02/objects_parts/90_obj7_tile_3361_2259.png,train,good,0,2025-04-02,normal:2025-04-02:90,normal:2025-04-02:90_obj7,7e9e743eb9febd0254f7ade873b7f6a396dfa958306848abee7f37e13bf4d069,1188,1447
training/2025-04-02/objects_parts/90_obj7_tile_3361_2451.png,train,good,0,2025-04-02,normal:2025-04-02:90,normal:2025-04-02:90_obj7,6ba073c124931a14bcd73056176e9ca61e048c9ec08c589e27a4745a0aa5ec72,1326,1529
training/2025-04-02/objects_parts/90_obj8_centered.png,train,good,0,2025-04-02,normal:2025-04-02:90,normal:2025-04-02:90_obj8,237696c017e023258b3b49ccfc1023bb86df772972d21c7fc494b8e4bc6395d7,476,620
training/2025-04-02/objects_parts/953_obj5_tile_3218_1528.png,train,good,0,2025-04-02,normal:2025-04-02:953,normal:2025-04-02:953_obj5,9d3da7c6097a4b1a78e6be47d956cbbe8cc17d507c63458c8a0d7e125e7375e5,910,1174
training/2025-04-02/objects_parts/953_obj5_tile_3218_1720.png,train,good,0,2025-04-02,normal:2025-04-02:953,normal:2025-04-02:953_obj5,4c57f162c3aecca333e4cd36bc3f5c14cf94c90ab7adcd1f33b7c48c7e634ba9,714,961
training/2025-04-02/objects_parts/953_obj5_tile_3410_1528.png,train,good,0,2025-04-02,normal:2025-04-02:953,normal:2025-04-02:953_obj5,0e707bc90f23e249d14bad645cd6138fb6ad6896ce7a1a03b3ec2d7cc93aa9ed,1106,1368
training/2025-04-02/objects_parts/953_obj5_tile_3410_1720.png,train,good,0,2025-04-02,normal:2025-04-02:953,normal:2025-04-02:953_obj5,699b1aec42e58f9215dfbb740fba7ff94312a95ce98cfc26fc819029107382ff,456,575
training/2025-04-02/objects_parts/953_obj8_centered.png,train,good,0,2025-04-02,normal:2025-04-02:953,normal:2025-04-02:953_obj8,beadd56c4d5613d49f25ffda3d4c21be1cc225398eb645414fdc1c9fd1b9ca71,328,694
training/2025-05-26/objects_parts/135_obj1_centered.png,train,good,0,2025-05-26,normal:2025-05-26:135,normal:2025-05-26:135_obj1,1a7910113490127c8e40baa9c7faa0b9195f83467629d71e1c009f91b3288e8d,204,785
training/2025-05-26/objects_parts/135_obj2_tile_2283_1530.png,train,good,0,2025-05-26,normal:2025-05-26:135,normal:2025-05-26:135_obj2,1b7e2481b29b2d1014a7c110b2c15b802ab4962fd99c770a4e56f07aebc1a8d2,367,57
training/2025-05-26/objects_parts/135_obj3_centered.png,train,good,0,2025-05-26,normal:2025-05-26:135,normal:2025-05-26:135_obj3,b0107616c6c5275367ce6e265efcafd5ebc689db67df5418642e3155c15af814,341,419
training/2025-05-26/objects_parts/188_obj1_tile_2848_2230.png,train,good,0,2025-05-26,normal:2025-05-26:188,normal:2025-05-26:188_obj1,9e7f9e9b92b3192007aeb1222b12010a4c0fa9b4925e50d55a596cc839e8862c,379,924
training/2025-05-26/objects_parts/188_obj1_tile_2848_2422.png,train,good,0,2025-05-26,normal:2025-05-26:188,normal:2025-05-26:188_obj1,8d1ba422dfb3545582f0fe866e75f833dbe7e4b5b407d4c0aebe5e9aa3093378,121,441
training/2025-05-26/objects_parts/188_obj1_tile_3040_2230.png,train,good,0,2025-05-26,normal:2025-05-26:188,normal:2025-05-26:188_obj1,ad130dfd96db5a327aa27f4fa6da6b75adb23c15d9f239987b60aac6e502ff66,460,1479
training/2025-05-26/objects_parts/188_obj1_tile_3040_2422.png,train,good,0,2025-05-26,normal:2025-05-26:188,normal:2025-05-26:188_obj1,04e9aa5842dd83edb007c4b56cd501501c8a97373daefcbe74e57a560061fb09,406,1144
training/2025-05-26/objects_parts/188_obj1_tile_3232_2230.png,train,good,0,2025-05-26,normal:2025-05-26:188,normal:2025-05-26:188_obj1,efd1ef74e8ab086c184086b461212053576227bf113bc1ad113f3be137ea3a30,433,1339
training/2025-05-26/objects_parts/188_obj1_tile_3232_2422.png,train,good,0,2025-05-26,normal:2025-05-26:188,normal:2025-05-26:188_obj1,27ea13c156f1d162022d617d4d7622899ee6eac0dcf411366eec48759e6fbe26,451,1448
training/2025-05-26/objects_parts/188_obj2_tile_2281_1532.png,train,good,0,2025-05-26,normal:2025-05-26:188,normal:2025-05-26:188_obj2,f631988a798b84da4b1803428336943b4a93c6e0132db9e56042527c5a91bdea,382,983
training/2025-05-26/objects_parts/188_obj2_tile_2281_1724.png,train,good,0,2025-05-26,normal:2025-05-26:188,normal:2025-05-26:188_obj2,6f8cbc7bc714b2a2b74807f089a3330aef349cc818810482fcc06f0b178aed58,409,1192
training/2025-05-26/objects_parts/188_obj2_tile_2473_1532.png,train,good,0,2025-05-26,normal:2025-05-26:188,normal:2025-05-26:188_obj2,cbeed64b1c4c13eec28c28b5d94fbbcf0be00b41b5a81d798405f43df12952e0,179,634
training/2025-05-26/objects_parts/188_obj3_tile_2093_2230.png,train,good,0,2025-05-26,normal:2025-05-26:188,normal:2025-05-26:188_obj3,89e81f0914ba9978208dce72ebd4e434540e7ab2d3ce5e822329ad4f524deac7,415,1094
training/2025-05-26/objects_parts/188_obj3_tile_2093_2422.png,train,good,0,2025-05-26,normal:2025-05-26:188,normal:2025-05-26:188_obj3,d41922c247e417a2a6b15ead722f86f1b5a49944067e18207cd326749125a6a7,388,866
training/2025-05-26/objects_parts/188_obj3_tile_2285_2230.png,train,good,0,2025-05-26,normal:2025-05-26:188,normal:2025-05-26:188_obj3,2b3a088deea5a47ff742e0daf4834804bd0d90997de4e784aede380039540f63,436,1292
training/2025-05-26/objects_parts/188_obj3_tile_2285_2422.png,train,good,0,2025-05-26,normal:2025-05-26:188,normal:2025-05-26:188_obj3,179f2cb762762af15b8ca598d269d3dcb2122cb5e61059733f16f3c7a20991e5,249,224
training/2025-05-26/objects_parts/189_obj1_tile_2847_2230.png,train,good,0,2025-05-26,normal:2025-05-26:189,normal:2025-05-26:189_obj1,aecc1879a324d674894adaa712d4ecf735c0757188fbf76b089524be3c33efc9,463,1463
training/2025-05-26/objects_parts/189_obj1_tile_2847_2422.png,train,good,0,2025-05-26,normal:2025-05-26:189,normal:2025-05-26:189_obj1,db7872c05fccaecf5be8ae7014420b1a6ebe111a1ec2e93427339abb668c2159,424,1072
training/2025-05-26/objects_parts/189_obj1_tile_3039_2230.png,train,good,0,2025-05-26,normal:2025-05-26:189,normal:2025-05-26:189_obj1,e2747d8bf636c128272ffe4c69843da37bd66cebd431516c398f5477f5be6a04,454,1432
training/2025-05-26/objects_parts/189_obj1_tile_3039_2422.png,train,good,0,2025-05-26,normal:2025-05-26:189,normal:2025-05-26:189_obj1,2d896a6ee67e8de81ef0cc206d6a5efc8ead62eac1ed76f2c6087a46fcd61c08,397,840
training/2025-05-26/objects_parts/189_obj1_tile_3231_2230.png,train,good,0,2025-05-26,normal:2025-05-26:189,normal:2025-05-26:189_obj1,af04f6e09d3fafd4f0c3bcf7904ebda9da861779f1537991aa75379f38cda39e,321,137
training/2025-05-26/objects_parts/189_obj1_tile_3231_2422.png,train,good,0,2025-05-26,normal:2025-05-26:189,normal:2025-05-26:189_obj1,4d1607e8605d899471481e4e4b5d8b15622ff71b9638240ea82a7ff6f3cdf554,442,1270
training/2025-05-26/objects_parts/189_obj2_tile_2281_1532.png,train,good,0,2025-05-26,normal:2025-05-26:189,normal:2025-05-26:189_obj2,a9d2803ae607b8aa3ceb30d90e1049a4301b6e691bab07d75d0eabd96f4c6fdf,385,925
training/2025-05-26/objects_parts/189_obj2_tile_2281_1724.png,train,good,0,2025-05-26,normal:2025-05-26:189,normal:2025-05-26:189_obj2,20f098cd56f31411a2f8e26568983544bae5cee1cd9d5c1501ae388aeec5d3d6,224,442
training/2025-05-26/objects_parts/189_obj2_tile_2473_1532.png,train,good,0,2025-05-26,normal:2025-05-26:189,normal:2025-05-26:189_obj2,87a65ea0fc2bf37ddfa8b485fd4b1a9ca9c77850a32efa39eae0e3f320792103,412,1145
training/2025-05-26/objects_parts/189_obj3_tile_2092_2230.png,train,good,0,2025-05-26,normal:2025-05-26:189,normal:2025-05-26:189_obj3,c6904b44d382bfd13cdf5ed0d4b8f31d4a8e3b17b06bf2e3b667879588d721e8,430,1220
training/2025-05-26/objects_parts/189_obj3_tile_2092_2422.png,train,good,0,2025-05-26,normal:2025-05-26:189,normal:2025-05-26:189_obj3,dcba9960e5484d7e63501c3ac14f44e293d99fddb41fd06a32c381afa0787c6d,349,737
training/2025-05-26/objects_parts/189_obj3_tile_2284_2230.png,train,good,0,2025-05-26,normal:2025-05-26:189,normal:2025-05-26:189_obj3,108aafdd59d4c3b4a4c431e8ca4e1d42312abac4d40c7b7bcc4a31bdac060afd,448,1411
training/2025-05-26/objects_parts/189_obj3_tile_2284_2422.png,train,good,0,2025-05-26,normal:2025-05-26:189,normal:2025-05-26:189_obj3,64b3cc538d2a91532378229f1a91757577a5e825136441f050d6732f07c8901f,403,1019
training/2025-05-26/objects_parts/190_obj1_tile_2847_2230.png,train,good,0,2025-05-26,normal:2025-05-26:190,normal:2025-05-26:190_obj1,4471b2a7a82b943e31b8129d576ba220e4d15a94bb41ff3b8e27979908dbc70c,333,745
training/2025-05-26/objects_parts/190_obj1_tile_2847_2422.png,train,good,0,2025-05-26,normal:2025-05-26:190,normal:2025-05-26:190_obj1,bd84e3022e84ac27f6e8adbe6f03dac70d32852bf19faf2993f294bab2159012,466,1488
training/2025-05-26/objects_parts/190_obj1_tile_3039_2230.png,train,good,0,2025-05-26,normal:2025-05-26:190,normal:2025-05-26:190_obj1,dd800f192e93c1ce97a5973374878b4ab6053353e32cfd8045627384530edd55,400,1021
training/2025-05-26/objects_parts/190_obj1_tile_3039_2422.png,train,good,0,2025-05-26,normal:2025-05-26:190,normal:2025-05-26:190_obj1,97f16f7cad6c07ddf322ec67062903dd8f8828508ab48382b432227747cd396a,427,1221
training/2025-05-26/objects_parts/190_obj1_tile_3231_2230.png,train,good,0,2025-05-26,normal:2025-05-26:190,normal:2025-05-26:190_obj1,6b6e37a582dddee769ef6fc8c94364163087ab9a3e8a3b44e10333cef89be4b0,445,1412
training/2025-05-26/objects_parts/190_obj1_tile_3231_2422.png,train,good,0,2025-05-26,normal:2025-05-26:190,normal:2025-05-26:190_obj1,48957ed19b183773108c6c94577bdd45f80556e5fb36f7f6ca29c5af3c26ac57,457,1458
training/2025-05-26/objects_parts/190_obj2_tile_2281_1532.png,train,good,0,2025-05-26,normal:2025-05-26:190,normal:2025-05-26:190_obj2,c88c9f53f54f86d200d5e3eb5e6fdc0ef9d972b0dd1d5ea0dc727fa930d20b14,421,1218
training/2025-05-26/objects_parts/190_obj2_tile_2281_1724.png,train,good,0,2025-05-26,normal:2025-05-26:190,normal:2025-05-26:190_obj2,6ae2bb007d10139229e48b866dabb5ad45f988a3646b1bac28331c6b074f2c43,273,733
training/2025-05-26/objects_parts/190_obj2_tile_2473_1532.png,train,good,0,2025-05-26,normal:2025-05-26:190,normal:2025-05-26:190_obj2,a8d8ef521c8a1dd8f4140ce757f207b0d1eed8a1f7bebdc46d6952e49088fde4,394,1017
training/2025-05-26/objects_parts/190_obj3_tile_2092_2230.png,train,good,0,2025-05-26,normal:2025-05-26:190,normal:2025-05-26:190_obj3,7d0f68c550da3ec2f2089d23fc07a2e9ffcfe8525bf7296a87a5c39ef5d1c68f,391,1005
training/2025-05-26/objects_parts/190_obj3_tile_2092_2422.png,train,good,0,2025-05-26,normal:2025-05-26:190,normal:2025-05-26:190_obj3,5a90fe71fb20412db5eb3b97157cd2f0e28d13a954bf82336086de039b6b9925,418,1207
training/2025-05-26/objects_parts/190_obj3_tile_2284_2230.png,train,good,0,2025-05-26,normal:2025-05-26:190,normal:2025-05-26:190_obj3,661ecce592145dbab66138335f93320f6e0e979b4b4dd907e86df3c34f74edbd,265,699
training/2025-05-26/objects_parts/190_obj3_tile_2284_2422.png,train,good,0,2025-05-26,normal:2025-05-26:190,normal:2025-05-26:190_obj3,c8d0a356cf280a4c5475f541f8f3e96f39a7597e714c04a48176e2d99f05f2c4,439,1399
training/2025-05-26/objects_parts/225_obj1_centered.png,train,good,0,2025-05-26,normal:2025-05-26:225,normal:2025-05-26:225_obj1,fbfaf09472f604d566f2243eb6d43cef741df518d3bb9b3fe0b08ea3167fd5d0,133,495
training/2025-05-26/objects_parts/225_obj2_tile_2348_1598.png,train,good,0,2025-05-26,normal:2025-05-26:225,normal:2025-05-26:225_obj2,f18d12d5a5025c2fdb143baf5ce933a2b75b85717c361d11f44b6d29b3a39d35,91,75
training/2025-05-26/objects_parts/225_obj3_centered.png,train,good,0,2025-05-26,normal:2025-05-26:225,normal:2025-05-26:225_obj3,f6ad15069b104bf5ad7d44c8f79db739dfa87e19ed27ef73f171ec8859375b06,277,509
training/2025-05-26/objects_parts/226_obj1_centered.png,train,good,0,2025-05-26,normal:2025-05-26:226,normal:2025-05-26:226_obj1,9ce7359ba68a4527cc2c957666331cd2b06835fef5658293a00ac784d685fb62,43,48
training/2025-05-26/objects_parts/226_obj2_tile_2350_1601.png,train,good,0,2025-05-26,normal:2025-05-26:226,normal:2025-05-26:226_obj2,d82cbac02d687dc8c07853872f1a64750fe1772374a48b164b76cb00419a6205,301,506
training/2025-05-26/objects_parts/226_obj3_centered.png,train,good,0,2025-05-26,normal:2025-05-26:226,normal:2025-05-26:226_obj3,9bc9846a93cba2131626ae6be47c9cf25e89aade852a175d76f97a8e4c10e6dd,85,150
training/2025-05-26/objects_parts/227_obj1_centered.png,train,good,0,2025-05-26,normal:2025-05-26:227,normal:2025-05-26:227_obj1,6860156f286dd0514b4af8fdce5e345d2e3e3527ee17b1e0db430eb38ef12103,370,171
training/2025-05-26/objects_parts/227_obj2_tile_2353_1603.png,train,good,0,2025-05-26,normal:2025-05-26:227,normal:2025-05-26:227_obj2,55e148181bfd86426ebf16b3627c34e808d3633f0d5617ca1e8dd49b4073a322,37,749
training/2025-05-26/objects_parts/227_obj3_centered.png,train,good,0,2025-05-26,normal:2025-05-26:227,normal:2025-05-26:227_obj3,c321419d9d2aec799c665207ce215a7f6b33c1898f7835ab7b1a57e7bdaa0f67,219,655
training/2025-05-26/objects_parts/246_obj1_centered.png,train,good,0,2025-05-26,normal:2025-05-26:246,normal:2025-05-26:246_obj1,8a4765e5057dfb9c8b9888aad17885711d5c38d71c192cbdee5e67268124c819,244,616
training/2025-05-26/objects_parts/246_obj3_centered.png,train,good,0,2025-05-26,normal:2025-05-26:246,normal:2025-05-26:246_obj3,c50d3effa9727b586d82a25b8e2b1b8768e59298287ef706818fc81148ca0597,19,645
training/2025-05-26/objects_parts/247_obj1_centered.png,train,good,0,2025-05-26,normal:2025-05-26:247,normal:2025-05-26:247_obj1,d4f17be11e2114896e9b9505dc3e5e4066e406b5aeeb515ac6c015c35e24710c,285,558
training/2025-05-26/objects_parts/247_obj3_centered.png,train,good,0,2025-05-26,normal:2025-05-26:247,normal:2025-05-26:247_obj3,6a4c3dee5b9c36945e6837a35d33686cd14b07120da137d4e48f66b65eee5b22,151,168
training/2025-05-26/objects_parts/248_obj1_centered.png,train,good,0,2025-05-26,normal:2025-05-26:248,normal:2025-05-26:248_obj1,946f016eb80914419e393f07bb9118aadcf45926506b39fbe132fd02e2632ef2,364,193
training/2025-05-26/objects_parts/248_obj3_centered.png,train,good,0,2025-05-26,normal:2025-05-26:248,normal:2025-05-26:248_obj3,37dfd251096a13681f065ca017de59611becc89c392acd0c94379f5bbd891e29,261,700
training/2025-05-26/objects_parts/249_obj1_centered.png,train,good,0,2025-05-26,normal:2025-05-26:249,normal:2025-05-26:249_obj1,baaffb7aa8a0f93e94a16dd7a029412b0ffd4f80016c3fecb9ddf76dd83a7a23,49,43
training/2025-05-26/objects_parts/249_obj3_centered.png,train,good,0,2025-05-26,normal:2025-05-26:249,normal:2025-05-26:249_obj3,0cb111eb646732ad562210b69d8ce24fc87056477975c5f2a367ca71d286d0a8,61,500
training/2025-05-26/objects_parts/250_obj1_centered.png,train,good,0,2025-05-26,normal:2025-05-26:250,normal:2025-05-26:250_obj1,4166549cdfdd12f513f6edc0b94e22aeac176a59fe642900c7dee3eb439c853c,184,748
training/2025-05-26/objects_parts/250_obj3_centered.png,train,good,0,2025-05-26,normal:2025-05-26:250,normal:2025-05-26:250_obj3,fc813064e90a12770e1f13d2af4dc98bb102587f90157390227e4871dc3c246b,253,766
training/2025-05-26/objects_parts/251_obj1_centered.png,train,good,0,2025-05-26,normal:2025-05-26:251,normal:2025-05-26:251_obj1,eeb9a2f7bf13f2cdfc7af8cde457b63ff16c99470c602e9e16746a4865f5774f,115,549
training/2025-05-26/objects_parts/251_obj3_centered.png,train,good,0,2025-05-26,normal:2025-05-26:251,normal:2025-05-26:251_obj3,a85748c9b1da4be2c7f4ad262e476d502cc382da6014b6ba8e58acf46bee31c1,163,530
training/2025-05-26/objects_parts/252_obj1_centered.png,train,good,0,2025-05-26,normal:2025-05-26:252,normal:2025-05-26:252_obj1,0a8f4ada5b7d1fa0bb0a1d6b333fab3672363a01c89b3ca97ab1c43dcac0da08,31,445
training/2025-05-26/objects_parts/252_obj3_centered.png,train,good,0,2025-05-26,normal:2025-05-26:252,normal:2025-05-26:252_obj3,cd83b523020c7be8ffb905143b9fa3897789dc4861748a38b7edd62210a0d8b0,353,726
training/2025-05-26/objects_parts/253_obj1_centered.png,train,good,0,2025-05-26,normal:2025-05-26:253,normal:2025-05-26:253_obj1,48307029222fb6c9f9896050545865a5c1720512a71228c883b080e5949fae96,79,753
training/2025-05-26/objects_parts/253_obj3_centered.png,train,good,0,2025-05-26,normal:2025-05-26:253,normal:2025-05-26:253_obj3,f95c83b5b2e9951dc569f4aadb1d832e9067eddd91ac50790111b845f6968ac0,189,9
training/2025-05-26/objects_parts/254_obj1_centered.png,train,good,0,2025-05-26,normal:2025-05-26:254,normal:2025-05-26:254_obj1,e8f067755b6746301178df06c95a38689ebeae392fdf2c09218cbf7674c30d05,157,475
training/2025-05-26/objects_parts/254_obj3_centered.png,train,good,0,2025-05-26,normal:2025-05-26:254,normal:2025-05-26:254_obj3,269870fd326d076842087cae432e3b44822a642217261a4b8c4fbeaafc8dfed4,289,353
training/2025-05-26/objects_parts/255_obj1_centered.png,train,good,0,2025-05-26,normal:2025-05-26:255,normal:2025-05-26:255_obj1,55c77d4b7e490437221771f270bdb0ba513f5a0fa7ef2d595ac86f215a19338c,313,447
training/2025-05-26/objects_parts/255_obj3_centered.png,train,good,0,2025-05-26,normal:2025-05-26:255,normal:2025-05-26:255_obj3,cd124257cfe1649587d64aee293839f49526f72541079f95c03193583b93f41b,1,739
training/2025-05-26/objects_parts/257_obj1_centered.png,train,good,0,2025-05-26,normal:2025-05-26:257,normal:2025-05-26:257_obj1,3b6916777d001f6272909e525cc8421dc12796dd3e1e5790bb13ece36868fdc9,194,79
training/2025-05-26/objects_parts/257_obj3_centered.png,train,good,0,2025-05-26,normal:2025-05-26:257,normal:2025-05-26:257_obj3,72907c9aaba8a5407e591d660ded6dba0a0b6a7f12e6fd02d2659d7537463126,139,396
training/2025-05-26/objects_parts/258_obj1_centered.png,train,good,0,2025-05-26,normal:2025-05-26:258,normal:2025-05-26:258_obj1,df5af669ad20b8cf04eda995cc304eb94b5a66d37e87e168473775a14557539e,309,84
training/2025-05-26/objects_parts/258_obj3_centered.png,train,good,0,2025-05-26,normal:2025-05-26:258,normal:2025-05-26:258_obj3,01a4d5613968c09fbd7a33fdc252aa9988307fb72c37d887d5ac2a147cb4900e,109,573
training/2025-05-26/objects_parts/259_obj1_centered.png,train,good,0,2025-05-26,normal:2025-05-26:259,normal:2025-05-26:259_obj1,de6ebcffc083b63a79287e9991d1975fbad89a5dc018ecff59a1c2e15f6b0be2,67,200
training/2025-05-26/objects_parts/259_obj3_centered.png,train,good,0,2025-05-26,normal:2025-05-26:259,normal:2025-05-26:259_obj3,86e0f28f198cd58f2acbba168852ba8294cfc626a3b4d5c00e3a0cec2f2b4856,127,25
training/2025-05-26/objects_parts/262_obj1_centered.png,train,good,0,2025-05-26,normal:2025-05-26:262,normal:2025-05-26:262_obj1,51b0d0ae2a9bd12e02416c6ca3ca56e6e9258bf43e603a6037c091ea6bd2fa95,55,498
training/2025-05-26/objects_parts/262_obj3_centered.png,train,good,0,2025-05-26,normal:2025-05-26:262,normal:2025-05-26:262_obj3,4180645eb5ef1d5a59a590124ca554d429ac431a58219104cd3cb5855c4fc75d,281,721
training/2025-05-26/objects_parts/263_obj1_centered.png,train,good,0,2025-05-26,normal:2025-05-26:263,normal:2025-05-26:263_obj1,601245a8502c2922141b6c3041c2864b45104d726b24d4c57ed71b815dfe1f48,239,127
training/2025-05-26/objects_parts/263_obj3_centered.png,train,good,0,2025-05-26,normal:2025-05-26:263,normal:2025-05-26:263_obj3,7dd9845e5827d7702fc118bd1b61ebaa545e6267500a82227dba55686c7f35d2,209,670
training/2025-05-26/objects_parts/59_obj1_centered.png,train,good,0,2025-05-26,normal:2025-05-26:59,normal:2025-05-26:59_obj1,8ac2b8384c039e66b814842c171dce4af3321b458a69a138e0b8007dc32d0a5e,103,213
training/2025-05-26/objects_parts/59_obj2_tile_2282_1533.png,train,good,0,2025-05-26,normal:2025-05-26:59,normal:2025-05-26:59_obj2,2cf34696ebe195e506a3ecd43ad6fa84d8d172aa40a2e1c69974f884d4c2a87e,373,226
training/2025-05-26/objects_parts/59_obj3_centered.png,train,good,0,2025-05-26,normal:2025-05-26:59,normal:2025-05-26:59_obj3,9722c0e182599083d50be5a6694a12c16133680e2019b6321cfc13ba3ba459f1,174,599
training/2025-05-26/objects_parts/60_obj1_centered.png,train,good,0,2025-05-26,normal:2025-05-26:60,normal:2025-05-26:60_obj1,03cdb7b297c730b74df799b98d999e91b16c6606b2fc156596562898296a832e,199,426
training/2025-05-26/objects_parts/60_obj2_tile_2282_1534.png,train,good,0,2025-05-26,normal:2025-05-26:60,normal:2025-05-26:60_obj2,7df71d370ca59d8efbae78a63cb54ccf73e927c2b30b222b1b4a59ac7cda8b68,317,162
training/2025-05-26/objects_parts/60_obj3_centered.png,train,good,0,2025-05-26,normal:2025-05-26:60,normal:2025-05-26:60_obj3,06e7e5703138e54868c81f8ac3c3ea5dfbbe556ab71843eeabe9d30eec4d72f1,297,275
training/2025-05-26/objects_parts/62_obj1_centered.png,train,good,0,2025-05-26,normal:2025-05-26:62,normal:2025-05-26:62_obj1,45da4358b68e9bb7fa3dd1c8987e5b20ecea90833477ea72564470a5c75222c8,337,648
training/2025-05-26/objects_parts/62_obj2_tile_2282_1533.png,train,good,0,2025-05-26,normal:2025-05-26:62,normal:2025-05-26:62_obj2,84cb2ce883fe7f0e8351d32c2d41ea3d31dd8bdafa03a670c95d4b0fd6e76ec8,234,83
training/2025-05-26/objects_parts/62_obj3_centered.png,train,good,0,2025-05-26,normal:2025-05-26:62,normal:2025-05-26:62_obj3,9731163fb30c7a095fb5656da62353f8b2c56749cc86deeb319fe2de99a6fbec,25,276
training/2025-05-26/objects_parts/64_obj1_centered.png,train,good,0,2025-05-26,normal:2025-05-26:64,normal:2025-05-26:64_obj1,f6c63797d0cf56ee0b99ccddca39c350ab56f86bf9b79108ceb1efab2eb37bcd,7,658
training/2025-05-26/objects_parts/64_obj2_tile_2282_1534.png,train,good,0,2025-05-26,normal:2025-05-26:64,normal:2025-05-26:64_obj2,4f4842b168fb92e74918db36278b1dc533adde9b9707d8a063ee3cfbe04ef92e,293,298
training/2025-05-26/objects_parts/64_obj3_centered.png,train,good,0,2025-05-26,normal:2025-05-26:64,normal:2025-05-26:64_obj3,6a51168217cd3396be2c594b65b5ca8becadf87e076525578fac3bcf4d92ef48,169,516
training/2025-05-26/objects_parts/66_obj1_centered.png,train,good,0,2025-05-26,normal:2025-05-26:66,normal:2025-05-26:66_obj1,426798542cd35982282aafe9f6960137f53fc6c5657f088c40960d9d7591f824,73,552
training/2025-05-26/objects_parts/66_obj2_tile_2282_1533.png,train,good,0,2025-05-26,normal:2025-05-26:66,normal:2025-05-26:66_obj2,2fd018826e9c42fef21a304ad8a16575329ede755a1c1318a2339f9131f8c5aa,269,339
training/2025-05-26/objects_parts/66_obj3_centered.png,train,good,0,2025-05-26,normal:2025-05-26:66,normal:2025-05-26:66_obj3,7e56f5c24a649572e5c148639ba37b4d7a6e0a581120d184eb6d6ca6128b8e41,325,358
training/2025-05-26/objects_parts/67_obj1_centered.png,train,good,0,2025-05-26,normal:2025-05-26:67,normal:2025-05-26:67_obj1,2e3304b0f0379af5f759d9c123ed14f39b39c4398b984bf820007d831168ac02,229,560
training/2025-05-26/objects_parts/67_obj2_tile_2282_1533.png,train,good,0,2025-05-26,normal:2025-05-26:67,normal:2025-05-26:67_obj2,39b120ded36e8019355a62f2a94c5e714fb866b9b5815bc6b6cf2ceb80ef0b9e,357,330
training/2025-05-26/objects_parts/67_obj3_centered.png,train,good,0,2025-05-26,normal:2025-05-26:67,normal:2025-05-26:67_obj3,2887400feea165ef67a1ff9bf998a34e134a5cdcb64fcdf442fefafdca4eeaf6,361,615
training/2025-05-26/objects_parts/68_obj1_centered.png,train,good,0,2025-05-26,normal:2025-05-26:68,normal:2025-05-26:68_obj1,b3248b070256f9322511f6f0661e5e15f377d62b16425f15ec6e51bb1034c0df,305,767
training/2025-05-26/objects_parts/68_obj2_tile_2282_1533.png,train,good,0,2025-05-26,normal:2025-05-26:68,normal:2025-05-26:68_obj2,e88d96fdfd143abbeadb956168f45239b86384d3d7c414bbd434539d7c899a93,97,667
training/2025-05-26/objects_parts/68_obj3_centered.png,train,good,0,2025-05-26,normal:2025-05-26:68,normal:2025-05-26:68_obj3,7df87c5104470a9f1ae08607f53d99b42ac80b75928805aabb9d385e728ea252,214,133
training/2025-05-26/objects_parts/69_obj1_centered.png,train,good,0,2025-05-26,normal:2025-05-26:69,normal:2025-05-26:69_obj1,24d590d0076e99878c96a108bfd845f433492e5877ff5dfea980d62e7b0a8f63,329,675
training/2025-05-26/objects_parts/69_obj2_tile_2282_1533.png,train,good,0,2025-05-26,normal:2025-05-26:69,normal:2025-05-26:69_obj2,df4d19c0a3bb2cb7505ed7b0609c8c263084c7fdce762df9387478a9bf902992,376,294
training/2025-05-26/objects_parts/69_obj3_centered.png,train,good,0,2025-05-26,normal:2025-05-26:69,normal:2025-05-26:69_obj3,f8a2c565917388e567504c52e4d2633c9c4f6524e6546d7c0cf947d9f2e1ad3f,145,529
training/2025-05-26/objects_parts/70_obj1_centered.png,train,good,0,2025-05-26,normal:2025-05-26:70,normal:2025-05-26:70_obj1,0061e88112283bff831a525a284cc005daff41d5cbc954692b8ca588db9cf9a7,345,304
training/2025-05-26/objects_parts/70_obj2_tile_2282_1533.png,train,good,0,2025-05-26,normal:2025-05-26:70,normal:2025-05-26:70_obj2,2f1ea7e20b989ee31210fbd442d60e002db36801720d25c17ae6769f17fb9150,13,102
training/2025-05-26/objects_parts/70_obj3_centered.png,train,good,0,2025-05-26,normal:2025-05-26:70,normal:2025-05-26:70_obj3,3e86f13dce9e8da797d3f1ad86791d47550eba557e07000afe0ad7449909e1c6,257,345
training/2025-05-28/objects_parts/100_obj10_centered.png,train,good,0,2025-05-28,normal:2025-05-28:100,normal:2025-05-28:100_obj10,78ecd19563116cae61a2dc4a6ef6af8b006eaaea9d0aa3a2e32beba228069592,859,270
training/2025-05-28/objects_parts/101_obj10_centered.png,train,good,0,2025-05-28,normal:2025-05-28:101,normal:2025-05-28:101_obj10,a883a2a5c924cfd921526abdbda4f712905adad6a80a35dba2c443b3041d664c,499,612
training/2025-05-28/objects_parts/102_obj10_centered.png,train,good,0,2025-05-28,normal:2025-05-28:102,normal:2025-05-28:102_obj10,1cb11e4a895b394687af88feffc399e0c28420da946d022debd1e6508d015c32,1063,291
training/2025-05-28/objects_parts/103_obj10_centered.png,train,good,0,2025-05-28,normal:2025-05-28:103,normal:2025-05-28:103_obj10,de5967cabc34f8a5a085fb5d28ee840fc5e76c5f34aeb2a0bc9db238c7d59bfe,763,680
training/2025-05-28/objects_parts/106_obj10_centered.png,train,good,0,2025-05-28,normal:2025-05-28:106,normal:2025-05-28:106_obj10,a9fdd25a939ebf746e1c476809c3752e54db6921b8ec129e9b8ccd212d2496c3,1143,189
training/2025-05-28/objects_parts/158_obj10_centered.png,train,good,0,2025-05-28,normal:2025-05-28:158,normal:2025-05-28:158_obj10,476cea93f9d50883af35adb1a1a188f2fecff9e7d49d5b04b1bc28971e3cb74e,629,263
training/2025-05-28/objects_parts/159_obj10_centered.png,train,good,0,2025-05-28,normal:2025-05-28:159,normal:2025-05-28:159_obj10,3d675127adf178c4ccd51741041f62b8832cec4ae28314c7c3ce900a9d1abc9d,310,512
training/2025-05-28/objects_parts/160_obj10_centered.png,train,good,0,2025-05-28,normal:2025-05-28:160,normal:2025-05-28:160_obj10,b6b9093a93dd235b5d51496088f17d55a47072070ad58f8af9fbd22591d510ce,761,660
training/2025-05-28/objects_parts/161_obj10_centered.png,train,good,0,2025-05-28,normal:2025-05-28:161,normal:2025-05-28:161_obj10,35ff6ef12d9f39d16dddf50f1140c11fc6f50e63e64dc0777889f30241967a44,573,279
training/2025-05-28/objects_parts/162_obj10_centered.png,train,good,0,2025-05-28,normal:2025-05-28:162,normal:2025-05-28:162_obj10,049a571a2e0c98491e7df248edb1998a3699dcef4c93885c005a7a48659e668d,1051,199
training/2025-05-28/objects_parts/164_obj10_centered.png,train,good,0,2025-05-28,normal:2025-05-28:164,normal:2025-05-28:164_obj10,07d28c7fda20a2f234acf3fd7e2988b5630faf75b49b39eeefab37ad2e4a9180,380,236
training/2025-05-28/objects_parts/165_obj10_centered.png,train,good,0,2025-05-28,normal:2025-05-28:165,normal:2025-05-28:165_obj10,6895a565578de5904b40629d66a80d457adc3f3f2668c4b7a23eeffa5125124f,793,653
training/2025-05-28/objects_parts/166_obj10_centered.png,train,good,0,2025-05-28,normal:2025-05-28:166,normal:2025-05-28:166_obj10,b18c1b0bc5c06ea1e553e10d3a9dd9ea9f2dafcd88a8ef0ce5a73cc781fe5cf8,955,522
training/2025-05-28/objects_parts/167_obj10_centered.png,train,good,0,2025-05-28,normal:2025-05-28:167,normal:2025-05-28:167_obj10,bba3144df66872354949f8c349e6c483f2f46694d67b6e91ee2c3928207740f6,44,217
training/2025-05-28/objects_parts/176_obj10_centered.png,train,good,0,2025-05-28,normal:2025-05-28:176,normal:2025-05-28:176_obj10,8a90dd03225483851daa7f183869d3b10ac77f31429659db7e16b817baa8c5b1,731,49
training/2025-05-28/objects_parts/178_obj10_centered.png,train,good,0,2025-05-28,normal:2025-05-28:178,normal:2025-05-28:178_obj10,88e800a6cbc06e1fffc87bc5d6f3ce5e0f8a7d71e8481ae4f8bcac40b434b1c1,461,264
training/2025-05-28/objects_parts/179_obj10_centered.png,train,good,0,2025-05-28,normal:2025-05-28:179,normal:2025-05-28:179_obj10,4f105464a7dd1abd77e9b23fd56f0d96eabc6d8b4acfd14c19f07e07e6187fa7,1047,249
training/2025-05-28/objects_parts/182_obj10_centered.png,train,good,0,2025-05-28,normal:2025-05-28:182,normal:2025-05-28:182_obj10,193642f92afb258312b5dc7ea42a526855a35739c62b5d74b934802114ef65ba,1175,272
training/2025-05-28/objects_parts/183_obj10_centered.png,train,good,0,2025-05-28,normal:2025-05-28:183,normal:2025-05-28:183_obj10,bd88d988f2ba8081395b2b58f3a0c2565fe0fa935f6522c48a0f24ec4bb8efcb,1115,481
training/2025-05-28/objects_parts/184_obj10_centered.png,train,good,0,2025-05-28,normal:2025-05-28:184,normal:2025-05-28:184_obj10,aed6e5f2813db91d2e1356d4f5e421da64368c02a443947219f7207646843071,431,714
training/2025-05-28/objects_parts/185_obj10_centered.png,train,good,0,2025-05-28,normal:2025-05-28:185,normal:2025-05-28:185_obj10,3b72ce521d1e5ae71948582eed37bba151e399583e74aed8374536d794324b82,671,611
training/2025-05-28/objects_parts/187_obj10_centered.png,train,good,0,2025-05-28,normal:2025-05-28:187,normal:2025-05-28:187_obj10,a67b67b56a8e3a9c6d29d05af1f72fe90ccc687efc105444d0056438daf2ca5f,727,56
training/2025-05-28/objects_parts/188_obj10_centered.png,train,good,0,2025-05-28,normal:2025-05-28:188,normal:2025-05-28:188_obj10,061c3d128511ecdf6fb04d4bb34055306e90a2ae31c2ee2f804fad2f82d7e12b,1211,146
training/2025-05-28/objects_parts/189_obj10_centered.png,train,good,0,2025-05-28,normal:2025-05-28:189,normal:2025-05-28:189_obj10,f85188558e7d56577d86c3383419895edc0472cd495068d34f56d9560eff1993,362,288
training/2025-05-28/objects_parts/191_obj10_centered.png,train,good,0,2025-05-28,normal:2025-05-28:191,normal:2025-05-28:191_obj10,991ecbc54e4a4051c06507e8e2a5b2eda438c8d0f936c2bb92a32b1e16396c3b,38,42
training/2025-05-28/objects_parts/192_obj10_centered.png,train,good,0,2025-05-28,normal:2025-05-28:192,normal:2025-05-28:192_obj10,e14f376d68ec0572b132a15ed262bb4852c4e953affccbc03626db506389886f,873,161
training/2025-05-28/objects_parts/193_obj10_centered.png,train,good,0,2025-05-28,normal:2025-05-28:193,normal:2025-05-28:193_obj10,0d99362770a309a82c7999f4ed84c584259917e3ce8861d9909ce995895bf7fd,641,793
training/2025-05-28/objects_parts/194_obj10_centered.png,train,good,0,2025-05-28,normal:2025-05-28:194,normal:2025-05-28:194_obj10,cdccec31c4035449538a37828d9d733564d81dd12b28a5f93b45d0e04b4da07c,907,404
training/2025-05-28/objects_parts/195_obj10_centered.png,train,good,0,2025-05-28,normal:2025-05-28:195,normal:2025-05-28:195_obj10,4c1195ca503f4a42c98d93b919af283be545b1b2d1426c6ee168e7cd912197d5,86,260
training/2025-05-28/objects_parts/232_obj10_tile_3210_1457.png,train,good,0,2025-05-28,normal:2025-05-28:232,normal:2025-05-28:232_obj10,26e4c57eacd8a1d46ea35a857078197550e2b3d460e8479abce8ebe0fe9c9d0e,195,428
training/2025-05-28/objects_parts/232_obj10_tile_3210_1649.png,train,good,0,2025-05-28,normal:2025-05-28:232,normal:2025-05-28:232_obj10,c8bc1508544311613e2c5f49180fb2d1981633954aca510b67d92c87647944c6,1603,1334
training/2025-05-28/objects_parts/232_obj10_tile_3402_1457.png,train,good,0,2025-05-28,normal:2025-05-28:232,normal:2025-05-28:232_obj10,5384baaa02aa5a7ff7b1e2f19f4f91cdaa5e191d76f0ac7fbaae2b58f25ff7fc,1239,919
training/2025-05-28/objects_parts/232_obj10_tile_3402_1649.png,train,good,0,2025-05-28,normal:2025-05-28:232,normal:2025-05-28:232_obj10,56c5bcae7867687841170bb5c599f554f6bddcb035ab51f1010c0c0caecc38a6,1457,1139
training/2025-05-28/objects_parts/234_obj10_tile_3210_1456.png,train,good,0,2025-05-28,normal:2025-05-28:234,normal:2025-05-28:234_obj10,72dc09902aa61b5526ca730b5e014d09d9573b09d37bf5210a36c743b614d052,1638,1330
training/2025-05-28/objects_parts/234_obj10_tile_3210_1648.png,train,good,0,2025-05-28,normal:2025-05-28:234,normal:2025-05-28:234_obj10,6803a89f593c81dd3f553df6a4e9fe7c1a7234dff8951932371bb38e34617d1a,1525,1135
training/2025-05-28/objects_parts/234_obj10_tile_3402_1456.png,train,good,0,2025-05-28,normal:2025-05-28:234,normal:2025-05-28:234_obj10,82e38d8fa0cabb6015031339e653035fc7a551688528e42cf4e46eff59dab6bd,1335,915
training/2025-05-28/objects_parts/234_obj10_tile_3402_1648.png,train,good,0,2025-05-28,normal:2025-05-28:234,normal:2025-05-28:234_obj10,bd15ab6aa4c8fa9957e4f8e86e583825a9c5cbbf0b4564934e151bf5044d938a,673,411
training/2025-05-28/objects_parts/235_obj10_tile_3211_1454.png,train,good,0,2025-05-28,normal:2025-05-28:235,normal:2025-05-28:235_obj10,0140c7b97521e629e1edef5518cd6a2ca9f1c42799833d5f025424e0a51e63bc,1475,1058
training/2025-05-28/objects_parts/235_obj10_tile_3211_1646.png,train,good,0,2025-05-28,normal:2025-05-28:235,normal:2025-05-28:235_obj10,594d781804f7940a2192b053887c42f17da4efd3540a9f80146c03b804e56bc3,330,82
training/2025-05-28/objects_parts/235_obj10_tile_3403_1454.png,train,good,0,2025-05-28,normal:2025-05-28:235,normal:2025-05-28:235_obj10,b7136b258e10db75daf4174782094462043106fe46cebcf9e4007a1f0b0ce39f,1615,1256
training/2025-05-28/objects_parts/235_obj10_tile_3403_1646.png,train,good,0,2025-05-28,normal:2025-05-28:235,normal:2025-05-28:235_obj10,8bd88de3bb437454ff2090954affb38586058c45fc2349058e671e3ee00a58e6,1263,824
training/2025-05-28/objects_parts/236_obj10_tile_3211_1454.png,train,good,0,2025-05-28,normal:2025-05-28:236,normal:2025-05-28:236_obj10,bbca30f2a0d90acba6a92217f31e5ca568f679961ca6b0d326bfd10dca5fdee2,709,334
training/2025-05-28/objects_parts/236_obj10_tile_3211_1646.png,train,good,0,2025-05-28,normal:2025-05-28:236,normal:2025-05-28:236_obj10,19de3a15b26dc1caf136fa8462e168da9361632f42f5f283f7bac8d2e30f5997,1641,1313
training/2025-05-28/objects_parts/236_obj10_tile_3403_1454.png,train,good,0,2025-05-28,normal:2025-05-28:236,normal:2025-05-28:236_obj10,9a230b7c9701f5b0fc72af4e38e373271de124beddb62aa6f6324b19fe1657d6,1343,891
training/2025-05-28/objects_parts/236_obj10_tile_3403_1646.png,train,good,0,2025-05-28,normal:2025-05-28:236,normal:2025-05-28:236_obj10,229541824f81b146a0ad937a54fc8e4177633aa984ec4ccac2c0f08baad94d05,1531,1116
training/2025-05-28/objects_parts/245_obj10_tile_3214_1443.png,train,good,0,2025-05-28,normal:2025-05-28:245,normal:2025-05-28:245_obj10,330b358598ed4f07cdff3cd7f009825351f2fa896c5c11b3534b23ab79b298c9,1567,1056
training/2025-05-28/objects_parts/245_obj10_tile_3214_1635.png,train,good,0,2025-05-28,normal:2025-05-28:245,normal:2025-05-28:245_obj10,c02068652fe7cdc216ce47907954cad631eff9567d71d351cc3d9c94c39d2fe2,1411,822
training/2025-05-28/objects_parts/245_obj10_tile_3406_1443.png,train,good,0,2025-05-28,normal:2025-05-28:245,normal:2025-05-28:245_obj10,c6dab3510774e650f2df8c361e215be239ad3a4b02d369a9aa8bb925e549da9c,1656,1254
training/2025-05-28/objects_parts/245_obj10_tile_3406_1635.png,train,good,0,2025-05-28,normal:2025-05-28:245,normal:2025-05-28:245_obj10,a6915bafdb9d407dc4619db533e029f4a093c73f9f63c1734def99411f55e6ba,987,77
training/2025-05-28/objects_parts/246_obj10_tile_3215_1442.png,train,good,0,2025-05-28,normal:2025-05-28:246,normal:2025-05-28:246_obj10,981e85be9f07069e30e6b5035b4d01ffa25250d82fc770340c19efaef3f9b6fd,392,244
training/2025-05-28/objects_parts/246_obj10_tile_3215_1634.png,train,good,0,2025-05-28,normal:2025-05-28:246,normal:2025-05-28:246_obj10,1a2e50beeee3ee647f1bcdbc85a81ce8f7d24e651f4774369471305a50599c67,1619,1297
training/2025-05-28/objects_parts/246_obj10_tile_3407_1442.png,train,good,0,2025-05-28,normal:2025-05-28:246,normal:2025-05-28:246_obj10,2a5ed78579e57b9349acd028eb25b0fe7e3a27f17c25ec932fa20ca11faed2b6,1277,871
training/2025-05-28/objects_parts/246_obj10_tile_3407_1634.png,train,good,0,2025-05-28,normal:2025-05-28:246,normal:2025-05-28:246_obj10,658e78a73e84b9604fb2ac3d1032ea702332875e38d5a3a96deddc05c0d40ae7,1483,1099
training/2025-05-28/objects_parts/247_obj10_tile_3215_1441.png,train,good,0,2025-05-28,normal:2025-05-28:247,normal:2025-05-28:247_obj10,b580137372f68f1b739de15e9f076afd1b84d359a297e5144e48d86c43788cd6,1089,610
training/2025-05-28/objects_parts/247_obj10_tile_3215_1633.png,train,good,0,2025-05-28,normal:2025-05-28:247,normal:2025-05-28:247_obj10,13be7dd04b10696810ae19e775e63db1713b703e8426870306db967d9cc052f9,1431,975
training/2025-05-28/objects_parts/247_obj10_tile_3407_1441.png,train,good,0,2025-05-28,normal:2025-05-28:247,normal:2025-05-28:247_obj10,28506ce506680617e21ffe10e25522f2d8ff95db430a12bf952eaf4ad0631113,1585,1185
training/2025-05-28/objects_parts/247_obj10_tile_3407_1633.png,train,good,0,2025-05-28,normal:2025-05-28:247,normal:2025-05-28:247_obj10,5ba6c86f000ed622df26949b575a4d6985967d32046005a3f2ed2586f22a396b,1665,1379
training/2025-05-28/objects_parts/248_obj10_tile_3216_1440.png,train,good,0,2025-05-28,normal:2025-05-28:248,normal:2025-05-28:248_obj10,27b3155ed3fab966dd6b89faa68b0343499e6b00b1a010c2f993d7e1b3570b78,701,656
training/2025-05-28/objects_parts/248_obj10_tile_3216_1632.png,train,good,0,2025-05-28,normal:2025-05-28:248,normal:2025-05-28:248_obj10,bd16ff3b598b9347812df8918bac1b088daf4f3825f8493dab7184c399d96ff7,1529,1197
training/2025-05-28/objects_parts/248_obj10_tile_3408_1440.png,train,good,0,2025-05-28,normal:2025-05-28:248,normal:2025-05-28:248_obj10,6fd3ce35e32fe5d405c7cd5a86c5d8be5da114b0fc5d1cd3d82bd89806442804,1339,991
training/2025-05-28/objects_parts/248_obj10_tile_3408_1632.png,train,good,0,2025-05-28,normal:2025-05-28:248,normal:2025-05-28:248_obj10,e72f73830d6df872e1dd5e94b1d47098ce6a424fcbf542a7c128ca195c1e239d,1640,1390
training/2025-05-28/objects_parts/249_obj10_tile_3217_1439.png,train,good,0,2025-05-28,normal:2025-05-28:249,normal:2025-05-28:249_obj10,70e1a8715d179abcef594f63c5e458ba2ed7562d92d2970a8b0b7838d31a1303,1669,1314
training/2025-05-28/objects_parts/249_obj10_tile_3217_1631.png,train,good,0,2025-05-28,normal:2025-05-28:249,normal:2025-05-28:249_obj10,35f905f90cea56ecaffc3a2796e51dacc488d0a99451b1740e0ae1315cedafc7,1137,348
training/2025-05-28/objects_parts/249_obj10_tile_3409_1439.png,train,good,0,2025-05-28,normal:2025-05-28:249,normal:2025-05-28:249_obj10,b9db1028df03a4cb9c6d0165f632c03cff7bc5a08c9b66e9600e5c8f4cb4ce4e,1593,1118
training/2025-05-28/objects_parts/249_obj10_tile_3409_1631.png,train,good,0,2025-05-28,normal:2025-05-28:249,normal:2025-05-28:249_obj10,dc0c839184a859df746b0167259fc77204fe803d019dd56af8ca30608b2b47d5,1445,896
training/2025-05-28/objects_parts/250_obj10_tile_3218_1438.png,train,good,0,2025-05-28,normal:2025-05-28:250,normal:2025-05-28:250_obj10,5cf1f8c108a3b902160498b5d36b61947b5b57adadf1017ee6f55782ead445f2,1379,1003
training/2025-05-28/objects_parts/250_obj10_tile_3218_1630.png,train,good,0,2025-05-28,normal:2025-05-28:250,normal:2025-05-28:250_obj10,5feac18e12ae58e74b778fbfe6c4ebd5a6796295b26a57318de83523f7ea99cb,1549,1206
training/2025-05-28/objects_parts/250_obj10_tile_3410_1438.png,train,good,0,2025-05-28,normal:2025-05-28:250,normal:2025-05-28:250_obj10,7484b1a9a002d34c7cddd369520d3fc4eb9101027a0fd01b7cc309d7bd85a801,871,687
training/2025-05-28/objects_parts/250_obj10_tile_3410_1630.png,train,good,0,2025-05-28,normal:2025-05-28:250,normal:2025-05-28:250_obj10,bd01ca1296cc9ce31d834e1d15a4561d5ad6bd7b4b01f3ad63673c885e67acaa,1648,1398
training/2025-05-28/objects_parts/251_obj10_tile_3219_1436.png,train,good,0,2025-05-28,normal:2025-05-28:251,normal:2025-05-28:251_obj10,601cdbc267e4df47b719979182565abf535b89158bb444d1b39b8d97192e6536,1119,722
training/2025-05-28/objects_parts/251_obj10_tile_3219_1628.png,train,good,0,2025-05-28,normal:2025-05-28:251,normal:2025-05-28:251_obj10,c0daa4ae752be400cf076c7dbe2a0c1e55132d69fd170039608d5d3feb1745eb,1439,1013
training/2025-05-28/objects_parts/251_obj10_tile_3411_1436.png,train,good,0,2025-05-28,normal:2025-05-28:251,normal:2025-05-28:251_obj10,0b16826d4af547ab6f52aea51d098a695cb4b6e17c9504c3fcfd5a11f5cbb7ad,1668,1407
training/2025-05-28/objects_parts/251_obj10_tile_3411_1628.png,train,good,0,2025-05-28,normal:2025-05-28:251,normal:2025-05-28:251_obj10,79237f093f89cca86086aceda1f6d5139fe16bbd2227a080a80c60b9adaa8e76,1591,1215
training/2025-05-28/objects_parts/253_obj10_tile_3220_1434.png,train,good,0,2025-05-28,normal:2025-05-28:253,normal:2025-05-28:253_obj10,d9ad50507e31d373f647a0cba55498de9c499202949b7d265f6dcd7aac35f6c9,1333,821
training/2025-05-28/objects_parts/253_obj10_tile_3220_1626.png,train,good,0,2025-05-28,normal:2025-05-28:253,normal:2025-05-28:253_obj10,f5c212973852fae6eb9171f72ddad287cc567d4790fb3635bc05d282dfb662e4,1637,1253
training/2025-05-28/objects_parts/253_obj10_tile_3412_1434.png,train,good,0,2025-05-28,normal:2025-05-28:253,normal:2025-05-28:253_obj10,72e1054abaf251b8b895e5aae9e595c6064e125a4d566901e25ffdc001de434b,1523,1055
training/2025-05-28/objects_parts/253_obj10_tile_3412_1626.png,train,good,0,2025-05-28,normal:2025-05-28:253,normal:2025-05-28:253_obj10,220a2c6104517079abb64739a832e5da4c7f64b7c723531021056e236b5ba12c,655,74
training/2025-05-28/objects_parts/254_obj10_tile_3221_1432.png,train,good,0,2025-05-28,normal:2025-05-28:254,normal:2025-05-28:254_obj10,5639c5c48d68852ae85b28f5f21e717788d774e5e7b35226152ec2326df04e90,1636,1305
training/2025-05-28/objects_parts/254_obj10_tile_3221_1624.png,train,good,0,2025-05-28,normal:2025-05-28:254,normal:2025-05-28:254_obj10,fcf4ba5242661e2121c17fb8bfe1fdd7db797a6e44db42c3a9915cf2106a35cd,645,302
training/2025-05-28/objects_parts/254_obj10_tile_3413_1432.png,train,good,0,2025-05-28,normal:2025-05-28:254,normal:2025-05-28:254_obj10,0ba17f3b346fd964cf140d52220cd7332df97b2ed053fceb052e9c3312ae69e5,1331,880
training/2025-05-28/objects_parts/254_obj10_tile_3413_1624.png,train,good,0,2025-05-28,normal:2025-05-28:254,normal:2025-05-28:254_obj10,2ec7fed564dbe19e97fbfacadb8ad6ce870ed454d72745e0eaaea76026d7540c,1521,1107
training/2025-05-28/objects_parts/255_obj10_tile_3222_1432.png,train,good,0,2025-05-28,normal:2025-05-28:255,normal:2025-05-28:255_obj10,65af084ccaa55ed0e613c87f68d2690cf2f00ed5ca719c2063bf5581d2fc628c,1579,1179
training/2025-05-28/objects_parts/255_obj10_tile_3222_1624.png,train,good,0,2025-05-28,normal:2025-05-28:255,normal:2025-05-28:255_obj10,bfa46ad92ad0f6f6a447c542af4cedc10a7846c4aefc861b64a2cdcba5a6dfcc,1059,594
training/2025-05-28/objects_parts/255_obj10_tile_3414_1432.png,train,good,0,2025-05-28,normal:2025-05-28:255,normal:2025-05-28:255_obj10,ff887ef298ebcdc9472fff4d5698737e2f822dab421fed4e5b1cc5c661b26c1a,1423,968
training/2025-05-28/objects_parts/255_obj10_tile_3414_1624.png,train,good,0,2025-05-28,normal:2025-05-28:255,normal:2025-05-28:255_obj10,35013a1b1692093756cc0192dbfd0d4e4022f8a93e57aed61bc3fdec4a5ca27e,1662,1373
training/2025-05-28/objects_parts/257_obj10_tile_3225_1429.png,train,good,0,2025-05-28,normal:2025-05-28:257,normal:2025-05-28:257_obj10,430e2cfd7f7c5be032530f099d96d6f686c4eaf5efb0352fa803b44d3fc01413,1623,1281
training/2025-05-28/objects_parts/257_obj10_tile_3225_1621.png,train,good,0,2025-05-28,normal:2025-05-28:257,normal:2025-05-28:257_obj10,f7367ca5b89a4848a86a231e68f1728e67b54ab976dd0b3c9efd70f625853f78,1293,853
training/2025-05-28/objects_parts/257_obj10_tile_3417_1429.png,train,good,0,2025-05-28,normal:2025-05-28:257,normal:2025-05-28:257_obj10,3d14cad2935a31351b8143b6c66d3cdaf34d09030adbcb509d309c548c64f73d,1493,1083
training/2025-05-28/objects_parts/257_obj10_tile_3417_1621.png,train,good,0,2025-05-28,normal:2025-05-28:257,normal:2025-05-28:257_obj10,8f45a7634a0a577b3e175734f1cafd53b7793e407f8fa7d50583a28e80d3f994,507,176
training/2025-05-28/objects_parts/258_obj10_tile_3225_1428.png,train,good,0,2025-05-28,normal:2025-05-28:258,normal:2025-05-28:258_obj10,55d2c5ee43ef2de4da9b0ce516189b1e5f6743b26e07953320649962174bc5b3,1383,965
training/2025-05-28/objects_parts/258_obj10_tile_3225_1620.png,train,good,0,2025-05-28,normal:2025-05-28:258,normal:2025-05-28:258_obj10,36bf6e708a6e44b8fcd992a89d709faf9f4704f9f7b9d6fa0a0b713fde98b385,879,583
training/2025-05-28/objects_parts/258_obj10_tile_3417_1428.png,train,good,0,2025-05-28,normal:2025-05-28:258,normal:2025-05-28:258_obj10,aa4148efb6de1bfba360337aab80ac554627fadc8253d928b2baf2442b7d2e72,1553,1176
training/2025-05-28/objects_parts/258_obj10_tile_3417_1620.png,train,good,0,2025-05-28,normal:2025-05-28:258,normal:2025-05-28:258_obj10,d14c90589731ec2f4f31c775f621e9c75cadfcdd8d4234afb1b6b59392eaf3e8,1650,1370
training/2025-05-28/objects_parts/259_obj10_centered.png,train,good,0,2025-05-28,normal:2025-05-28:259,normal:2025-05-28:259_obj10,cdce1fad96d32b2b3937844f39a02e260e6cefdd9254600e466a3f4eb0e475c7,855,255
training/2025-05-28/objects_parts/260_obj10_centered.png,train,good,0,2025-05-28,normal:2025-05-28:260,normal:2025-05-28:260_obj10,ca63c7c53f2290719fa9397b31f490926227748d6e414d03ddc81bd8bd1f74ae,1183,289
training/2025-05-28/objects_parts/269_obj10_centered.png,train,good,0,2025-05-28,normal:2025-05-28:269,normal:2025-05-28:269_obj10,cdfef2ac31c1b96bd507a91224aaafeaf0d001fe18a9a548ab9cece9e2385e10,489,235
training/2025-05-28/objects_parts/270_obj10_centered.png,train,good,0,2025-05-28,normal:2025-05-28:270,normal:2025-05-28:270_obj10,4e793a22abd0f71ccd3a297f8ab417aad0d2fc5c0cac9cf36b5913119758efd1,737,76
training/2025-05-28/objects_parts/271_obj10_centered.png,train,good,0,2025-05-28,normal:2025-05-28:271,normal:2025-05-28:271_obj10,b9fdcd6b8da958b824a172f04954e87fde6ebb53a26046c78f2de6922cd0369f,250,720
training/2025-05-28/objects_parts/272_obj10_centered.png,train,good,0,2025-05-28,normal:2025-05-28:272,normal:2025-05-28:272_obj10,40ea9e5ad4f956209e718dd7066d5771199034c5fba8261e4d9bd1eacb3ee636,695,284
training/2025-05-28/objects_parts/273_obj10_centered.png,train,good,0,2025-05-28,normal:2025-05-28:273,normal:2025-05-28:273_obj10,c2bf677cea784e795d8f8f31d507098bdcbca83b9b08eca826bf98c164f54014,597,440
training/2025-05-28/objects_parts/274_obj10_centered.png,train,good,0,2025-05-28,normal:2025-05-28:274,normal:2025-05-28:274_obj10,2cb62077290896b35ecef0b44d72d3062c981704824fa44acf06fc6fdf705a04,158,120
training/2025-05-28/objects_parts/275_obj10_centered.png,train,good,0,2025-05-28,normal:2025-05-28:275,normal:2025-05-28:275_obj10,d8ddf99b56255212b82b523c8ea9e8809d2f0b3a0db57c649534351ed67ff6f0,647,94
training/2025-05-28/objects_parts/276_obj10_centered.png,train,good,0,2025-05-28,normal:2025-05-28:276,normal:2025-05-28:276_obj10,e69915e5593a3b3b1d07c4c78c890a17b9e776020ed8c5fb674cd05e86d05b44,627,399
training/2025-05-28/objects_parts/279_obj10_centered.png,train,good,0,2025-05-28,normal:2025-05-28:279,normal:2025-05-28:279_obj10,bf67a733299fa6850fcb8315bb5c0915c99b68e9ef07a265eb98f398295c8f8f,2,212
training/2025-05-28/objects_parts/281_obj10_centered.png,train,good,0,2025-05-28,normal:2025-05-28:281,normal:2025-05-28:281_obj10,51522fe388169c90454273e9db2369166229c1d705ba87c9913fa069de2809b7,1015,585
training/2025-05-28/objects_parts/282_obj10_centered.png,train,good,0,2025-05-28,normal:2025-05-28:282,normal:2025-05-28:282_obj10,3d651376ee13aa305aa3188518a9d3cae6d10483a2176cf2c4e4e6b2bd9911f6,925,117
training/2025-05-28/objects_parts/305_obj10_centered.png,train,good,0,2025-05-28,normal:2025-05-28:305,normal:2025-05-28:305_obj10,ce3769ae8817a37c45f9e8d2ec3cf102f8a8b8a7dae09cf4cbea7800018376f3,921,696
training/2025-05-28/objects_parts/306_obj10_centered.png,train,good,0,2025-05-28,normal:2025-05-28:306,normal:2025-05-28:306_obj10,de94b9a51900ee1c9fdc35bbfb22f5a8105099cbdd6441c294e61d7696e10411,659,296
training/2025-05-28/objects_parts/307_obj10_centered.png,train,good,0,2025-05-28,normal:2025-05-28:307,normal:2025-05-28:307_obj10,3485eb4ad2d8a58f47419ab89b9c169bae40169d1073c53f4ded76a9a0710326,639,191
training/2025-05-28/objects_parts/308_obj10_centered.png,train,good,0,2025-05-28,normal:2025-05-28:308,normal:2025-05-28:308_obj10,588f75b8bd8c7b049e0b1d673d68e1beae260ae48aced80a13fb30b22113c688,833,188
training/2025-05-28/objects_parts/309_obj10_centered.png,train,good,0,2025-05-28,normal:2025-05-28:309,normal:2025-05-28:309_obj10,8c9a7b376878a8c95ce36f9f0d0781743c79fc8fe23f69aeddd82aeaae63ebc9,1117,463
training/2025-05-28/objects_parts/311_obj10_centered.png,train,good,0,2025-05-28,normal:2025-05-28:311,normal:2025-05-28:311_obj10,2e2e7b81f4bcf114dc1957550f2ec27b17bc96bc897d83fc995dca379c6f58bc,947,277
training/2025-05-28/objects_parts/312_obj10_centered.png,train,good,0,2025-05-28,normal:2025-05-28:312,normal:2025-05-28:312_obj10,a9806bc61baff91b32538b993c9aa1dd4f5c3511e3b3f2ddde0ffb370d5bd29b,146,415
training/2025-05-28/objects_parts/313_obj10_centered.png,train,good,0,2025-05-28,normal:2025-05-28:313,normal:2025-05-28:313_obj10,f769518abd0fd02c85cf22a3459d3a2063d60fec1e515ce67ff29976a673d371,1071,582
training/2025-05-28/objects_parts/314_obj10_centered.png,train,good,0,2025-05-28,normal:2025-05-28:314,normal:2025-05-28:314_obj10,5fe0ca16e7d13bc58fe46d4cb8e142a1061b3ca52410c634956d25d729d44dac,1009,638
training/2025-05-28/objects_parts/365_obj10_centered.png,train,good,0,2025-05-28,normal:2025-05-28:365,normal:2025-05-28:365_obj10,ab7da762214429f782df75daadda13222fc89df086e3ce3fdb6374974f09ddec,797,623
training/2025-05-28/objects_parts/365_obj1_centered.png,train,good,0,2025-05-28,normal:2025-05-28:365,normal:2025-05-28:365_obj1,5841108307e22a243aecd95ddeb24afe82212d4f5dbe41455c903236855de080,1199,625
training/2025-05-28/objects_parts/365_obj2_centered.png,train,good,0,2025-05-28,normal:2025-05-28:365,normal:2025-05-28:365_obj2,c42526f12fb922e1e8df83f43e0f3bcadaca9f97cc80bcc06b533a68b8e70e24,471,116
training/2025-05-28/objects_parts/365_obj3_centered.png,train,good,0,2025-05-28,normal:2025-05-28:365,normal:2025-05-28:365_obj3,b1c15ff32d085de0b10f7f01c35b48c6ed05ef9958b52212f0958db1ed9dc602,853,572
training/2025-05-28/objects_parts/365_obj4_centered.png,train,good,0,2025-05-28,normal:2025-05-28:365,normal:2025-05-28:365_obj4,bf0f7bc2e94e2a4d43a290aa5ca2c8139411af9c5e6d63527b680b8dcd89855c,110,597
training/2025-05-28/objects_parts/365_obj6_centered.png,train,good,0,2025-05-28,normal:2025-05-28:365,normal:2025-05-28:365_obj6,6e8499f38501bdb19aa90596f21900cc93f96338e21c3cdad949ca1ca23a4b54,995,647
training/2025-05-28/objects_parts/365_obj7_centered.png,train,good,0,2025-05-28,normal:2025-05-28:365,normal:2025-05-28:365_obj7,8d6bf5f9200890083e21d1a95bf7e0269aa0947bdcab42e2a6083693c84c57b3,991,222
training/2025-05-28/objects_parts/365_obj8_centered.png,train,good,0,2025-05-28,normal:2025-05-28:365,normal:2025-05-28:365_obj8,2101053a64efaa0d6101f84bc59dc21d849e6ac9efd3e729d09c9fc11e1cba2b,1205,327
training/2025-05-28/objects_parts/365_obj9_centered.png,train,good,0,2025-05-28,normal:2025-05-28:365,normal:2025-05-28:365_obj9,c8f60b2258035fa598935d122acf4157a06f6d8b972bef0446aecdca99984f23,20,309
training/2025-05-28/objects_parts/366_obj10_centered.png,train,good,0,2025-05-28,normal:2025-05-28:366,normal:2025-05-28:366_obj10,89e03231f590b857d0629e13e76a2d2bf0529dc9e3a8da2450cddb0b541484e7,689,267
training/2025-05-28/objects_parts/366_obj1_centered.png,train,good,0,2025-05-28,normal:2025-05-28:366,normal:2025-05-28:366_obj1,bdf51fe4304a8192c08b1d9d98f3e5d5ee9f8d95b384732f11b6fcda08b8b9be,1147,486
training/2025-05-28/objects_parts/366_obj2_centered.png,train,good,0,2025-05-28,normal:2025-05-28:366,normal:2025-05-28:366_obj2,41b064b41cef0727774ff6a7391150eccabf8d3abae16c85446d54c36d87528d,1003,18
training/2025-05-28/objects_parts/366_obj3_centered.png,train,good,0,2025-05-28,normal:2025-05-28:366,normal:2025-05-28:366_obj3,ba657c072ad5731b251279573dd942985e78c54fb86e4d55825abd1860b1f3b0,1043,628
training/2025-05-28/objects_parts/366_obj4_centered.png,train,good,0,2025-05-28,normal:2025-05-28:366,normal:2025-05-28:366_obj4,f244e4683b84994160a68b407a5b45c7a9822ae2be0cb136ca500ccc96c9752e,663,622
training/2025-05-28/objects_parts/366_obj6_centered.png,train,good,0,2025-05-28,normal:2025-05-28:366,normal:2025-05-28:366_obj6,74838eb564153cd85d983b06f1def1dae1edc7501a593e152a10b087674939af,729,210
training/2025-05-28/objects_parts/366_obj7_centered.png,train,good,0,2025-05-28,normal:2025-05-28:366,normal:2025-05-28:366_obj7,39733e9526ccd82e30503be5c95a508c39d2d17e41457f1cec5fcd47b3f7dd4e,1107,494
training/2025-05-28/objects_parts/366_obj8_centered.png,train,good,0,2025-05-28,normal:2025-05-28:366,normal:2025-05-28:366_obj8,5206bf76fd980b0f263a3a9ddec6d224f8b9335a65a0c94bb55f30ffa997fc8d,683,544
training/2025-05-28/objects_parts/366_obj9_centered.png,train,good,0,2025-05-28,normal:2025-05-28:366,normal:2025-05-28:366_obj9,25c18c1aa933f96fb994f1197c6f2ce9e8bad2e500354b9562e823c867396727,565,765
training/2025-05-28/objects_parts/367_obj10_centered.png,train,good,0,2025-05-28,normal:2025-05-28:367,normal:2025-05-28:367_obj10,04ea828cb4ed3890e9bd1826d684085496beef4e2223e227dc48e62d083a8bc4,783,444
training/2025-05-28/objects_parts/367_obj1_centered.png,train,good,0,2025-05-28,normal:2025-05-28:367,normal:2025-05-28:367_obj1,405f4b94b54f7c6d39eb23994cfac8e8a72b82a75e112a104510b8e89a379f66,557,499
training/2025-05-28/objects_parts/367_obj2_centered.png,train,good,0,2025-05-28,normal:2025-05-28:367,normal:2025-05-28:367_obj2,c1972bf0c428d0d793ed28e532979ef0f7eb567acd2e4405cec0aa783ab082ed,1219,576
training/2025-05-28/objects_parts/367_obj3_centered.png,train,good,0,2025-05-28,normal:2025-05-28:367,normal:2025-05-28:367_obj3,67c44302bd377f6e27e4465d870517449a39519b25494c6454785b053af034cd,1027,165
training/2025-05-28/objects_parts/367_obj4_centered.png,train,good,0,2025-05-28,normal:2025-05-28:367,normal:2025-05-28:367_obj4,bd59db0061e9f073e86e08af1d0eeecb7444b2cb138dca3ce306c708b3d59020,837,455
training/2025-05-28/objects_parts/367_obj6_centered.png,train,good,0,2025-05-28,normal:2025-05-28:367,normal:2025-05-28:367_obj6,bb6a60a1c580995d39e336db473f93b2ccf73f4bab4992d4026a19f54b713a80,685,391
training/2025-05-28/objects_parts/367_obj7_centered.png,train,good,0,2025-05-28,normal:2025-05-28:367,normal:2025-05-28:367_obj7,837b1825d7ce69116af5030a23c308bed3e113add432b3a4f157f068f0cda0de,294,227
training/2025-05-28/objects_parts/367_obj8_centered.png,train,good,0,2025-05-28,normal:2025-05-28:367,normal:2025-05-28:367_obj8,e6212b1a1055655278d3da109527a92d1c1c9e4cb8d9bf4a73bd11566c9a1274,8,482
training/2025-05-28/objects_parts/367_obj9_centered.png,train,good,0,2025-05-28,normal:2025-05-28:367,normal:2025-05-28:367_obj9,b74913413b8ec32b4318a579a615ec0432f6a6faaa34dc6c8c1a88776f9ff700,939,798
training/2025-05-28/objects_parts/369_obj10_centered.png,train,good,0,2025-05-28,normal:2025-05-28:369,normal:2025-05-28:369_obj10,c087a01232bc6957807e0e61c394c05e9f4fb2092066ed82a42dbf4add227737,32,407
training/2025-05-28/objects_parts/369_obj1_centered.png,train,good,0,2025-05-28,normal:2025-05-28:369,normal:2025-05-28:369_obj1,dd4ca04db1bd2ba17ab0b776eb4ebd102a142c48fbbc67c6f5a79af44ca2711c,591,152
training/2025-05-28/objects_parts/369_obj2_centered.png,train,good,0,2025-05-28,normal:2025-05-28:369,normal:2025-05-28:369_obj2,8a929944a989f7c9a6c4078d326581ca55734d49011ee7711278e5a70d1e4917,653,388
training/2025-05-28/objects_parts/369_obj3_centered.png,train,good,0,2025-05-28,normal:2025-05-28:369,normal:2025-05-28:369_obj3,4a4b0710e9f7463dea301ad17c89d4f8318076548bd3f2f793500c8e0855d0a0,889,741
training/2025-05-28/objects_parts/369_obj4_centered.png,train,good,0,2025-05-28,normal:2025-05-28:369,normal:2025-05-28:369_obj4,320bec9e7b22723b38144e36044b61df3b73b6430faa3270fb26494b6d075458,779,601
training/2025-05-28/objects_parts/369_obj6_centered.png,train,good,0,2025-05-28,normal:2025-05-28:369,normal:2025-05-28:369_obj6,b1bcd2bb998b12ee6edc895dae6eca18609af2a291e6c29a009b5c1f60d77023,56,13
training/2025-05-28/objects_parts/369_obj7_centered.png,train,good,0,2025-05-28,normal:2025-05-28:369,normal:2025-05-28:369_obj7,599643476f4f879991748159453dc8ec0588ccd08aa033f4548d1c3b0609d5c0,957,326
training/2025-05-28/objects_parts/369_obj8_centered.png,train,good,0,2025-05-28,normal:2025-05-28:369,normal:2025-05-28:369_obj8,32d2cb026d23cf346cb4e5335eb268b41a341a53f12cd3e77f117a94769d221b,92,6
training/2025-05-28/objects_parts/369_obj9_centered.png,train,good,0,2025-05-28,normal:2025-05-28:369,normal:2025-05-28:369_obj9,e37be878817f00872eb5e23a635cc2bc47e5bb59a263731698746072ec3b608b,505,677
training/2025-05-28/objects_parts/370_obj10_centered.png,train,good,0,2025-05-28,normal:2025-05-28:370,normal:2025-05-28:370_obj10,e03803d439d2f26da780aff4cba95d4fdecf033b62836233e9140a9136eb53c2,1167,571
training/2025-05-28/objects_parts/370_obj1_centered.png,train,good,0,2025-05-28,normal:2025-05-28:370,normal:2025-05-28:370_obj1,08bc454013faf5a8db35c2fad56597bf6f567509a1385a22f53278b9bff7d1a1,523,335
training/2025-05-28/objects_parts/370_obj2_centered.png,train,good,0,2025-05-28,normal:2025-05-28:370,normal:2025-05-28:370_obj2,cd253e2e3c559e0d8aae6e00c149d8c3e091531660f52db7d5d0327b3b48d279,643,250
training/2025-05-28/objects_parts/370_obj3_centered.png,train,good,0,2025-05-28,normal:2025-05-28:370,normal:2025-05-28:370_obj3,b18b7b64dd329627c7159311d2578f25a389f028c6acb0858a8fba7b10556f16,1045,662
training/2025-05-28/objects_parts/370_obj4_centered.png,train,good,0,2025-05-28,normal:2025-05-28:370,normal:2025-05-28:370_obj4,81155e9fbbfc11d4a7840585d75452857e3499d379f87c67fe577c342d29c120,751,39
training/2025-05-28/objects_parts/370_obj6_centered.png,train,good,0,2025-05-28,normal:2025-05-28:370,normal:2025-05-28:370_obj6,38f6a15b7a92a2720eb23cb19f15cda2198223a471c587c7f60963b6c47ca886,449,630
training/2025-05-28/objects_parts/370_obj7_centered.png,train,good,0,2025-05-28,normal:2025-05-28:370,normal:2025-05-28:370_obj7,27404c4bea41f88b9715f2e8fa5e41b354f6f6750da20bfa53ca953df7491a51,745,731
training/2025-05-28/objects_parts/370_obj8_centered.png,train,good,0,2025-05-28,normal:2025-05-28:370,normal:2025-05-28:370_obj8,5339954b470557c5ddfa45f0e4828c60dd972895b0b35d0fcdf0d4699e52ad15,1029,140
training/2025-05-28/objects_parts/370_obj9_centered.png,train,good,0,2025-05-28,normal:2025-05-28:370,normal:2025-05-28:370_obj9,872a13a8c0a40d534c029c8582c66fed4d40cc7cf4d316780ae5788c3bbdabb3,475,505
training/2025-05-28/objects_parts/371_obj10_centered.png,train,good,0,2025-05-28,normal:2025-05-28:371,normal:2025-05-28:371_obj10,ec22e30dd60486d3b0235959922f60da14160dac36ac3c4dbb3aaf4177e638b9,258,711
training/2025-05-28/objects_parts/371_obj1_centered.png,train,good,0,2025-05-28,normal:2025-05-28:371,normal:2025-05-28:371_obj1,07742881b35874ac6205f3efd564eb70202bffdf711bdec23863736276850a76,1149,487
training/2025-05-28/objects_parts/371_obj2_centered.png,train,good,0,2025-05-28,normal:2025-05-28:371,normal:2025-05-28:371_obj2,a339bfdf944c1cfe97a970fda6f2e5d278946a36f526ba40e14ab8edf661b56f,443,28
training/2025-05-28/objects_parts/371_obj3_centered.png,train,good,0,2025-05-28,normal:2025-05-28:371,normal:2025-05-28:371_obj3,6252a7d599e6bc4b25239f70d714ec7f8e02e58d1ea91c93399ef0c166dc7f82,1001,503
training/2025-05-28/objects_parts/371_obj4_centered.png,train,good,0,2025-05-28,normal:2025-05-28:371,normal:2025-05-28:371_obj4,4b351c793b98fc69c572d107f6c379061b2e73d8c13635318a4caad913fa50f8,1225,587
training/2025-05-28/objects_parts/371_obj6_centered.png,train,good,0,2025-05-28,normal:2025-05-28:371,normal:2025-05-28:371_obj6,3e80ae911a39d7a27c6d2643948eeb6c1b1bb887a2a7fe44cd068a18e4577dcb,185,129
training/2025-05-28/objects_parts/371_obj7_centered.png,train,good,0,2025-05-28,normal:2025-05-28:371,normal:2025-05-28:371_obj7,6d48485d0a35d3907c4e286423734b93f0b9169ad03500de2d8bce360cac5078,619,68
training/2025-05-28/objects_parts/371_obj8_centered.png,train,good,0,2025-05-28,normal:2025-05-28:371,normal:2025-05-28:371_obj8,510100e6d53960d04af075f08b0acccb2448ea8d8cb658b40454b61f5d703a2b,535,458
training/2025-05-28/objects_parts/371_obj9_centered.png,train,good,0,2025-05-28,normal:2025-05-28:371,normal:2025-05-28:371_obj9,7c881663cb71bcf0e2086465de3366e7fa726a93c4f14ab430fdf2676cd8f743,1019,177
training/2025-05-28/objects_parts/398_obj7_centered.png,train,good,0,2025-05-28,normal:2025-05-28:398,normal:2025-05-28:398_obj7,1afd433a4dc3c8631ce8b63e78c6606f9e19302af35c8bcffee7d618f450aff4,1021,672
training/2025-05-28/objects_parts/399_obj7_centered.png,train,good,0,2025-05-28,normal:2025-05-28:399,normal:2025-05-28:399_obj7,f9cbf28e44452707579a7bc0b37b4f6cb9fa0c5b7de859b5468b50044f08083b,571,427
training/2025-05-28/objects_parts/401_obj7_centered.png,train,good,0,2025-05-28,normal:2025-05-28:401,normal:2025-05-28:401_obj7,466d551f656edc51e1271a5a5c93ecc773392496b02f787900451077eda3e8ec,1103,178
training/2025-05-28/objects_parts/402_obj7_centered.png,train,good,0,2025-05-28,normal:2025-05-28:402,normal:2025-05-28:402_obj7,02d8eb13f93ef6fa53cccbe55d122ccd1feff01b2a2839c97e7ae895aecbe944,687,519
training/2025-05-28/objects_parts/403_obj7_centered.png,train,good,0,2025-05-28,normal:2025-05-28:403,normal:2025-05-28:403_obj7,a41dee6bf15612c54a38fea2faa8233b729dae74e929551d7d5e11d67aba1b76,863,376
training/2025-05-28/objects_parts/404_obj7_centered.png,train,good,0,2025-05-28,normal:2025-05-28:404,normal:2025-05-28:404_obj7,2b6e0f69ab9906f139fdcddbe88070c948add78376cebd4af3100352652e8cde,605,36
training/2025-05-28/objects_parts/405_obj7_centered.png,train,good,0,2025-05-28,normal:2025-05-28:405,normal:2025-05-28:405_obj7,2de8787822dd0eada8df8cc23147c9d5e7eca3d2c23db7a1f5abc179f083b141,941,204
training/2025-05-28/objects_parts/406_obj7_centered.png,train,good,0,2025-05-28,normal:2025-05-28:406,normal:2025-05-28:406_obj7,5f4d5646c6bbcec7b05f9221c29795966d59c825f167d12b94c7432d32487ace,599,425
training/2025-05-28/objects_parts/407_obj7_centered.png,train,good,0,2025-05-28,normal:2025-05-28:407,normal:2025-05-28:407_obj7,87edbe1dc3f5bad9088c2095f87e38a5e48294ec5d099eb41dbeffd6df969fd1,1159,230
training/2025-05-28/objects_parts/408_obj7_centered.png,train,good,0,2025-05-28,normal:2025-05-28:408,normal:2025-05-28:408_obj7,821aba772db4cdeb0a30d96461a4e3004c8aff5204791b29157dd34cc58ed27d,723,727
training/2025-05-28/objects_parts/409_obj7_centered.png,train,good,0,2025-05-28,normal:2025-05-28:409,normal:2025-05-28:409_obj7,53f55f230d31e7d9c4622fe35fbfc029804b41aa99c46d6c8b7939c837ec05d9,823,325
training/2025-05-28/objects_parts/58_obj10_tile_3185_1396.png,train,good,0,2025-05-28,normal:2025-05-28:58,normal:2025-05-28:58_obj10,7deeee01e35dcfeb23bd9abdc17cc0c8eefed8f4c72a5d291427be6645b6d00b,1007,216
training/2025-05-28/objects_parts/58_obj10_tile_3185_1588.png,train,good,0,2025-05-28,normal:2025-05-28:58,normal:2025-05-28:58_obj10,fa555282ae75544b0ae9dc8378147dc910c6fe8baa3f0fe7b2a0fc5696326016,1658,1290
training/2025-05-28/objects_parts/58_obj10_tile_3377_1396.png,train,good,0,2025-05-28,normal:2025-05-28:58,normal:2025-05-28:58_obj10,8b3290f94223001084ac824f0d5eb4892c15fc367a304caa27c155abd1bb1ae5,1415,863
training/2025-05-28/objects_parts/58_obj10_tile_3377_1588.png,train,good,0,2025-05-28,normal:2025-05-28:58,normal:2025-05-28:58_obj10,b1f0adafeda003124384fb68847a116778c885e548f5529afbc768439f78eba7,1571,1092
training/2025-05-28/objects_parts/58_obj11_centered.png,train,good,0,2025-05-28,normal:2025-05-28:58,normal:2025-05-28:58_obj11,2e9ab16c405408f83c5ff7c49e9db57ed3e6e8ef7e282acdd18514e79dadf90b,1057,394
training/2025-05-28/objects_parts/58_obj13_tile_3127_2202.png,train,good,0,2025-05-28,normal:2025-05-28:58,normal:2025-05-28:58_obj13,a29cf87fd24e28ceab2e08e3f53fe118759be77afb2b082af1d36ae4e9ba83e2,1443,932
training/2025-05-28/objects_parts/58_obj13_tile_3319_2202.png,train,good,0,2025-05-28,normal:2025-05-28:58,normal:2025-05-28:58_obj13,b888d20ea6d4ce8bf6219ad67195141a2be34c07aba8fe70871d238dbac4399d,1135,459
training/2025-05-28/objects_parts/58_obj14_centered.png,train,good,0,2025-05-28,normal:2025-05-28:58,normal:2025-05-28:58_obj14,4a99e7d3970b8c3b986e94d56d05fb5d79264263797079cf08a6e3a2c010e217,603,37
training/2025-05-28/objects_parts/58_obj15_centered.png,train,good,0,2025-05-28,normal:2025-05-28:58,normal:2025-05-28:58_obj15,ac32c03662aac75d57ebc1e2e51ca1146086d772847f433d633bd253781dbd1b,235,58
training/2025-05-28/objects_parts/58_obj16_tile_2479_1406.png,train,good,0,2025-05-28,normal:2025-05-28:58,normal:2025-05-28:58_obj16,e188c1bf49091ac595b327403e01a34604933a7b6f11dd09377cd7cfbf075623,1459,1043
training/2025-05-28/objects_parts/58_obj16_tile_2479_1598.png,train,good,0,2025-05-28,normal:2025-05-28:58,normal:2025-05-28:58_obj16,ccd4537eca5980e6451972ec2f5ed3120ab3ae9b408d12355893a7a9211e4e5e,210,15
training/2025-05-28/objects_parts/58_obj16_tile_2671_1406.png,train,good,0,2025-05-28,normal:2025-05-28:58,normal:2025-05-28:58_obj16,ed023322452305b5d24c2d3331c95cdeff4accf65246579b001d715a10d92adf,1241,804
training/2025-05-28/objects_parts/58_obj16_tile_2671_1598.png,train,good,0,2025-05-28,normal:2025-05-28:58,normal:2025-05-28:58_obj16,152297099301aba4443d889ebb5627be39da5bcb8304ccef1e6c6657fe40b397,1605,1241
training/2025-05-28/objects_parts/58_obj1_centered.png,train,good,0,2025-05-28,normal:2025-05-28:58,normal:2025-05-28:58_obj1,a4ec27b1a24acfbe8e14ebff3be1c2a262968758eda2d8faa1497c1bf595ff75,515,20
training/2025-05-28/objects_parts/58_obj2_centered.png,train,good,0,2025-05-28,normal:2025-05-28:58,normal:2025-05-28:58_obj2,dd828580b53695e4e583cc9d223d89fe1528cd3eef1853b33e1d733f0e30e177,845,702
training/2025-05-28/objects_parts/58_obj3_centered.png,train,good,0,2025-05-28,normal:2025-05-28:58,normal:2025-05-28:58_obj3,51201e55c064399c66d44a1c32ce95c458e3e1b20f781cf90d78e08dac63517d,1139,251
training/2025-05-28/objects_parts/58_obj4_centered.png,train,good,0,2025-05-28,normal:2025-05-28:58,normal:2025-05-28:58_obj4,78e47badb5010dbd357f7a81216ea3c50f4e87e144c56784b7b78b9e79a6ed80,547,389
training/2025-05-28/objects_parts/58_obj5_centered.png,train,good,0,2025-05-28,normal:2025-05-28:58,normal:2025-05-28:58_obj5,0838b9627fe31be0a8b4732f39de196690b8e00bbc3081a7e564999d5509f4a3,661,421
training/2025-05-28/objects_parts/58_obj6_tile_3081_2335.png,train,good,0,2025-05-28,normal:2025-05-28:58,normal:2025-05-28:58_obj6,6b10d15aafcde298373460047ec0665cf7bc62e839886938a68d0126f41e31a0,1365,901
training/2025-05-28/objects_parts/58_obj6_tile_3273_2143.png,train,good,0,2025-05-28,normal:2025-05-28:58,normal:2025-05-28:58_obj6,187b45ffb0dce96839a36eb321e2307943fe7843f5f77fd57a13e4a698df5be8,1543,1122
training/2025-05-28/objects_parts/58_obj6_tile_3273_2335.png,train,good,0,2025-05-28,normal:2025-05-28:58,normal:2025-05-28:58_obj6,6182d6e66802921fb86c5890f20e0c6a9960e5b7f2f44009513c9422f0560017,821,362
training/2025-05-28/objects_parts/58_obj7_centered.png,train,good,0,2025-05-28,normal:2025-05-28:58,normal:2025-05-28:58_obj7,cef48fbb9edb10f95eb8ae64d44e9451b70c438d9240620311de1b6060d6e30f,495,359
training/2025-05-28/objects_parts/58_obj8_centered.png,train,good,0,2025-05-28,normal:2025-05-28:58,normal:2025-05-28:58_obj8,61c128d9c48dcaa4fede043d439109e1cb39484b56a81495ddd379bce94740a1,477,673
training/2025-05-28/objects_parts/58_obj9_centered.png,train,good,0,2025-05-28,normal:2025-05-28:58,normal:2025-05-28:58_obj9,4c0d19a45dc2af24668ff95682d3aa5660db422e99ebc45522422d1213fea9c1,677,557
training/2025-05-28/objects_parts/59_obj10_tile_3185_1394.png,train,good,0,2025-05-28,normal:2025-05-28:59,normal:2025-05-28:59_obj10,2882fec16c519d26d80f0120af0d09b65a152863177d0257f5f1fdbdceca85ca,1581,1076
training/2025-05-28/objects_parts/59_obj10_tile_3185_1586.png,train,good,0,2025-05-28,normal:2025-05-28:59,normal:2025-05-28:59_obj10,5c379cb853dbf68f406a744fb66a40210a70521cf4ade78e869e238e66ea2ed8,1663,1274
training/2025-05-28/objects_parts/59_obj10_tile_3377_1394.png,train,good,0,2025-05-28,normal:2025-05-28:59,normal:2025-05-28:59_obj10,5f1e7295c339936e5b03aaae2609db07a784ab3b528b1d7e76af67b9dccebb14,1427,846
training/2025-05-28/objects_parts/59_obj10_tile_3377_1586.png,train,good,0,2025-05-28,normal:2025-05-28:59,normal:2025-05-28:59_obj10,5effac1c7bf177c521450fbd406f65fb16a0a246166e0d8e9171978b71548e34,1065,159
training/2025-05-28/objects_parts/59_obj11_centered.png,train,good,0,2025-05-28,normal:2025-05-28:59,normal:2025-05-28:59_obj11,3000fd1363f1777bcf414de4f3aac7229c1cbb0c9f6999cf44fa775378603733,743,789
training/2025-05-28/objects_parts/59_obj13_tile_3127_2202.png,train,good,0,2025-05-28,normal:2025-05-28:59,normal:2025-05-28:59_obj13,f858b90503fe6fd081533e2856bfe303fa5ee0e4e8d1b0964a2d849709108728,1375,892
training/2025-05-28/objects_parts/59_obj13_tile_3319_2202.png,train,good,0,2025-05-28,normal:2025-05-28:59,normal:2025-05-28:59_obj13,8de2899579371a35859f8439cb65f9466b466be78b7097ef1c8acfe71ec01455,867,336
training/2025-05-28/objects_parts/59_obj14_centered.png,train,good,0,2025-05-28,normal:2025-05-28:59,normal:2025-05-28:59_obj14,d64649d9c66641abc1e9b477c5eb3595a7a689fec4293cf9eb5276f05a1267d1,895,786
training/2025-05-28/objects_parts/59_obj15_centered.png,train,good,0,2025-05-28,normal:2025-05-28:59,normal:2025-05-28:59_obj15,d5c5813189016ea7dd4f54b42c3c47e4190ce87a24164e69484de5c998626967,1177,800
training/2025-05-28/objects_parts/59_obj16_tile_2480_1406.png,train,good,0,2025-05-28,normal:2025-05-28:59,normal:2025-05-28:59_obj16,819fadb0737982e42ae32403fe6923403d6d25b1b4051f8ed2507a18154e73e4,877,456
training/2025-05-28/objects_parts/59_obj16_tile_2480_1598.png,train,good,0,2025-05-28,normal:2025-05-28:59,normal:2025-05-28:59_obj16,a71df6ee1d02028e33bf3d8c72fc5126777b34533f2f80accf0fc22ffb045160,1381,931
training/2025-05-28/objects_parts/59_obj16_tile_2672_1406.png,train,good,0,2025-05-28,normal:2025-05-28:59,normal:2025-05-28:59_obj16,759c5a36c2b09b79e71291e7bbab81abd65cdb59afaf8ab67a4ae78462643696,1649,1344
training/2025-05-28/objects_parts/59_obj16_tile_2672_1598.png,train,good,0,2025-05-28,normal:2025-05-28:59,normal:2025-05-28:59_obj16,d43a963aca6664e949404aede85ac00312e7e3b8ef903379141991bd8cf928f1,1551,1150
training/2025-05-28/objects_parts/59_obj1_centered.png,train,good,0,2025-05-28,normal:2025-05-28:59,normal:2025-05-28:59_obj1,17e160d70d7aeb3847014f04bdddc8baf3caf1e272f104e99121642e6fd97a45,1053,747
training/2025-05-28/objects_parts/59_obj2_centered.png,train,good,0,2025-05-28,normal:2025-05-28:59,normal:2025-05-28:59_obj2,8e4c5b388f615c211111e2e715cf714ad1ae602da07d69de42b593fb0a132b83,14,580
training/2025-05-28/objects_parts/59_obj3_centered.png,train,good,0,2025-05-28,normal:2025-05-28:59,normal:2025-05-28:59_obj3,e540b7f2e7fe086ab619b6c3e82c620c29e702f5c6557f1515f80b4f3be819d8,1087,366
training/2025-05-28/objects_parts/59_obj4_centered.png,train,good,0,2025-05-28,normal:2025-05-28:59,normal:2025-05-28:59_obj4,b32deec3296f284361c6640be24ce29df1d914a0127c6af1df2bb9b50cbee5e1,1163,300
training/2025-05-28/objects_parts/59_obj5_centered.png,train,good,0,2025-05-28,normal:2025-05-28:59,normal:2025-05-28:59_obj5,2f2d09a08a8dca1155c9a7fde31e02a9e0c829fb01162eb6eeb30521377935a4,607,525
training/2025-05-28/objects_parts/59_obj6_tile_3081_2335.png,train,good,0,2025-05-28,normal:2025-05-28:59,normal:2025-05-28:59_obj6,8c6ebbbc1f1b6d4379503aa8f91dc51917f90e718e5b40d97450fec15a5fc3e3,1245,831
training/2025-05-28/objects_parts/59_obj6_tile_3273_2335.png,train,good,0,2025-05-28,normal:2025-05-28:59,normal:2025-05-28:59_obj6,47284631e0c08cb0a781f29691b770b9a7001d46c6705759219074c9eda1a6ac,266,111
training/2025-05-28/objects_parts/59_obj7_centered.png,train,good,0,2025-05-28,normal:2025-05-28:59,normal:2025-05-28:59_obj7,100d16bd3d93a4cc62e1c6d364a98690105bf053a100cc315bc2a71d8582899c,835,158
training/2025-05-28/objects_parts/59_obj8_centered.png,train,good,0,2025-05-28,normal:2025-05-28:59,normal:2025-05-28:59_obj8,b89cd0528972f9baf4f3c1a33f2c4b4d700ede1f4c3227dccc4b2a3189f15284,847,273
training/2025-05-28/objects_parts/59_obj9_centered.png,train,good,0,2025-05-28,normal:2025-05-28:59,normal:2025-05-28:59_obj9,b0022fb79d54fdd6ba78356925c83e371d52dea0ebdc3bfb03f06c8c8189407c,927,400
training/2025-05-28/objects_parts/60_obj10_tile_3183_1393.png,train,good,0,2025-05-28,normal:2025-05-28:60,normal:2025-05-28:60_obj10,6464429da8babb226c71ad6c69c8b2d1e2b48d6db558df658868c0d81182f17d,1485,1184
training/2025-05-28/objects_parts/60_obj10_tile_3183_1585.png,train,good,0,2025-05-28,normal:2025-05-28:60,normal:2025-05-28:60_obj10,f5ce8d8c6aa0a9e2b03f57fa6c90031195aa543cdd06796f0e9ba35062bf4bfe,1620,1378
training/2025-05-28/objects_parts/60_obj10_tile_3375_1393.png,train,good,0,2025-05-28,normal:2025-05-28:60,normal:2025-05-28:60_obj10,bd95b0384e6442c711277b09c0a53b5d7509248c89bdfd69b2380a5c2636f40d,1281,974
training/2025-05-28/objects_parts/60_obj10_tile_3375_1585.png,train,good,0,2025-05-28,normal:2025-05-28:60,normal:2025-05-28:60_obj10,6fb18dfbca84148f1cc0345f701dbfbf21dee85dc9adef0ef626e9417373359c,404,609
training/2025-05-28/objects_parts/60_obj11_centered.png,train,good,0,2025-05-28,normal:2025-05-28:60,normal:2025-05-28:60_obj11,0f805d0912cea7bef3b0061413bfef4c8bd5d48fa66ecda915489e9546283824,595,215
training/2025-05-28/objects_parts/60_obj13_tile_3127_2201.png,train,good,0,2025-05-28,normal:2025-05-28:60,normal:2025-05-28:60_obj13,47b3c64eb0b6c8a14e84531245ff10d954f47f259502efa4758a2275f95b9047,1269,996
training/2025-05-28/objects_parts/60_obj13_tile_3319_2201.png,train,good,0,2025-05-28,normal:2025-05-28:60,normal:2025-05-28:60_obj13,1e98c334d41ec4ecc616fc3a9651243f0851f6b923a9d7f12ebbd60997ecec57,358,671
training/2025-05-28/objects_parts/60_obj14_centered.png,train,good,0,2025-05-28,normal:2025-05-28:60,normal:2025-05-28:60_obj14,01e32bd186058d195ad8bbfa47b29b76febd6ade77d25d14a6b94c26be5e766e,365,574
training/2025-05-28/objects_parts/60_obj15_centered.png,train,good,0,2025-05-28,normal:2025-05-28:60,normal:2025-05-28:60_obj15,059bae0961f3b7bf3a362206e607d51b2bfac3bc8b733c3daba8e0677a331196,651,312
training/2025-05-28/objects_parts/60_obj16_tile_2480_1406.png,train,good,0,2025-05-28,normal:2025-05-28:60,normal:2025-05-28:60_obj16,1ac757afef6aee6c2ac578c9b7620cbe6aeafa8b84a9e9b9bcc4a2a6e237b19d,567,468
training/2025-05-28/objects_parts/60_obj16_tile_2480_1598.png,train,good,0,2025-05-28,normal:2025-05-28:60,normal:2025-05-28:60_obj16,662f6ecc85510e9b28ce8e8fc78f7a713203615d7e708969a1f9a40af5293eaf,1631,1348
training/2025-05-28/objects_parts/60_obj16_tile_2672_1406.png,train,good,0,2025-05-28,normal:2025-05-28:60,normal:2025-05-28:60_obj16,b1845b4af7b782de937c7bcc4f4fddd37081a0c7c490a1e9c019a7e711fc4dc4,1313,936
training/2025-05-28/objects_parts/60_obj16_tile_2672_1598.png,train,good,0,2025-05-28,normal:2025-05-28:60,normal:2025-05-28:60_obj16,9aaa6f16b7f1953d9ba38f2783ce04db386e0c1d2106526a6710e0f3361a0905,1509,1154
training/2025-05-28/objects_parts/60_obj1_centered.png,train,good,0,2025-05-28,normal:2025-05-28:60,normal:2025-05-28:60_obj1,4afa32f41033a1dda4a4d0cf35bd4a2fe43164c6f319f2dc562e33724035c320,875,794
training/2025-05-28/objects_parts/60_obj2_centered.png,train,good,0,2025-05-28,normal:2025-05-28:60,normal:2025-05-28:60_obj2,7a28c51b76e6ab3bd829833f6455f1490af9dedf16413bd5f998dbb771812874,519,192
training/2025-05-28/objects_parts/60_obj3_centered.png,train,good,0,2025-05-28,normal:2025-05-28:60,normal:2025-05-28:60_obj3,a242ad3de665d4b6aae7f3aaf13ebb3cd110c2b233307907ab0490756fb8d113,1209,5
training/2025-05-28/objects_parts/60_obj4_centered.png,train,good,0,2025-05-28,normal:2025-05-28:60,normal:2025-05-28:60_obj4,e9fc82a5db4bf7a4a220601390aea2444ac07d40f2ff0238c36168c27ba2d5ab,521,689
training/2025-05-28/objects_parts/60_obj5_centered.png,train,good,0,2025-05-28,normal:2025-05-28:60,normal:2025-05-28:60_obj5,32b8f570e7fb668b2c0e2f5285f119874fb3ca2c537f7b0eb9b06c154f39ffcb,803,497
training/2025-05-28/objects_parts/60_obj6_tile_3081_2335.png,train,good,0,2025-05-28,normal:2025-05-28:60,normal:2025-05-28:60_obj6,ac72fd26e16393e7ac8a3d3c21ebc5f2822d169b4df248f3605c62cabbf0a44f,1373,906
training/2025-05-28/objects_parts/60_obj6_tile_3273_2335.png,train,good,0,2025-05-28,normal:2025-05-28:60,normal:2025-05-28:60_obj6,298bee45561bd872e2299e005c62b25800648b7764b50506760a1b368ebf5cc4,861,373
training/2025-05-28/objects_parts/60_obj7_centered.png,train,good,0,2025-05-28,normal:2025-05-28:60,normal:2025-05-28:60_obj7,4b7b36df375d3045aaf244c176b1c6af25808b88999ff6abcfa9d6d171517d07,180,368
training/2025-05-28/objects_parts/60_obj8_centered.png,train,good,0,2025-05-28,normal:2025-05-28:60,normal:2025-05-28:60_obj8,e4c6f9205e8d6c7a2651ba7a20b60e1492e950feb12d239b901afb270374794e,1037,566
training/2025-05-28/objects_parts/60_obj9_centered.png,train,good,0,2025-05-28,normal:2025-05-28:60,normal:2025-05-28:60_obj9,d0edd691797ca2fe8f62369c0c7d6cd409abc7b64806b0c7a50b096298098f3d,915,136
training/2025-05-28/objects_parts/61_obj10_tile_3183_1393.png,train,good,0,2025-05-28,normal:2025-05-28:61,normal:2025-05-28:61_obj10,19e3c277007d01b3b9da5142b11d03b2f346cc9c9211ae0b3da56b5ce63881fc,1559,1191
training/2025-05-28/objects_parts/61_obj10_tile_3183_1585.png,train,good,0,2025-05-28,normal:2025-05-28:61,normal:2025-05-28:61_obj10,7dda7fca21f901d4d8564feb5e9682b6a7a8d3fb35d3d029ba2ffaec58e9d140,1653,1385
training/2025-05-28/objects_parts/61_obj10_tile_3375_1393.png,train,good,0,2025-05-28,normal:2025-05-28:61,normal:2025-05-28:61_obj10,1e0f7ed800f765749f90092c06b3b208299f96142a3c97bf38e5bdf11d7e678f,1399,982
training/2025-05-28/objects_parts/61_obj10_tile_3375_1585.png,train,good,0,2025-05-28,normal:2025-05-28:61,normal:2025-05-28:61_obj10,10fb5696084606eddcba3926194ef4f1dac78c639a5e19bbf074a93ecadee736,919,631
training/2025-05-28/objects_parts/61_obj11_centered.png,train,good,0,2025-05-28,normal:2025-05-28:61,normal:2025-05-28:61_obj11,e5a9a4040614a8c92f536c1e49db964c647187b4aff584d574024ac326048f24,583,135
training/2025-05-28/objects_parts/61_obj13_tile_3127_2201.png,train,good,0,2025-05-28,normal:2025-05-28:61,normal:2025-05-28:61_obj13,1b43257ff88e522617d5771c31844f2279758af247d62615f4be0777f1d8e25e,1321,810
training/2025-05-28/objects_parts/61_obj13_tile_3319_2201.png,train,good,0,2025-05-28,normal:2025-05-28:61,normal:2025-05-28:61_obj13,14ca2dabbf4802785406329196ab5fd0d61652627697e6f4e4841af37c5dc1d3,601,30
training/2025-05-28/objects_parts/61_obj14_centered.png,train,good,0,2025-05-28,normal:2025-05-28:61,normal:2025-05-28:61_obj14,cce1273b832d8aa0f21978ba8d4b5b18fbbde8aae773a219ee0e5e0d10a56825,278,209
training/2025-05-28/objects_parts/61_obj15_centered.png,train,good,0,2025-05-28,normal:2025-05-28:61,normal:2025-05-28:61_obj15,84539358b4fd44d612fb587e510a99d5ff8d67de4e6f59ca74daae7802c1a1b0,681,269
training/2025-05-28/objects_parts/61_obj16_tile_2481_1406.png,train,good,0,2025-05-28,normal:2025-05-28:61,normal:2025-05-28:61_obj16,7809acba724955b074f6f234b1efa4396ea56317ee3d2f0eb93bcb990237841d,1429,928
training/2025-05-28/objects_parts/61_obj16_tile_2481_1598.png,train,good,0,2025-05-28,normal:2025-05-28:61,normal:2025-05-28:61_obj16,8a7761a1c219eef2b720146089c7dafe12b3f95d35917f08ef6410b36c074753,1664,1342
training/2025-05-28/objects_parts/61_obj16_tile_2673_1406.png,train,good,0,2025-05-28,normal:2025-05-28:61,normal:2025-05-28:61_obj16,c7e9373776d9b2c8d6528655654ba0d8a53a93b83736fac8bd341337877da208,1583,1148
training/2025-05-28/objects_parts/61_obj16_tile_2673_1598.png,train,good,0,2025-05-28,normal:2025-05-28:61,normal:2025-05-28:61_obj16,487f4ff023ab84a3a884ce561f9a1b352f5d922b76a0119b51d64b970ed54bc3,1067,448
training/2025-05-28/objects_parts/61_obj1_centered.png,train,good,0,2025-05-28,normal:2025-05-28:61,normal:2025-05-28:61_obj1,0d15dd1c571bd12988ccf14e28e911fb0f3bb8adee180aa52d53e89a4623483b,563,762
training/2025-05-28/objects_parts/61_obj2_centered.png,train,good,0,2025-05-28,normal:2025-05-28:61,normal:2025-05-28:61_obj2,9256e8abc4f67137fc6e872eb1204e8c6091e72ba2e416130102d5fb70ec7bf1,1185,688
training/2025-05-28/objects_parts/61_obj3_centered.png,train,good,0,2025-05-28,normal:2025-05-28:61,normal:2025-05-28:61_obj3,8609844ecf1942ad12c8a30f1ed9f2959e8c26037210de044f25c2d4bb87c18f,553,536
training/2025-05-28/objects_parts/61_obj4_centered.png,train,good,0,2025-05-28,normal:2025-05-28:61,normal:2025-05-28:61_obj4,efa63fee4aad22d67e01a21c6e18bd430396d39b841dadbe88b59f70a1014110,799,219
training/2025-05-28/objects_parts/61_obj5_centered.png,train,good,0,2025-05-28,normal:2025-05-28:61,normal:2025-05-28:61_obj5,8303c2a9a882a7df84748e216295736c1ddf78a07f07a071a133a8bea06f9dee,386,371
training/2025-05-28/objects_parts/61_obj6_tile_3081_2335.png,train,good,0,2025-05-28,normal:2025-05-28:61,normal:2025-05-28:61_obj6,f28eb8ff66b6d3a8d953b6ea58981736685874725feb9ed698c317c2e43ed84d,1403,817
training/2025-05-28/objects_parts/61_obj6_tile_3273_2335.png,train,good,0,2025-05-28,normal:2025-05-28:61,normal:2025-05-28:61_obj6,1aabce3e6175992b89d2cde49ea3c5096f48cac20c311e59f50ec037156661e2,945,63
training/2025-05-28/objects_parts/61_obj7_centered.png,train,good,0,2025-05-28,normal:2025-05-28:61,normal:2025-05-28:61_obj7,0a8f0207b03baa7093ba84e0052fb157258b8d14cb4b18185367b047eabe382d,923,328
training/2025-05-28/objects_parts/61_obj8_centered.png,train,good,0,2025-05-28,normal:2025-05-28:61,normal:2025-05-28:61_obj8,ae82a5e3fd964a63a1d9ab008254635edb68bf9af7ed7e231cf56f19373b8c97,719,382
training/2025-05-28/objects_parts/61_obj9_centered.png,train,good,0,2025-05-28,normal:2025-05-28:61,normal:2025-05-28:61_obj9,8217af08693e764a1c7067e80578d9109a5921711163b9efe040c0ccce771eb5,473,27
training/2025-05-28/objects_parts/62_obj10_tile_3182_1393.png,train,good,0,2025-05-28,normal:2025-05-28:62,normal:2025-05-28:62_obj10,a5bf906b3fe175ed30739a414e1019ea62c7ca267108cd3b2a981555172a10ce,1626,1413
training/2025-05-28/objects_parts/62_obj10_tile_3182_1585.png,train,good,0,2025-05-28,normal:2025-05-28:62,normal:2025-05-28:62_obj10,106e6df407aa0742a3f7bfa19d583ece953d808aa910459902845f9fd35c5797,543,750
training/2025-05-28/objects_parts/62_obj10_tile_3374_1393.png,train,good,0,2025-05-28,normal:2025-05-28:62,normal:2025-05-28:62_obj10,0998682233262faff5e5e20347a929981659e5fac7f59539c6920108ce717d3a,1303,1022
training/2025-05-28/objects_parts/62_obj10_tile_3374_1585.png,train,good,0,2025-05-28,normal:2025-05-28:62,normal:2025-05-28:62_obj10,58ccae54c3785a6247847965905f68b0a1523909f6f6bde70afd8625376dc492,1499,1222
training/2025-05-28/objects_parts/62_obj11_centered.png,train,good,0,2025-05-28,normal:2025-05-28:62,normal:2025-05-28:62_obj11,c1b10ba741d388801420d02746b08d8168c53c173dc2446f451a96d4073a61f2,1169,311
training/2025-05-28/objects_parts/62_obj13_tile_3127_2201.png,train,good,0,2025-05-28,normal:2025-05-28:62,normal:2025-05-28:62_obj13,c9ad7ed2edb691118c5d63cab5dcc75b6869db16901b179b5b1667fe2034f4ef,775,221
training/2025-05-28/objects_parts/62_obj13_tile_3319_2201.png,train,good,0,2025-05-28,normal:2025-05-28:62,normal:2025-05-28:62_obj13,9e48576a095b2d24373e138163ace41bcfca2de717baa33038842f1c53a6c5f5,1351,865
training/2025-05-28/objects_parts/62_obj14_centered.png,train,good,0,2025-05-28,normal:2025-05-28:62,normal:2025-05-28:62_obj14,cd9e7fd1c39efb4f44c67633e5d8756c1731a79d984afe820e1f20a55a140cc4,851,761
training/2025-05-28/objects_parts/62_obj15_centered.png,train,good,0,2025-05-28,normal:2025-05-28:62,normal:2025-05-28:62_obj15,21f160b9ca44e34413808a4e30cf3f40e0d57b9bd11051c0ec2f089aa5843cc6,819,769
training/2025-05-28/objects_parts/62_obj16_tile_2481_1406.png,train,good,0,2025-05-28,normal:2025-05-28:62,normal:2025-05-28:62_obj16,4eac58e2fefda98b3d18d16c14f86c59faba506b7b13c09bb390c5020c73230d,1667,1324
training/2025-05-28/objects_parts/62_obj16_tile_2481_1598.png,train,good,0,2025-05-28,normal:2025-05-28:62,normal:2025-05-28:62_obj16,9dbb4a2722f808729e0464231e311115528757d20981f74435fd1b9a76097090,1113,381
training/2025-05-28/objects_parts/62_obj16_tile_2673_1406.png,train,good,0,2025-05-28,normal:2025-05-28:62,normal:2025-05-28:62_obj16,6934ef8ada647aae809d7fc1437c9b9ef19bbafae1f358a94acda254d6cd37b5,1589,1129
training/2025-05-28/objects_parts/62_obj16_tile_2673_1598.png,train,good,0,2025-05-28,normal:2025-05-28:62,normal:2025-05-28:62_obj16,bc348f9bc901ba18ae6916d8444c68cf1a5c4f15b4e0166169efc17d1dd122bf,1437,909
training/2025-05-28/objects_parts/62_obj1_centered.png,train,good,0,2025-05-28,normal:2025-05-28:62,normal:2025-05-28:62_obj1,f4b299653119f5bf6a5666bb126e0a6804d4866505979e3e2774434ad1affbba,240,278
training/2025-05-28/objects_parts/62_obj2_centered.png,train,good,0,2025-05-28,normal:2025-05-28:62,normal:2025-05-28:62_obj2,e51e63e9e5ab1b5d913c6a8f8e26342256c7d9e0efdbbec8d2265a68d11ed274,829,491
training/2025-05-28/objects_parts/62_obj3_centered.png,train,good,0,2025-05-28,normal:2025-05-28:62,normal:2025-05-28:62_obj3,eecf8e8a7d08ab4788f30455215e7731a189de2c2e7eb8cb7cf60028118afcc9,725,245
training/2025-05-28/objects_parts/62_obj4_centered.png,train,good,0,2025-05-28,normal:2025-05-28:62,normal:2025-05-28:62_obj4,3ca15124a52b89e2f938cc0843c5ff254564135dc0c4e029a9de78899a000d0a,621,60
training/2025-05-28/objects_parts/62_obj5_centered.png,train,good,0,2025-05-28,normal:2025-05-28:62,normal:2025-05-28:62_obj5,7241070af8a0965c41228e7fee9bdf86189f468dff7e00f04ec09dcacd9fdc00,691,476
training/2025-05-28/objects_parts/62_obj6_tile_3080_2335.png,train,good,0,2025-05-28,normal:2025-05-28:62,normal:2025-05-28:62_obj6,fe1d2b030d7d8d45928701b46563dcbd1a5463725e68924d6d849404a8ed6403,493,768
training/2025-05-28/objects_parts/62_obj6_tile_3272_2335.png,train,good,0,2025-05-28,normal:2025-05-28:62,normal:2025-05-28:62_obj6,e16618d90c6f063f2e47020000c3c85743e84913be5b262f616f34dc5dbcaea5,1289,1029
training/2025-05-28/objects_parts/62_obj7_centered.png,train,good,0,2025-05-28,normal:2025-05-28:62,normal:2025-05-28:62_obj7,273de912e1de6774464574c4cc1e24edbff774cfa3227259cc4683ebbee170bd,1141,423
training/2025-05-28/objects_parts/62_obj8_centered.png,train,good,0,2025-05-28,normal:2025-05-28:62,normal:2025-05-28:62_obj8,6433e15ed9a5ab8158149843f4fbf2f9451521732f42a39bdcb1f2c9e64af382,1161,365
training/2025-05-28/objects_parts/62_obj9_centered.png,train,good,0,2025-05-28,normal:2025-05-28:62,normal:2025-05-28:62_obj9,52dd93656171d45dc323da2e8bdd6c7384df7df94876afca5d73145abb17c78b,1091,96
training/2025-05-28/objects_parts/63_obj10_tile_3182_1392.png,train,good,0,2025-05-28,normal:2025-05-28:63,normal:2025-05-28:63_obj10,00593228e6d0a027a96808e3791ea3ebea8a11b35849490c149a982f82a54686,1405,910
training/2025-05-28/objects_parts/63_obj10_tile_3182_1584.png,train,good,0,2025-05-28,normal:2025-05-28:63,normal:2025-05-28:63_obj10,74a8b6fd731baaccdd95875d21ee5ca634bc8bc4e3ebd77eb88aeb3d7bfafed2,1655,1325
training/2025-05-28/objects_parts/63_obj10_tile_3374_1392.png,train,good,0,2025-05-28,normal:2025-05-28:63,normal:2025-05-28:63_obj10,0903fc8abe008701db78846a1b584f7e4edc31fd09651f56f464ff9b8f44772b,961,397
training/2025-05-28/objects_parts/63_obj10_tile_3374_1584.png,train,good,0,2025-05-28,normal:2025-05-28:63,normal:2025-05-28:63_obj10,1c755e4634f24d2ef43d02ff3870bcadda19d198d117010e571c502243018cd3,1563,1130
training/2025-05-28/objects_parts/63_obj11_centered.png,train,good,0,2025-05-28,normal:2025-05-28:63,normal:2025-05-28:63_obj11,b6ba44e12d284c9dde7f6437c351b5667cbfa3f7d4a87961da5698f0c11d8aab,733,707
training/2025-05-28/objects_parts/63_obj13_tile_3127_2201.png,train,good,0,2025-05-28,normal:2025-05-28:63,normal:2025-05-28:63_obj13,8d7e14c2f31d5fc4a4dd3fbce1dd1678020677e5e834b0586a42175bcef32f90,1349,1020
training/2025-05-28/objects_parts/63_obj13_tile_3319_2201.png,train,good,0,2025-05-28,normal:2025-05-28:63,normal:2025-05-28:63_obj13,34e4835816a090920d77c42f09bd092d4b72abd804b37b73b688ffe406cdcc81,769,738
training/2025-05-28/objects_parts/63_obj14_centered.png,train,good,0,2025-05-28,normal:2025-05-28:63,normal:2025-05-28:63_obj14,486efdac59d3a85b85e9e49633f72162aa95ee741c88263b47aaec1dc341f301,334,682
training/2025-05-28/objects_parts/63_obj15_centered.png,train,good,0,2025-05-28,normal:2025-05-28:63,normal:2025-05-28:63_obj15,644ee8a3fe982b120baf9321fc10fa6d8f8657f3c818eb1b72b0e119b7cb671d,817,338
training/2025-05-28/objects_parts/63_obj16_tile_2481_1406.png,train,good,0,2025-05-28,normal:2025-05-28:63,normal:2025-05-28:63_obj16,7ed0806a9c967d85a649c4c5a9ae22a2ffc37da1755edd207e687a8bb8d3806b,527,313
training/2025-05-28/objects_parts/63_obj16_tile_2481_1598.png,train,good,0,2025-05-28,normal:2025-05-28:63,normal:2025-05-28:63_obj16,0ac0ccdb86f5aa5e9b8ad1416215e777cfe19dc7dea08c4b8ef7c139ff3d2e01,1625,1309
training/2025-05-28/objects_parts/63_obj16_tile_2673_1406.png,train,good,0,2025-05-28,normal:2025-05-28:63,normal:2025-05-28:63_obj16,64d1a2f347bcc31fe7fb2ea93460d2fae95f9aa64122a1bf4a9606a3dca4fc36,1299,884
training/2025-05-28/objects_parts/63_obj16_tile_2673_1598.png,train,good,0,2025-05-28,normal:2025-05-28:63,normal:2025-05-28:63_obj16,b06c30a8a034bf1eadbe066d949fd52ef75ae83bd9b1ff9b9d23044e11d7912b,1497,1111
training/2025-05-28/objects_parts/63_obj1_centered.png,train,good,0,2025-05-28,normal:2025-05-28:63,normal:2025-05-28:63_obj1,dd40fdb3c8e282c2d140e8412c92fc7df19207cc52402f483e116cee2510d27f,887,303
training/2025-05-28/objects_parts/63_obj2_centered.png,train,good,0,2025-05-28,normal:2025-05-28:63,normal:2025-05-28:63_obj2,107df1aed6a68cf2f60331529263492c8dd476dcc7e6b536a5e7851a223a7228,679,644
training/2025-05-28/objects_parts/63_obj3_centered.png,train,good,0,2025-05-28,normal:2025-05-28:63,normal:2025-05-28:63_obj3,cb55a6b13dbedb79b0d3a3332dadca6ef470bd894280bb934688f34fbcc5f958,1217,208
training/2025-05-28/objects_parts/63_obj4_centered.png,train,good,0,2025-05-28,normal:2025-05-28:63,normal:2025-05-28:63_obj4,116263f6028679f55f9fbc062f7d389528f0df7c2ebf7a6e00608a3130a62089,1125,163
training/2025-05-28/objects_parts/63_obj5_centered.png,train,good,0,2025-05-28,normal:2025-05-28:63,normal:2025-05-28:63_obj5,f007613c357b14566441ca9b71f002249ea9095c3be304126cccfd4a10d33a9c,1127,50
training/2025-05-28/objects_parts/63_obj6_tile_3082_2335.png,train,good,0,2025-05-28,normal:2025-05-28:63,normal:2025-05-28:63_obj6,f4bdfc0eae2f034e229ff8dcce879446fcdd02474ccac20757b3e840cc72e729,883,636
training/2025-05-28/objects_parts/63_obj6_tile_3274_2335.png,train,good,0,2025-05-28,normal:2025-05-28:63,normal:2025-05-28:63_obj6,09d91154a06c662906f51c9e021e250cf5843b527851f0d8c89d39471757e80c,1385,984
training/2025-05-28/objects_parts/63_obj7_centered.png,train,good,0,2025-05-28,normal:2025-05-28:63,normal:2025-05-28:63_obj7,c5652117e5ed5ffdf9629863a362bccfd36972294fb3c5eb7cb0034925bf6b35,152,240
training/2025-05-28/objects_parts/63_obj8_centered.png,train,good,0,2025-05-28,normal:2025-05-28:63,normal:2025-05-28:63_obj8,23321a4122b8a0f15a85be511cd30eb520ec07aed19f8fc24b0d763bd697eef4,1193,795
training/2025-05-28/objects_parts/63_obj9_centered.png,train,good,0,2025-05-28,normal:2025-05-28:63,normal:2025-05-28:63_obj9,8fa7db8e13fa981c682f17b95f56b00ff808029e798784999dd7c45bb6247017,262,692
training/2025-05-28/objects_parts/64_obj10_tile_3182_1393.png,train,good,0,2025-05-28,normal:2025-05-28:64,normal:2025-05-28:64_obj10,f4aa13d8469b1a1fc291e32e818aa6deeca8048ad104c29cc7cd4199d4b4e5c5,1401,848
training/2025-05-28/objects_parts/64_obj10_tile_3182_1585.png,train,good,0,2025-05-28,normal:2025-05-28:64,normal:2025-05-28:64_obj10,a81cafc3a80e1b3e270d0e4b52ce777919a675f7adfc71fc5b97dc665367871e,1561,1078
training/2025-05-28/objects_parts/64_obj10_tile_3374_1393.png,train,good,0,2025-05-28,normal:2025-05-28:64,normal:2025-05-28:64_obj10,ca38a21dc43f8ecfce0b56ca1e85aac1c1fef974378a300a7c65e54ad57419a0,931,169
training/2025-05-28/objects_parts/64_obj10_tile_3374_1585.png,train,good,0,2025-05-28,normal:2025-05-28:64,normal:2025-05-28:64_obj10,531e9bb01fea5dc97f035e3b1c43738b2aaecae62fd662d154c9ae25bfba85e4,1654,1276
training/2025-05-28/objects_parts/64_obj11_centered.png,train,good,0,2025-05-28,normal:2025-05-28:64,normal:2025-05-28:64_obj11,59c4a596a78edc7c9f5a47c2c4cd38b6d64a526b794ce60536bf46c548e5df07,857,331
training/2025-05-28/objects_parts/64_obj13_tile_3128_2201.png,train,good,0,2025-05-28,normal:2025-05-28:64,normal:2025-05-28:64_obj13,b5f269381c83d4cbbd71ed496fd750e1ab514109ff6f4258811c5a416c047983,1297,816
training/2025-05-28/objects_parts/64_obj13_tile_3320_2201.png,train,good,0,2025-05-28,normal:2025-05-28:64,normal:2025-05-28:64_obj13,cb823860ea34dcf8757af3c757c254571e8b71f7bfc0bf8a3a60a4297faf25ed,517,62
training/2025-05-28/objects_parts/64_obj14_centered.png,train,good,0,2025-05-28,normal:2025-05-28:64,normal:2025-05-28:64_obj14,2d25b968513a8cac2ef7970de6045a097c50ea6ca11971f49843a9bd1c3218f3,1121,679
training/2025-05-28/objects_parts/64_obj15_centered.png,train,good,0,2025-05-28,normal:2025-05-28:64,normal:2025-05-28:64_obj15,7495fe39fdd7a3c52aac6eec06c416d7313741cc7958e52c441b41d7b747143e,1221,24
training/2025-05-28/objects_parts/64_obj16_tile_2481_1406.png,train,good,0,2025-05-28,normal:2025-05-28:64,normal:2025-05-28:64_obj16,14372c37ea15647a9ceb7d16775e7270196caa5bbc9b6af4c09b1b7b78f24708,1597,1085
training/2025-05-28/objects_parts/64_obj16_tile_2481_1598.png,train,good,0,2025-05-28,normal:2025-05-28:64,normal:2025-05-28:64_obj16,9435a63df61b24f278a4b9a3d3494eb4d27019dfb8a20ee37f823c64db0a0e80,1671,1283
training/2025-05-28/objects_parts/64_obj16_tile_2673_1406.png,train,good,0,2025-05-28,normal:2025-05-28:64,normal:2025-05-28:64_obj16,605067f083128ac62223e6b424694252bb398cb41cdf1238c76fca29cb6a51ac,1223,187
training/2025-05-28/objects_parts/64_obj16_tile_2673_1598.png,train,good,0,2025-05-28,normal:2025-05-28:64,normal:2025-05-28:64_obj16,3a3f3abfe011cfa06c6a1f057b72a7dff105329d8684891b8656e12ca0e449ff,1451,855
training/2025-05-28/objects_parts/64_obj1_centered.png,train,good,0,2025-05-28,normal:2025-05-28:64,normal:2025-05-28:64_obj1,c7f79ffd6d238f5a50f41c0542d48936c27bad054f6ef077d4037b2f1472ef15,669,650
training/2025-05-28/objects_parts/64_obj2_centered.png,train,good,0,2025-05-28,normal:2025-05-28:64,normal:2025-05-28:64_obj2,a6f43dc2ebe8fe6b6227014ce40fee9665900f6afcfe2d742b64781fd56dcd20,541,393
training/2025-05-28/objects_parts/64_obj3_centered.png,train,good,0,2025-05-28,normal:2025-05-28:64,normal:2025-05-28:64_obj3,ea3e9b789d7eadfaff17eb554b26c399bec8c2e9f69b58662f5c84c7f23e1449,245,7
training/2025-05-28/objects_parts/64_obj4_centered.png,train,good,0,2025-05-28,normal:2025-05-28:64,normal:2025-05-28:64_obj4,1a5e3fd167bc2c9dcae6afec76f3a7434c8e6fab3fd44f6d1d9f7c7ef8b5ca50,164,661
training/2025-05-28/objects_parts/64_obj5_centered.png,train,good,0,2025-05-28,normal:2025-05-28:64,normal:2025-05-28:64_obj5,2b65a3de1a19caa324a81f1a7bba2529dd7ab451405039d11f2af1756493e53a,969,787
training/2025-05-28/objects_parts/64_obj6_tile_3081_2335.png,train,good,0,2025-05-28,normal:2025-05-28:64,normal:2025-05-28:64_obj6,9c60882577afb35b09e2c41f7afc7dcdfc374057033f2fe3124dcdc60b45b948,290,341
training/2025-05-28/objects_parts/64_obj6_tile_3273_2335.png,train,good,0,2025-05-28,normal:2025-05-28:64,normal:2025-05-28:64_obj6,1b06457d43979d2e4bd09a28da91b99ca6be597ef7513905df00a7947bdf9fcc,1251,895
training/2025-05-28/objects_parts/64_obj7_centered.png,train,good,0,2025-05-28,normal:2025-05-28:64,normal:2025-05-28:64_obj7,e35510443c56fa5bf0dc10be2b0c736cacbd7ba1ccd1fdcaed9fdbca94d7f0dd,170,779
training/2025-05-28/objects_parts/64_obj8_centered.png,train,good,0,2025-05-28,normal:2025-05-28:64,normal:2025-05-28:64_obj8,aea2fa426587c519016b21f10208e4010b3d5d6b61d4bb7b6bc2f9af20fdfe25,1129,784
training/2025-05-28/objects_parts/64_obj9_centered.png,train,good,0,2025-05-28,normal:2025-05-28:64,normal:2025-05-28:64_obj9,17a4e93d8a1a20946fb3ff9c0fc9a9438c6ab6cf02a7ba4f6d17e68d62a1e138,711,730
training/2025-05-28/objects_parts/65_obj10_tile_3182_1393.png,train,good,0,2025-05-28,normal:2025-05-28:65,normal:2025-05-28:65_obj10,1d463fbf00334f156f3d578a7807a5d9316256383d2f5a2b6825bd387554670c,1041,735
training/2025-05-28/objects_parts/65_obj10_tile_3182_1585.png,train,good,0,2025-05-28,normal:2025-05-28:65,normal:2025-05-28:65_obj10,1afb915a1a870cab70c562d2aff2280b909eb4d4e5404a4d795e0ccdfba21c2e,1577,1219
training/2025-05-28/objects_parts/65_obj10_tile_3374_1393.png,train,good,0,2025-05-28,normal:2025-05-28:65,normal:2025-05-28:65_obj10,984b939ac0f27f2c8aba46ab14f9e7743a269619bca81a126477143636f893cf,1421,1018
training/2025-05-28/objects_parts/65_obj10_tile_3374_1585.png,train,good,0,2025-05-28,normal:2025-05-28:65,normal:2025-05-28:65_obj10,e454a2b5f0904c5f9458649cbea2d4b64ab870a5e770e7a2a8ecd11a9d11818d,1661,1410
training/2025-05-28/objects_parts/65_obj11_centered.png,train,good,0,2025-05-28,normal:2025-05-28:65,normal:2025-05-28:65_obj11,ac10843de9eb99252330a90aa985faf735b6d7db15256355f1b7453d7d38d951,134,490
training/2025-05-28/objects_parts/65_obj13_tile_3128_2201.png,train,good,0,2025-05-28,normal:2025-05-28:65,normal:2025-05-28:65_obj13,8db098ea8f48895004ae244e3a0460925e039adff2ca4fdd9c45a4a003a8db28,1363,979
training/2025-05-28/objects_parts/65_obj13_tile_3320_2201.png,train,good,0,2025-05-28,normal:2025-05-28:65,normal:2025-05-28:65_obj13,8591460928ed7eb6cd18225781f26b3fb29bb3a92eecb100e4bdf30294ee7ee6,815,626
training/2025-05-28/objects_parts/65_obj14_centered.png,train,good,0,2025-05-28,normal:2025-05-28:65,normal:2025-05-28:65_obj14,fd0ba3034ca3be507b6953acb50cf1f843845480b865fb64f959f592780ae14f,1055,186
training/2025-05-28/objects_parts/65_obj15_centered.png,train,good,0,2025-05-28,normal:2025-05-28:65,normal:2025-05-28:65_obj15,915cb2e3cce7fb86f33688d9860618a80642fe33724e56780e0f6d5568aa5923,1197,225
training/2025-05-28/objects_parts/65_obj16_tile_2482_1406.png,train,good,0,2025-05-28,normal:2025-05-28:65,normal:2025-05-28:65_obj16,d037abddd620a874c495a6e25ed3f4490c238f6d81a149fbbacf734a41b6c4f3,1463,1231
training/2025-05-28/objects_parts/65_obj16_tile_2482_1598.png,train,good,0,2025-05-28,normal:2025-05-28:65,normal:2025-05-28:65_obj16,082d929accf06fe29ffa0b68ffeffcaaaa96de4c2f1e84b98ee739d2f5b74541,1247,1033
training/2025-05-28/objects_parts/65_obj16_tile_2674_1406.png,train,good,0,2025-05-28,normal:2025-05-28:65,normal:2025-05-28:65_obj16,f258b2bf44e9a003f0b2caf945b82f3e4d2e41754d5d392c25b80108a7b09442,270,773
training/2025-05-28/objects_parts/65_obj16_tile_2674_1598.png,train,good,0,2025-05-28,normal:2025-05-28:65,normal:2025-05-28:65_obj16,c3b2c1d732518d13e2836ceb5027da851e8819c58b244c5e26a404ec937e18f0,1609,1420
training/2025-05-28/objects_parts/65_obj1_centered.png,train,good,0,2025-05-28,normal:2025-05-28:65,normal:2025-05-28:65_obj1,b879b3f729485a6569ba3b6b848540075a77a2eb20ea95e675659841b8d4c675,813,537
training/2025-05-28/objects_parts/65_obj2_centered.png,train,good,0,2025-05-28,normal:2025-05-28:65,normal:2025-05-28:65_obj2,190fb0bbf6f403f29133ed62d3012fc13249c93f5ffc2a19229c632b9407e527,215,290
training/2025-05-28/objects_parts/65_obj3_centered.png,train,good,0,2025-05-28,normal:2025-05-28:65,normal:2025-05-28:65_obj3,bb8f1ba1f9549ab60bb245b6d363f8ee370507a6d1d65158420af275073e3808,50,190
training/2025-05-28/objects_parts/65_obj4_centered.png,train,good,0,2025-05-28,normal:2025-05-28:65,normal:2025-05-28:65_obj4,404453bc2d56a0815572f3d2b1681d6a4258624f315ee17aa2a6ff9fd999a024,26,342
training/2025-05-28/objects_parts/65_obj5_centered.png,train,good,0,2025-05-28,normal:2025-05-28:65,normal:2025-05-28:65_obj5,5ee86d109609675015b85eb3a79418d4e30371c9d01d869b94babd9582f34a3a,635,633
training/2025-05-28/objects_parts/65_obj6_tile_3082_2335.png,train,good,0,2025-05-28,normal:2025-05-28:65,normal:2025-05-28:65_obj6,ab63c474e8f67823a087c06e8d73648a9aa043ebf2f4189893be7048dadef792,807,502
training/2025-05-28/objects_parts/65_obj6_tile_3274_2335.png,train,good,0,2025-05-28,normal:2025-05-28:65,normal:2025-05-28:65_obj6,d9be2bb824415a56f55f91210ed6b1a043d92f979fcd7401859c4aab429f3e37,1357,945
training/2025-05-28/objects_parts/65_obj7_centered.png,train,good,0,2025-05-28,normal:2025-05-28:65,normal:2025-05-28:65_obj7,4b1a6bbefeb1bf173bc18d806a37bd6c4f73deea6abe0c84d906dd77231a0bd9,501,724
training/2025-05-28/objects_parts/65_obj8_centered.png,train,good,0,2025-05-28,normal:2025-05-28:65,normal:2025-05-28:65_obj8,c1012f429203213eec5e5ddf3ad8652159d79d815bbc0a101bd58ea4e612930a,951,271
training/2025-05-28/objects_parts/65_obj9_centered.png,train,good,0,2025-05-28,normal:2025-05-28:65,normal:2025-05-28:65_obj9,e0c9025af30f24da08c5e4e884f2679fa7045c562fddb9d3ae4d609a0964e109,68,614
training/2025-05-28/objects_parts/68_obj10_tile_3182_1393.png,train,good,0,2025-05-28,normal:2025-05-28:68,normal:2025-05-28:68_obj10,c05f45da1a6cda2100475099c5a91cb955a7de07ec1080fcf631283975e980ea,1632,1273
training/2025-05-28/objects_parts/68_obj10_tile_3182_1585.png,train,good,0,2025-05-28,normal:2025-05-28:68,normal:2025-05-28:68_obj10,c249939b58ea8cf78be875b67bf6fb7135231ee10a8c2a1f1617d8da0fc35d48,575,148
training/2025-05-28/objects_parts/68_obj10_tile_3374_1393.png,train,good,0,2025-05-28,normal:2025-05-28:68,normal:2025-05-28:68_obj10,5341518f00a9b135a99a2d748757fc1a5ddf190b3ad904767e49223d5ed5d99a,1315,845
training/2025-05-28/objects_parts/68_obj10_tile_3374_1585.png,train,good,0,2025-05-28,normal:2025-05-28:68,normal:2025-05-28:68_obj10,ed865d1581cd49932dd664034e462badb069fa16ab88792911091221ff0a9ff3,1511,1075
training/2025-05-28/objects_parts/68_obj11_centered.png,train,good,0,2025-05-28,normal:2025-05-28:68,normal:2025-05-28:68_obj11,f682ef36821f6a239f0759348a8df5a36273c882dc3ee637c48dafe926fa12f2,617,577
training/2025-05-28/objects_parts/68_obj13_tile_3129_2201.png,train,good,0,2025-05-28,normal:2025-05-28:68,normal:2025-05-28:68_obj13,daaaf5464f4f098f5f5a16904010f62912b2f963680387a5aefe854e1255fd58,1131,319
training/2025-05-28/objects_parts/68_obj13_tile_3321_2201.png,train,good,0,2025-05-28,normal:2025-05-28:68,normal:2025-05-28:68_obj13,aed0f4aeeaf62f50cff94d49d47017aa1bedd4b58982108a9b1196c8042413f4,1441,887
training/2025-05-28/objects_parts/68_obj14_centered.png,train,good,0,2025-05-28,normal:2025-05-28:68,normal:2025-05-28:68_obj14,006559d629b9046c633d4d452a27a265f83fed74e5f94891a4a029c3b4605f68,225,71
training/2025-05-28/objects_parts/68_obj15_centered.png,train,good,0,2025-05-28,normal:2025-05-28:68,normal:2025-05-28:68_obj15,5a1ff3cbd1dab14e5687adc1e5392bcf28ad7b38f78b4fafdb8666449b3080dd,1187,562
training/2025-05-28/objects_parts/68_obj16_tile_2482_1406.png,train,good,0,2025-05-28,normal:2025-05-28:68,normal:2025-05-28:68_obj16,fe2c6eae25a4cbf680f8a029bb2983642cde8793aabc89b82c517b6016d8f9f4,1305,881
training/2025-05-28/objects_parts/68_obj16_tile_2482_1598.png,train,good,0,2025-05-28,normal:2025-05-28:68,normal:2025-05-28:68_obj16,7d668970f68756ccf93bed55fb0bbfb06de12853b2b79aedf0d9d50d1bcca6d9,545,305
training/2025-05-28/objects_parts/68_obj16_tile_2674_1406.png,train,good,0,2025-05-28,normal:2025-05-28:68,normal:2025-05-28:68_obj16,47533f8208167efbb93527318cf46f9c45c1390bc7e65d735756bec8e606a08a,1501,1108
training/2025-05-28/objects_parts/68_obj16_tile_2674_1598.png,train,good,0,2025-05-28,normal:2025-05-28:68,normal:2025-05-28:68_obj16,557c2bc75bc9e85770302f1e513b35ec93a13db3fe377424e6c74cbff8e7e19d,1627,1306
training/2025-05-28/objects_parts/68_obj1_centered.png,train,good,0,2025-05-28,normal:2025-05-28:68,normal:2025-05-28:68_obj1,66e73d9a111e7947059d684898cdeba62a1ce6f53b0642e71b95308f6143f71a,767,535
training/2025-05-28/objects_parts/68_obj2_centered.png,train,good,0,2025-05-28,normal:2025-05-28:68,normal:2025-05-28:68_obj2,6941ccab5c80b2280a40675d989f7e89dddf153ec04d8333a27025034d4fd3d6,589,283
training/2025-05-28/objects_parts/68_obj3_centered.png,train,good,0,2025-05-28,normal:2025-05-28:68,normal:2025-05-28:68_obj3,3fa3fb6c74819a29fa93483ba496325a73d24c130e264dec91c2381dcfc8b4a8,322,439
training/2025-05-28/objects_parts/68_obj4_centered.png,train,good,0,2025-05-28,normal:2025-05-28:68,normal:2025-05-28:68_obj4,a923a42690ce3c5a9b6985286f1e2f08872517afb19e08c0206cff009d0c522d,190,554
training/2025-05-28/objects_parts/68_obj5_centered.png,train,good,0,2025-05-28,normal:2025-05-28:68,normal:2025-05-28:68_obj5,24e56724cb675e86452503861d83f592d7a4208990889eb2a206e1fe8b66f86e,759,654
training/2025-05-28/objects_parts/68_obj6_tile_3082_2335.png,train,good,0,2025-05-28,normal:2025-05-28:68,normal:2025-05-28:68_obj6,52914fb0b200ee3d71019ffc78d36da59d6c3a5899d3cec7f026470791a5951f,1395,943
training/2025-05-28/objects_parts/68_obj6_tile_3274_2335.png,train,good,0,2025-05-28,normal:2025-05-28:68,normal:2025-05-28:68_obj6,9c2ab9b4885dc581d7bf45dd5c446c481b3b6021a81f9748f411751ce72ad80c,913,493
training/2025-05-28/objects_parts/68_obj7_centered.png,train,good,0,2025-05-28,normal:2025-05-28:68,normal:2025-05-28:68_obj7,5157e33756fc86544056cebe53a7bd23a3ba7f82f15e18043f040679f1f46482,346,690
training/2025-05-28/objects_parts/68_obj8_centered.png,train,good,0,2025-05-28,normal:2025-05-28:68,normal:2025-05-28:68_obj8,39570915f6ffd6d85264a31bc6416565767e49a89857dac8e01e409861f1e7b6,993,569
training/2025-05-28/objects_parts/68_obj9_centered.png,train,good,0,2025-05-28,normal:2025-05-28:68,normal:2025-05-28:68_obj9,0360dd4f1386552ddcbabb831342f931fd543d59fb15965965851fdfa0f9263c,485,110
training/2025-05-28/objects_parts/69_obj10_tile_3183_1393.png,train,good,0,2025-05-28,normal:2025-05-28:69,normal:2025-05-28:69_obj10,81b56231bbdbcce48bc0a8a8fff2892959c114704e1bd3ad647c21ec3fadedc3,1611,1249
training/2025-05-28/objects_parts/69_obj10_tile_3183_1585.png,train,good,0,2025-05-28,normal:2025-05-28:69,normal:2025-05-28:69_obj10,73eaed33a7b71a9b82444864e2649058d75232e21cd29feee7716006ee569ede,306,45
training/2025-05-28/objects_parts/69_obj10_tile_3375_1393.png,train,good,0,2025-05-28,normal:2025-05-28:69,normal:2025-05-28:69_obj10,f8f8d964c599baad9d3262567bf72ae306fffd891358cf44be99b9629db606b0,1467,1051
training/2025-05-28/objects_parts/69_obj10_tile_3375_1585.png,train,good,0,2025-05-28,normal:2025-05-28:69,normal:2025-05-28:69_obj10,bce26d657191c8c0eb95f834cc5b1e8a162214d9dfe9565f9983f5d696151cb4,1255,814
training/2025-05-28/objects_parts/69_obj11_centered.png,train,good,0,2025-05-28,normal:2025-05-28:69,normal:2025-05-28:69_obj11,c526b33604db5f4c92d3645a9dbe9c2510fe444f8d709de2f88324fa120c9b74,985,306
training/2025-05-28/objects_parts/69_obj13_tile_3130_2201.png,train,good,0,2025-05-28,normal:2025-05-28:69,normal:2025-05-28:69_obj13,ab124e4d2ba26dc393ee8d78658a40a5fba7683bab6f76564a3238c26994729d,1397,803
training/2025-05-28/objects_parts/69_obj13_tile_3322_2201.png,train,good,0,2025-05-28,normal:2025-05-28:69,normal:2025-05-28:69_obj13,abf1073834e1bad69a778ce41d3e45971c2a44636bc346963508a9984a09c0ff,917,10
training/2025-05-28/objects_parts/69_obj14_centered.png,train,good,0,2025-05-28,normal:2025-05-28:69,normal:2025-05-28:69_obj14,a447a60e2346f8920a31f53eadd8e97eed51e4a30071e0d20d1ba509d55e0ded,537,590
training/2025-05-28/objects_parts/69_obj15_centered.png,train,good,0,2025-05-28,normal:2025-05-28:69,normal:2025-05-28:69_obj15,6d2386a7d89f5cd237b18452d87365b37a0f9859eec59929400b792d67baa73a,1095,691
training/2025-05-28/objects_parts/69_obj16_tile_2483_1406.png,train,good,0,2025-05-28,normal:2025-05-28:69,normal:2025-05-28:69_obj16,65152fab2dfb9b9b506a5a90ef034214a88396ad60b70aad04feba127ff29126,1515,1084
training/2025-05-28/objects_parts/69_obj16_tile_2483_1598.png,train,good,0,2025-05-28,normal:2025-05-28:69,normal:2025-05-28:69_obj16,1ae1ea8515a542a10533cbdde1b5adec5b0ee8b27bed234be3ea1fcb91858e7f,609,183
training/2025-05-28/objects_parts/69_obj16_tile_2675_1406.png,train,good,0,2025-05-28,normal:2025-05-28:69,normal:2025-05-28:69_obj16,77a953b330fb078e8d85684ccd1889ff3508a9e495648b9f924b22540a7d41c2,1634,1282
training/2025-05-28/objects_parts/69_obj16_tile_2675_1598.png,train,good,0,2025-05-28,normal:2025-05-28:69,normal:2025-05-28:69_obj16,b2266fa6c69d14a8927d46f171adb5da0bc34fe16bb70da09e6aa17fb25207f3,1323,854
training/2025-05-28/objects_parts/69_obj1_centered.png,train,good,0,2025-05-28,normal:2025-05-28:69,normal:2025-05-28:69_obj1,ceb61963c18f724696f0d28c4f62167566679248b6a94ff7166b945e454772ae,905,606
training/2025-05-28/objects_parts/69_obj2_centered.png,train,good,0,2025-05-28,normal:2025-05-28:69,normal:2025-05-28:69_obj2,723a4ad18d3ecb709463037ff2594c1f93ecb259f78058f01a66bd3bcf3e837f,1201,756
training/2025-05-28/objects_parts/69_obj3_centered.png,train,good,0,2025-05-28,normal:2025-05-28:69,normal:2025-05-28:69_obj3,d0f2e133ef361ee12b544080c3e7fc900ebbe55ffd26ca1b19e35fc3e8e885f1,487,286
training/2025-05-28/objects_parts/69_obj4_centered.png,train,good,0,2025-05-28,normal:2025-05-28:69,normal:2025-05-28:69_obj4,be12eec400bc5185aec2ba14fc8698c5fc8a3a656cfc0a87c66c1542215ac3fb,849,54
training/2025-05-28/objects_parts/69_obj5_centered.png,train,good,0,2025-05-28,normal:2025-05-28:69,normal:2025-05-28:69_obj5,9e55e01e6880870477d87e808b31e6f7094b27c959afd448ce6e41179382ffc1,539,258
training/2025-05-28/objects_parts/69_obj6_tile_3084_2335.png,train,good,0,2025-05-28,normal:2025-05-28:69,normal:2025-05-28:69_obj6,ea78958370dfca0f0e7b44c582b81e4308d8c173378be66d22e5258f54485361,587,483
training/2025-05-28/objects_parts/69_obj6_tile_3276_2335.png,train,good,0,2025-05-28,normal:2025-05-28:69,normal:2025-05-28:69_obj6,b5593ce78e07ea538bcc745ce7150de8a5d604ab3e8e7f4e78e994b6a75c7778,1319,940
training/2025-05-28/objects_parts/69_obj7_centered.png,train,good,0,2025-05-28,normal:2025-05-28:69,normal:2025-05-28:69_obj7,e46667113b7154b6020b913e4f4b929fed0c04558b46a3c6b7380a24411b5e19,989,97
training/2025-05-28/objects_parts/69_obj8_centered.png,train,good,0,2025-05-28,normal:2025-05-28:69,normal:2025-05-28:69_obj8,fd2748e1e6c8b28b47ebdcd9fd8ca769b2d2e666080d296e53c9bb1c2d97e73b,997,38
training/2025-05-28/objects_parts/69_obj9_centered.png,train,good,0,2025-05-28,normal:2025-05-28:69,normal:2025-05-28:69_obj9,71f3f74a79cf8a419b2997fd61f2d33f4c74ed50b7adfae7b0033e06df931ca8,713,526
training/2025-05-28/objects_parts/71_obj10_tile_3184_1394.png,train,good,0,2025-05-28,normal:2025-05-28:71,normal:2025-05-28:71_obj10,8b45fa9557eb017d9ccc7ed069925b390c49fb0db41eeedd41b9ac5d9c0cbda0,1491,1105
training/2025-05-28/objects_parts/71_obj10_tile_3184_1586.png,train,good,0,2025-05-28,normal:2025-05-28:71,normal:2025-05-28:71_obj10,7e94502f7f6cffdc4673d876ca7ab7e0fcb13b41a979ba8fc3995af54c23b61c,1622,1303
training/2025-05-28/objects_parts/71_obj10_tile_3376_1394.png,train,good,0,2025-05-28,normal:2025-05-28:71,normal:2025-05-28:71_obj10,13fe1a184cfceeab8fa3b9224ef9dd518b1c8a193bc45a809c6a96e240373c6d,1291,877
training/2025-05-28/objects_parts/71_obj10_tile_3376_1586.png,train,good,0,2025-05-28,normal:2025-05-28:71,normal:2025-05-28:71_obj10,e3c2a432feba36aad872e4d02927b6aabfe73f6f738a067501fc712965a52441,497,280
training/2025-05-28/objects_parts/71_obj11_centered.png,train,good,0,2025-05-28,normal:2025-05-28:71,normal:2025-05-28:71_obj11,ac99d975446a0937eeacdfff3552ada67d9a128d9591bb5003ca3d87b1f54154,791,565
training/2025-05-28/objects_parts/71_obj13_tile_3131_2201.png,train,good,0,2025-05-28,normal:2025-05-28:71,normal:2025-05-28:71_obj13,28d54a711e67471abb46420419b3d2001d1495c8f4ca44fd2f4bdb6e7945138f,1359,835
training/2025-05-28/objects_parts/71_obj13_tile_3323_2201.png,train,good,0,2025-05-28,normal:2025-05-28:71,normal:2025-05-28:71_obj13,f5c05592c9544d20c8b0fa976f4a37659fad499d302338c1b762bb3f293f4a90,809,119
training/2025-05-28/objects_parts/71_obj14_centered.png,train,good,0,2025-05-28,normal:2025-05-28:71,normal:2025-05-28:71_obj14,ddbc0e15a6c058b2be2656307a8baee37b9684d6d1a2bfb517750e9a63ee9f9a,805,307
training/2025-05-28/objects_parts/71_obj15_centered.png,train,good,0,2025-05-28,normal:2025-05-28:71,normal:2025-05-28:71_obj15,5d5214e3ae1a2d78a06edba8af9eed7438c4109d15ac7c0fcf7fae1247a61e27,529,198
training/2025-05-28/objects_parts/71_obj16_tile_2484_1406.png,train,good,0,2025-05-28,normal:2025-05-28:71,normal:2025-05-28:71_obj16,27f0a459e155a3537db3f71093c5466ea1d8db3b91bc833ade3e339600e1fbeb,1541,1186
training/2025-05-28/objects_parts/71_obj16_tile_2484_1598.png,train,good,0,2025-05-28,normal:2025-05-28:71,normal:2025-05-28:71_obj16,e4616a949941faba1756a6ee2fdbac9a2128e5bcdfe1a71eccc4687f9524a628,811,613
training/2025-05-28/objects_parts/71_obj16_tile_2676_1406.png,train,good,0,2025-05-28,normal:2025-05-28:71,normal:2025-05-28:71_obj16,0fb614e902c96d39d15f262d481411bf3dd5444a556a9d833972b288f6c5b260,1361,976
training/2025-05-28/objects_parts/71_obj16_tile_2676_1598.png,train,good,0,2025-05-28,normal:2025-05-28:71,normal:2025-05-28:71_obj16,1cf83c64d553471c1567c8a0b2d13f7502cb3c830b815241f6f097b1369bff2e,1646,1380
training/2025-05-28/objects_parts/71_obj1_centered.png,train,good,0,2025-05-28,normal:2025-05-28:71,normal:2025-05-28:71_obj1,b8aa4ff8d045807d403ecaf1dce49ad50d12b0b6b1762d6d8a568eafe427e385,205,180
training/2025-05-28/objects_parts/71_obj2_centered.png,train,good,0,2025-05-28,normal:2025-05-28:71,normal:2025-05-28:71_obj2,4112489172ec7e5dcccbe44dd2d69eba9cb9e9b906d664525b53f5a849cb19da,753,386
training/2025-05-28/objects_parts/71_obj3_centered.png,train,good,0,2025-05-28,normal:2025-05-28:71,normal:2025-05-28:71_obj3,a4ef33063836efd1d7cbcfd7036ea495ef197e85872e819a029b13e578a87ab8,509,471
training/2025-05-28/objects_parts/71_obj4_centered.png,train,good,0,2025-05-28,normal:2025-05-28:71,normal:2025-05-28:71_obj4,281d97a9b79c151b99057eb454fd7786878fa147c04be0052be7e5cc7bd81578,585,637
training/2025-05-28/objects_parts/71_obj5_centered.png,train,good,0,2025-05-28,normal:2025-05-28:71,normal:2025-05-28:71_obj5,779f88286786f017136589ee516275058d7d78e90d3d43d5ed6b91003eba58aa,1101,157
training/2025-05-28/objects_parts/71_obj6_tile_3084_2335.png,train,good,0,2025-05-28,normal:2025-05-28:71,normal:2025-05-28:71_obj6,84b8dfd27a9aac4bb976ae8764fa105e80a631419c0ab79d90e2fb8a7bca9f73,286,646
training/2025-05-28/objects_parts/71_obj6_tile_3276_2335.png,train,good,0,2025-05-28,normal:2025-05-28:71,normal:2025-05-28:71_obj6,a6f26eba03031b053d0339161a3fe7af728427d5602f663f46de95bf599c3412,1249,990
training/2025-05-28/objects_parts/71_obj7_centered.png,train,good,0,2025-05-28,normal:2025-05-28:71,normal:2025-05-28:71_obj7,d7ba689c66cc13cd9bf62ee4b3ba02582df8b005ba03044e6537d38406623151,885,466
training/2025-05-28/objects_parts/71_obj8_centered.png,train,good,0,2025-05-28,normal:2025-05-28:71,normal:2025-05-28:71_obj8,7c0beb5cbbbe945dd023a75e4ed277137c692dc9bb3691520b8311d50d2ec862,1035,357
training/2025-05-28/objects_parts/71_obj9_centered.png,train,good,0,2025-05-28,normal:2025-05-28:71,normal:2025-05-28:71_obj9,8f7b6f4dd4ce58acf9a98144be8a7e34fd12e9f09c17035f38ed5ea7697896a3,707,123
training/2025-05-28/objects_parts/72_obj10_tile_3184_1394.png,train,good,0,2025-05-28,normal:2025-05-28:72,normal:2025-05-28:72_obj10,e10d0d021185daa9e8b7e3b5b822788fb17a43de0bc01798dcfb00f7df31efb2,1481,1082
training/2025-05-28/objects_parts/72_obj10_tile_3184_1586.png,train,good,0,2025-05-28,normal:2025-05-28:72,normal:2025-05-28:72_obj10,09c6e5fa83eb91e2ff8faa895d19f25a7c3f997cd67bdbed2373e01602411d34,383,175
training/2025-05-28/objects_parts/72_obj10_tile_3376_1394.png,train,good,0,2025-05-28,normal:2025-05-28:72,normal:2025-05-28:72_obj10,e898a0603e35d276319ee923f0d7460af13605a24b8942152a61b71f95734c3e,1618,1280
training/2025-05-28/objects_parts/72_obj10_tile_3376_1586.png,train,good,0,2025-05-28,normal:2025-05-28:72,normal:2025-05-28:72_obj10,ce26bc6a7a21dc7a11951c83e49c3b035c15d1d1d4f704fd7cdbd800c76f1eda,1275,852
training/2025-05-28/objects_parts/72_obj11_centered.png,train,good,0,2025-05-28,normal:2025-05-28:72,normal:2025-05-28:72_obj11,603f1ffe24108f79dbd4c32d5774753cd580227afe442d00cd866b20701dd745,1081,268
training/2025-05-28/objects_parts/72_obj13_tile_3131_2202.png,train,good,0,2025-05-28,normal:2025-05-28:72,normal:2025-05-28:72_obj13,1776c3789167448bfb4672e53bb37d0e66044e45ea97e70b96d822cbda633df0,1267,890
training/2025-05-28/objects_parts/72_obj13_tile_3323_2202.png,train,good,0,2025-05-28,normal:2025-05-28:72,normal:2025-05-28:72_obj13,6e5b5fd3a9f5ec2cb066a766c9894b0558b8d71a13b57b025d1c1756a555ba7f,350,333
training/2025-05-28/objects_parts/72_obj14_centered.png,train,good,0,2025-05-28,normal:2025-05-28:72,normal:2025-05-28:72_obj14,01ed92e58686df5741e89c42d5946c9edcb400fd6a85e313638d8122c5ae598c,1145,238
training/2025-05-28/objects_parts/72_obj15_centered.png,train,good,0,2025-05-28,normal:2025-05-28:72,normal:2025-05-28:72_obj15,d4dae131aaa780d3eed20b52f604c8f34813dae8a1065a4720466c584d7514a8,1093,617
training/2025-05-28/objects_parts/72_obj16_tile_2484_1406.png,train,good,0,2025-05-28,normal:2025-05-28:72,normal:2025-05-28:72_obj16,8c923fe305cca42aaa9861bf934304b2cbe764d83f3c1092ceaaea5829340a4b,717,534
training/2025-05-28/objects_parts/72_obj16_tile_2484_1598.png,train,good,0,2025-05-28,normal:2025-05-28:72,normal:2025-05-28:72_obj16,4c66e26c29ea2e6db590b2db7687e25ebad7e6b52b9c41f23817cc447895aec2,1533,1166
training/2025-05-28/objects_parts/72_obj16_tile_2676_1406.png,train,good,0,2025-05-28,normal:2025-05-28:72,normal:2025-05-28:72_obj16,df5903e4d21123dffa9d19e6c4e65aa8a5d714f7e3f26228cfc4d7437190edc3,1642,1360
training/2025-05-28/objects_parts/72_obj16_tile_2676_1598.png,train,good,0,2025-05-28,normal:2025-05-28:72,normal:2025-05-28:72_obj16,a493a5c91e3aa22c9204d9c9d86c6b95469214237943fdcb0ed11a3e8c226a6c,1345,951
training/2025-05-28/objects_parts/72_obj1_centered.png,train,good,0,2025-05-28,normal:2025-05-28:72,normal:2025-05-28:72_obj1,8716fda031ef0abdcc799a8773460792e9a026e647cfb389b0f408872b80dec7,965,100
training/2025-05-28/objects_parts/72_obj2_centered.png,train,good,0,2025-05-28,normal:2025-05-28:72,normal:2025-05-28:72_obj2,0c105a0eaf7d4c9407c96ec574d738ece1786fc72469cfdbd994cf6570ad2f89,549,742
training/2025-05-28/objects_parts/72_obj3_centered.png,train,good,0,2025-05-28,normal:2025-05-28:72,normal:2025-05-28:72_obj3,8483cc24144726425109061192115688ed0e20a7e1cced000fa065673bc5c633,1005,734
training/2025-05-28/objects_parts/72_obj4_centered.png,train,good,0,2025-05-28,normal:2025-05-28:72,normal:2025-05-28:72_obj4,c28772b5b1b86394a50f943c14f320d659956cef671a3b2f7a3d1a99b90b7e1f,1165,593
training/2025-05-28/objects_parts/72_obj5_centered.png,train,good,0,2025-05-28,normal:2025-05-28:72,normal:2025-05-28:72_obj5,7068765ceaa4327a420c3b0f3501db69b9b4b121dd7de632f5cd1d86ddc318ac,1033,207
training/2025-05-28/objects_parts/72_obj6_tile_3084_2335.png,train,good,0,2025-05-28,normal:2025-05-28:72,normal:2025-05-28:72_obj6,216214999742b179fbc19552b9c1c5d83cd69ca0386ca5ec24f97dbba001a9e3,1279,815
training/2025-05-28/objects_parts/72_obj6_tile_3276_2335.png,train,good,0,2025-05-28,normal:2025-05-28:72,normal:2025-05-28:72_obj6,205e72166bda47ce5b86e139479cbb3ec79260e2bacea5c3629972745c0d1417,401,46
training/2025-05-28/objects_parts/72_obj7_centered.png,train,good,0,2025-05-28,normal:2025-05-28:72,normal:2025-05-28:72_obj7,884926b1bb6db043f8914c203e789d08e46977b2c9173a7b435ecc46c8784a61,773,265
training/2025-05-28/objects_parts/72_obj8_centered.png,train,good,0,2025-05-28,normal:2025-05-28:72,normal:2025-05-28:72_obj8,6db6d7ec068f0bea39ef81a26daabafb2f9588e170043b9b7bdc6c014196a608,901,14
training/2025-05-28/objects_parts/72_obj9_centered.png,train,good,0,2025-05-28,normal:2025-05-28:72,normal:2025-05-28:72_obj9,a235250e18b597fa5f98d83a6639a9f575012e8ac1d1f909f168d5a873ccc09e,1111,547
training/2025-05-28/objects_parts/73_obj10_tile_3184_1394.png,train,good,0,2025-05-28,normal:2025-05-28:73,normal:2025-05-28:73_obj10,f63be7b25b1fc996f300a53dc3bd43cca179fa02eaeb32c63afe9b102d3c4362,1495,1110
training/2025-05-28/objects_parts/73_obj10_tile_3184_1586.png,train,good,0,2025-05-28,normal:2025-05-28:73,normal:2025-05-28:73_obj10,804e3dbb7bce7bfeacd44d14a3bed24b5f8aa3346497066515e4e72b4474fb1c,1624,1308
training/2025-05-28/objects_parts/73_obj10_tile_3376_1394.png,train,good,0,2025-05-28,normal:2025-05-28:73,normal:2025-05-28:73_obj10,b724771ff053311090e3638153a870b90df6c63d5cbdac895e535420e0533eb6,1295,883
training/2025-05-28/objects_parts/73_obj10_tile_3376_1586.png,train,good,0,2025-05-28,normal:2025-05-28:73,normal:2025-05-28:73_obj10,4275be724f42b3ee86289a6d90122a1890955d51448f183db5b843794a45e0a4,513,310
training/2025-05-28/objects_parts/73_obj11_centered.png,train,good,0,2025-05-28,normal:2025-05-28:73,normal:2025-05-28:73_obj11,c19f05954af9d05c1933584a14a4798925c5dd59c974f1f93db603f12266e0a3,665,567
training/2025-05-28/objects_parts/73_obj13_tile_3132_2202.png,train,good,0,2025-05-28,normal:2025-05-28:73,normal:2025-05-28:73_obj13,70d7d987bd09be29effa467fefef9e245e75583b6c87ce3b85923bc32ec54994,1233,813
training/2025-05-28/objects_parts/73_obj13_tile_3324_2202.png,train,good,0,2025-05-28,normal:2025-05-28:73,normal:2025-05-28:73_obj13,b28540568faab171c59822ec07ff02fc199e44fcbeac439a233109015ebf5e93,122,40
training/2025-05-28/objects_parts/73_obj14_centered.png,train,good,0,2025-05-28,normal:2025-05-28:73,normal:2025-05-28:73_obj14,251db8e80783cf70bccf0b2c24f8ad0cb6533af5e6d15dceade8818f8745dd87,721,329
training/2025-05-28/objects_parts/73_obj15_centered.png,train,good,0,2025-05-28,normal:2025-05-28:73,normal:2025-05-28:73_obj15,dba1b8a4ec41ea704dfbfacf988a5af6256d6bb0776cb8ca24d16011e732c06c,1153,395
training/2025-05-28/objects_parts/73_obj16_tile_2484_1406.png,train,good,0,2025-05-28,normal:2025-05-28:73,normal:2025-05-28:73_obj16,eb9726ea8a1e0e1e3393372d991cd277577c4e7ef9ca98dd1bd5b593e546efca,1647,1361
training/2025-05-28/objects_parts/73_obj16_tile_2484_1598.png,train,good,0,2025-05-28,normal:2025-05-28:73,normal:2025-05-28:73_obj16,57d46c13cab553878d20395fd185aec48368e51e26162bed787ae205ab3875a8,1545,1167
training/2025-05-28/objects_parts/73_obj16_tile_2676_1406.png,train,good,0,2025-05-28,normal:2025-05-28:73,normal:2025-05-28:73_obj16,c5339ce1c14eb94f872ba2c02f9f15a987989a919901306a587ab94a533c6de9,1367,952
training/2025-05-28/objects_parts/73_obj16_tile_2676_1598.png,train,good,0,2025-05-28,normal:2025-05-28:73,normal:2025-05-28:73_obj16,2ff7287276cbf6d45d721d7cb18a17530e902cc78c7300bf1c253328ff8af68d,831,540
training/2025-05-28/objects_parts/73_obj1_centered.png,train,good,0,2025-05-28,normal:2025-05-28:73,normal:2025-05-28:73_obj1,3c1cc84abd912578f3b4d9b2cc09493e47060fee5a8a070838a7cf71171ac4ca,839,73
training/2025-05-28/objects_parts/73_obj2_centered.png,train,good,0,2025-05-28,normal:2025-05-28:73,normal:2025-05-28:73_obj2,288b8b23e6369811204c2cf29b5ab173e8bb63198144af8b42f9bb2cf73a52dc,959,797
training/2025-05-28/objects_parts/73_obj3_centered.png,train,good,0,2025-05-28,normal:2025-05-28:73,normal:2025-05-28:73_obj3,ee2d729b5523e6af6fc8190b822139641bc5c1f23bbd91a17a5bb5803b6b6b7e,395,281
training/2025-05-28/objects_parts/73_obj4_centered.png,train,good,0,2025-05-28,normal:2025-05-28:73,normal:2025-05-28:73_obj4,831bdf33224ee6ba74c9cb7c78d4d27114719762de1119a5123b1631cbfd6416,419,173
training/2025-05-28/objects_parts/73_obj5_centered.png,train,good,0,2025-05-28,normal:2025-05-28:73,normal:2025-05-28:73_obj5,4a5daccbd090bb69badbd7f68b985dc13cce2e9e6e566d7da92963c684f5e9cb,1123,413
training/2025-05-28/objects_parts/73_obj6_tile_3084_2335.png,train,good,0,2025-05-28,normal:2025-05-28:73,normal:2025-05-28:73_obj6,d65d0546dd9be9efc6adc513752e9169520e412d7da595e1415679b9d662ff49,1341,987
training/2025-05-28/objects_parts/73_obj6_tile_3276_2335.png,train,good,0,2025-05-28,normal:2025-05-28:73,normal:2025-05-28:73_obj6,757ca772b2d698830918df1e5f100f5b665322cdc053f5fe17f2b5e98f6ca027,705,641
training/2025-05-28/objects_parts/73_obj7_centered.png,train,good,0,2025-05-28,normal:2025-05-28:73,normal:2025-05-28:73_obj7,f5268f28441bdec02fdd720c4a4f22e781b40d89cc2f86427031f9fff717b975,801,538
training/2025-05-28/objects_parts/73_obj8_centered.png,train,good,0,2025-05-28,normal:2025-05-28:73,normal:2025-05-28:73_obj8,49000290200dfa09bcf57ddcd014a044f745406750ebc6c48f6d32b3c8fcbcd6,338,511
training/2025-05-28/objects_parts/73_obj9_centered.png,train,good,0,2025-05-28,normal:2025-05-28:73,normal:2025-05-28:73_obj9,2958acae79bcd1e373b8d3cfd0ade203a0610977fcad1134e42642d1cfad2b03,623,752
training/2025-05-28/objects_parts/74_obj10_tile_3184_1395.png,train,good,0,2025-05-28,normal:2025-05-28:74,normal:2025-05-28:74_obj10,054b521239b62d516aa832d599ecc36b30eaf9d4a64e53d8bc424af60d213483,1471,1200
training/2025-05-28/objects_parts/74_obj10_tile_3184_1587.png,train,good,0,2025-05-28,normal:2025-05-28:74,normal:2025-05-28:74_obj10,6e9eb7c2ad229288d68c8d68d5987cbfca4f3cee9c765fad9d6059104ecef15b,318,666
training/2025-05-28/objects_parts/74_obj10_tile_3376_1395.png,train,good,0,2025-05-28,normal:2025-05-28:74,normal:2025-05-28:74_obj10,0fddc453de3cc14580bbe6ece6306b654845db90f4757a998880016c4399d0f4,1613,1392
training/2025-05-28/objects_parts/74_obj10_tile_3376_1587.png,train,good,0,2025-05-28,normal:2025-05-28:74,normal:2025-05-28:74_obj10,a8c0b04c4111b196cad15a258f3bfbedf82b75ffc06095e4374f4d772ff29f92,1259,994
training/2025-05-28/objects_parts/74_obj11_centered.png,train,good,0,2025-05-28,normal:2025-05-28:74,normal:2025-05-28:74_obj11,d2fcb0deacfc4f7a006e2b0b8cddb7f783d10ff7f3243db59215147a17012d04,1077,352
training/2025-05-28/objects_parts/74_obj13_tile_3132_2201.png,train,good,0,2025-05-28,normal:2025-05-28:74,normal:2025-05-28:74_obj13,7f9999d2860917d00a2b35602ba760d0829cfa123b4ceca773c368e83106d965,1327,879
training/2025-05-28/objects_parts/74_obj13_tile_3324_2201.png,train,good,0,2025-05-28,normal:2025-05-28:74,normal:2025-05-28:74_obj13,88d21ad62746c998584107f35da51a428c4335dd51587cd3054cc405113361b8,615,295
training/2025-05-28/objects_parts/74_obj14_centered.png,train,good,0,2025-05-28,normal:2025-05-28:74,normal:2025-05-28:74_obj14,255775ef1a0836939722e2793ea384edd1a1ad098d7722cc3acce28126b402d5,1213,709
training/2025-05-28/objects_parts/74_obj15_centered.png,train,good,0,2025-05-28,normal:2025-05-28:74,normal:2025-05-28:74_obj15,a209314b323033c84683ef3545535d2911a1fdaebb77be265ad88c42b0e0df62,943,248
training/2025-05-28/objects_parts/74_obj16_tile_2484_1406.png,train,good,0,2025-05-28,normal:2025-05-28:74,normal:2025-05-28:74_obj16,c55d8bdab64f736d29bea1c993d7ba33520b72da36bbefe3a069fb73048ef3a1,1557,1172
training/2025-05-28/objects_parts/74_obj16_tile_2484_1598.png,train,good,0,2025-05-28,normal:2025-05-28:74,normal:2025-05-28:74_obj16,46fc73960f3bd919d1066f10e2b5be9c900e3d6ef93e2245c2db43add10fc8a4,1652,1366
training/2025-05-28/objects_parts/74_obj16_tile_2676_1406.png,train,good,0,2025-05-28,normal:2025-05-28:74,normal:2025-05-28:74_obj16,66b729400513cd43470d358602b6dca2e4d64a65c0f7e9dd8c58135341a9629d,899,561
training/2025-05-28/objects_parts/74_obj16_tile_2676_1598.png,train,good,0,2025-05-28,normal:2025-05-28:74,normal:2025-05-28:74_obj16,427e27bb0da4d442d947b2687fae2eb448053e3a982f45473dce71deae6a4b40,1391,959
training/2025-05-28/objects_parts/74_obj1_centered.png,train,good,0,2025-05-28,normal:2025-05-28:74,normal:2025-05-28:74_obj1,dc44283176844e9e8745ab1e0831737ea41c46e619dcd3ba9c76631004f62eb1,1025,205
training/2025-05-28/objects_parts/74_obj2_centered.png,train,good,0,2025-05-28,normal:2025-05-28:74,normal:2025-05-28:74_obj2,a135f1e3f786d425d717052c594157732546faa8b107c28665c160875b8cc3da,503,350
training/2025-05-28/objects_parts/74_obj3_centered.png,train,good,0,2025-05-28,normal:2025-05-28:74,normal:2025-05-28:74_obj3,e8fd9da7d8b1109189e22aca5e44f4b077c3d3d1997c67b2eddbb0755905f8e7,963,185
training/2025-05-28/objects_parts/74_obj4_centered.png,train,good,0,2025-05-28,normal:2025-05-28:74,normal:2025-05-28:74_obj4,079b96aab8dfa5e1f42801115307e3a5a07b497dba234cd7942f05b8454fb402,765,710
training/2025-05-28/objects_parts/74_obj5_centered.png,train,good,0,2025-05-28,normal:2025-05-28:74,normal:2025-05-28:74_obj5,2072dd97271a8b15a439df5aad642d4212488b39f6c143c6399e661f055b93f0,741,285
training/2025-05-28/objects_parts/74_obj6_tile_3085_2335.png,train,good,0,2025-05-28,normal:2025-05-28:74,normal:2025-05-28:74_obj6,162a6607a4c4b914b63f5264288a4c476dec3c6834068320bc77bbb856c095eb,458,681
training/2025-05-28/objects_parts/74_obj6_tile_3277_2335.png,train,good,0,2025-05-28,normal:2025-05-28:74,normal:2025-05-28:74_obj6,ade80d0b99e64c0eaf85bdd0cddb06a836cf8dea3db72b2ba9e2e346983b943e,1287,999
training/2025-05-28/objects_parts/74_obj7_centered.png,train,good,0,2025-05-28,normal:2025-05-28:74,normal:2025-05-28:74_obj7,93991b546dcb9aebfcf37d3b3d2c1b293e4015070a80a9e7f6288abea0a10699,62,504
training/2025-05-28/objects_parts/74_obj8_centered.png,train,good,0,2025-05-28,normal:2025-05-28:74,normal:2025-05-28:74_obj8,9bedd155871b722f3efc16e3efbd1424590098bf34a7d59cd3b72fec754cd8aa,699,515
training/2025-05-28/objects_parts/74_obj9_centered.png,train,good,0,2025-05-28,normal:2025-05-28:74,normal:2025-05-28:74_obj9,d5d3da14319f0abbc39f311f4f8237e66419f2bd16c1b0dc5381105e78ad0859,937,596
training/2025-05-28/objects_parts/75_obj10_tile_3185_1395.png,train,good,0,2025-05-28,normal:2025-05-28:75,normal:2025-05-28:75_obj10,e84963831fe0b6c503075fd70bef0b9e419b3326fdbee5877ce752eafb3bc00c,1517,1238
training/2025-05-28/objects_parts/75_obj10_tile_3185_1587.png,train,good,0,2025-05-28,normal:2025-05-28:75,normal:2025-05-28:75_obj10,eab07ce717654cabb093d4c81b1dcb5e80ec148f97eb04d433f78f023e95428f,1325,1040
training/2025-05-28/objects_parts/75_obj10_tile_3377_1395.png,train,good,0,2025-05-28,normal:2025-05-28:75,normal:2025-05-28:75_obj10,4df3a3bacbabd1dec96b00054e750ad4684802fb242b8e08261fb93ebe065497,611,796
training/2025-05-28/objects_parts/75_obj10_tile_3377_1587.png,train,good,0,2025-05-28,normal:2025-05-28:75,normal:2025-05-28:75_obj10,24470def5add50a968d4964f61a5fa3390178858cf632a2097ec6488e39f3b0f,1635,1427
training/2025-05-28/objects_parts/75_obj11_centered.png,train,good,0,2025-05-28,normal:2025-05-28:75,normal:2025-05-28:75_obj11,4a8ec2c7fc9db11c6297645818d1a184e637fc55bb4a02b921de5624e2c1826c,949,2
training/2025-05-28/objects_parts/75_obj13_tile_3132_2206.png,train,good,0,2025-05-28,normal:2025-05-28:75,normal:2025-05-28:75_obj13,059b1bd22bad4bf67b685045d1ed45548bca768cb9c0a9782f2eb5fbb43d8529,116,356
training/2025-05-28/objects_parts/75_obj13_tile_3324_2206.png,train,good,0,2025-05-28,normal:2025-05-28:75,normal:2025-05-28:75_obj13,49553e5fe36241c1a49d1a53976cd3ee0b359823568e9e721078fb9afc6902e5,1231,899
training/2025-05-28/objects_parts/75_obj14_centered.png,train,good,0,2025-05-28,normal:2025-05-28:75,normal:2025-05-28:75_obj14,cce1f1f9c17c3030b5bf39a9b2ceb2c1fe069bdaabbc93d9b2541773fb6b6085,1181,450
training/2025-05-28/objects_parts/75_obj15_centered.png,train,good,0,2025-05-28,normal:2025-05-28:75,normal:2025-05-28:75_obj15,0011e994e840acc046680903ed1a3ea9efa56c409d3853df9e239fe4e9b5484d,825,70
training/2025-05-28/objects_parts/75_obj16_tile_2484_1406.png,train,good,0,2025-05-28,normal:2025-05-28:75,normal:2025-05-28:75_obj16,49004b3c10046326f425124b9d70635b4a50ab87174ad5bef7f3ad3cbb7305b4,1537,1132
training/2025-05-28/objects_parts/75_obj16_tile_2484_1598.png,train,good,0,2025-05-28,normal:2025-05-28:75,normal:2025-05-28:75_obj16,34feb45389271869e460538d6477f3c688fc6e5e1b0f2102a48ba00a1274879b,1644,1327
training/2025-05-28/objects_parts/75_obj16_tile_2676_1406.png,train,good,0,2025-05-28,normal:2025-05-28:75,normal:2025-05-28:75_obj16,b3f68964b4b5feeb382c01774aeaaeaa9bdac8d03464537943f1ac4b4b27a3c7,777,402
training/2025-05-28/objects_parts/75_obj16_tile_2676_1598.png,train,good,0,2025-05-28,normal:2025-05-28:75,normal:2025-05-28:75_obj16,09c01faad92ac48ad495ef74934afc5dce3a9b19d4632ee57735abeb924760d5,1353,912
training/2025-05-28/objects_parts/75_obj1_centered.png,train,good,0,2025-05-28,normal:2025-05-28:75,normal:2025-05-28:75_obj1,9a479fc36994116e6101b49693d0a8bc06ba96adcdfc72741eea68c0799eb236,865,223
training/2025-05-28/objects_parts/75_obj2_centered.png,train,good,0,2025-05-28,normal:2025-05-28:75,normal:2025-05-28:75_obj2,1f7de2fc2acf405d5a4692ccc19e87f1d1094d2b2f78a818ffb7098c118f07fb,298,591
training/2025-05-28/objects_parts/75_obj3_centered.png,train,good,0,2025-05-28,normal:2025-05-28:75,normal:2025-05-28:75_obj3,7e7588089e2c54a2c5b1250db7ccc5b64c93904cefaf093a5f7a1dc0339725f5,1105,385
training/2025-05-28/objects_parts/75_obj4_centered.png,train,good,0,2025-05-28,normal:2025-05-28:75,normal:2025-05-28:75_obj4,7a265e3a897bd6e60644a761f30e458cdea0462306b118b2e25c13d79bc89876,1173,740
training/2025-05-28/objects_parts/75_obj5_centered.png,train,good,0,2025-05-28,normal:2025-05-28:75,normal:2025-05-28:75_obj5,d70d8c98a5c3fbcdfb3d8ac867e0d4e8218299e4a086fbd5e9053143eebf32ad,935,274
training/2025-05-28/objects_parts/75_obj6_tile_3085_2335.png,train,good,0,2025-05-28,normal:2025-05-28:75,normal:2025-05-28:75_obj6,11de01abb73782e7624408cc16185b16e468370231ea7e40ce00fd58488a12d7,1393,962
training/2025-05-28/objects_parts/75_obj6_tile_3277_2335.png,train,good,0,2025-05-28,normal:2025-05-28:75,normal:2025-05-28:75_obj6,7b5259f09e9ef5a89025313310e89e2b6be7adfc8e6de7fb526a91a9f20f7527,911,578
training/2025-05-28/objects_parts/75_obj7_centered.png,train,good,0,2025-05-28,normal:2025-05-28:75,normal:2025-05-28:75_obj7,208306b826f78d2868c617be3b1c08c94d8221bdf0786ee7d2bcf0efca1c79a6,787,369
training/2025-05-28/objects_parts/75_obj8_centered.png,train,good,0,2025-05-28,normal:2025-05-28:75,normal:2025-05-28:75_obj8,0fc98723320f4b931eb74f57e4a069d7c65b548d63e286690c504bacead30081,1195,674
training/2025-05-28/objects_parts/75_obj9_centered.png,train,good,0,2025-05-28,normal:2025-05-28:75,normal:2025-05-28:75_obj9,d3b7ccdc86e6b258f08e30b5a77ce1b646b709b3bfba9cfec7747d4f9f9df8ff,440,8
training/2025-05-28/objects_parts/76_obj10_tile_3185_1396.png,train,good,0,2025-05-28,normal:2025-05-28:76,normal:2025-05-28:76_obj10,baf3a828b1bb5e14dbc043cf8f606d57efac5c7f854e8cd85a908b9d1fdc9427,1243,913
training/2025-05-28/objects_parts/76_obj10_tile_3185_1588.png,train,good,0,2025-05-28,normal:2025-05-28:76,normal:2025-05-28:76_obj10,eb4369e7517519543b48ad349459a68b871751bc170fd8c959a41a49efc54b43,1607,1328
training/2025-05-28/objects_parts/76_obj10_tile_3377_1396.png,train,good,0,2025-05-28,normal:2025-05-28:76,normal:2025-05-28:76_obj10,5a49dc9a2e20900cf3aea77fc9e43500c0b7a492a6693d57b934ec522f40a60a,220,405
training/2025-05-28/objects_parts/76_obj10_tile_3377_1588.png,train,good,0,2025-05-28,normal:2025-05-28:76,normal:2025-05-28:76_obj10,16f73098c4b1a7cfb95ea0a708e6f3c297af6acd1d96c5667ea62ff776a1faaa,1461,1133
training/2025-05-28/objects_parts/76_obj11_centered.png,train,good,0,2025-05-28,normal:2025-05-28:76,normal:2025-05-28:76_obj11,da8ff422ffb338f049d31915c7918e1ef8983e062f4e6c8cdbb3ab14f5bbcc36,1155,262
training/2025-05-28/objects_parts/76_obj13_centered.png,train,good,0,2025-05-28,normal:2025-05-28:76,normal:2025-05-28:76_obj13,57c6b47259132ab28ed0d1a0e52a446e55dabf363075d4f5e533069555daf28d,483,624
training/2025-05-28/objects_parts/76_obj14_centered.png,train,good,0,2025-05-28,normal:2025-05-28:76,normal:2025-05-28:76_obj14,b6f7e84d7547408ac82d61475c59cb08af2247602ab4d267cf97219be5338330,579,548
training/2025-05-28/objects_parts/76_obj15_centered.png,train,good,0,2025-05-28,normal:2025-05-28:76,normal:2025-05-28:76_obj15,8cc6ffb30b2b85f834aacb671183f478d6f4d85c79c226fd14bc3f4bf60cad9e,771,705
training/2025-05-28/objects_parts/76_obj16_tile_2484_1406.png,train,good,0,2025-05-28,normal:2025-05-28:76,normal:2025-05-28:76_obj16,734f45a6fbb6979b5bbd5d57dbfc1209976876fe3e27af19463e0ee2fd8090cb,1347,944
training/2025-05-28/objects_parts/76_obj16_tile_2484_1598.png,train,good,0,2025-05-28,normal:2025-05-28:76,normal:2025-05-28:76_obj16,46f11a1524e3590c0caa406ec6258e4ff2f4a838b5d2e27c7cba4da30907ca87,1535,1160
training/2025-05-28/objects_parts/76_obj16_tile_2676_1406.png,train,good,0,2025-05-28,normal:2025-05-28:76,normal:2025-05-28:76_obj16,c0efb283994865c2ae722da9a966daa9b253164f5aec78102b7361735b49186f,1643,1354
training/2025-05-28/objects_parts/76_obj16_tile_2676_1598.png,train,good,0,2025-05-28,normal:2025-05-28:76,normal:2025-05-28:76_obj16,5627b8c53c100b5f7c56b5b7d2b3b385b1bd99224b7611fbd175a97a65cbf501,735,501
training/2025-05-28/objects_parts/76_obj1_centered.png,train,good,0,2025-05-28,normal:2025-05-28:76,normal:2025-05-28:76_obj1,57b7b0b7186c839e357f5000c35d4cb1f0430d52994a3376c3419f5552e27b02,1191,416
training/2025-05-28/objects_parts/76_obj2_centered.png,train,good,0,2025-05-28,normal:2025-05-28:76,normal:2025-05-28:76_obj2,3bc94e67f4ab542efbc219f4935b0767bd8553a3d10894047dc68dde9053ac9e,975,588
training/2025-05-28/objects_parts/76_obj3_centered.png,train,good,0,2025-05-28,normal:2025-05-28:76,normal:2025-05-28:76_obj3,ae5f17ef25c6dd6e6238fdc7b2f53b076e13306831628f0566615ca405472494,909,701
training/2025-05-28/objects_parts/76_obj4_centered.png,train,good,0,2025-05-28,normal:2025-05-28:76,normal:2025-05-28:76_obj4,c42c8e55751e93087920bc526a8bb1b69eb531f8f165cf4a32f1021c12d0c311,140,167
training/2025-05-28/objects_parts/76_obj5_centered.png,train,good,0,2025-05-28,normal:2025-05-28:76,normal:2025-05-28:76_obj5,42fc8fdb1683b427e1b45982738dab2cfbf30c9753da4f04391f5e1d595194a1,795,287
training/2025-05-28/objects_parts/76_obj6_tile_3085_2335.png,train,good,0,2025-05-28,normal:2025-05-28:76,normal:2025-05-28:76_obj6,bce59934dc9dd9daf781b680c6dba51d9f78addfac86f9980b8ccd0b32b3576a,1061,340
training/2025-05-28/objects_parts/76_obj6_tile_3277_2335.png,train,good,0,2025-05-28,normal:2025-05-28:76,normal:2025-05-28:76_obj6,05dfb899a3f690bd1b4f6c7b0b653e8bdd450e55a56cf71ab095324d14861dba,1425,894
training/2025-05-28/objects_parts/76_obj7_centered.png,train,good,0,2025-05-28,normal:2025-05-28:76,normal:2025-05-28:76_obj7,ac7a4dba2318b7c86a9ace47039f1dc552ddcc86d3fb294c217753aeaec4a314,667,228
training/2025-05-28/objects_parts/76_obj8_centered.png,train,good,0,2025-05-28,normal:2025-05-28:76,normal:2025-05-28:76_obj8,4f1c2ed396483c717551f838bd6bdeffe64f33a6f7cd101bf308ebd204febd59,446,563
training/2025-05-28/objects_parts/76_obj9_centered.png,train,good,0,2025-05-28,normal:2025-05-28:76,normal:2025-05-28:76_obj9,902323c684b69f0bf2305f62c078d8d702089ad2540a9f9221e18f6f011be471,933,651
training/2025-05-28/objects_parts/77_obj10_tile_3185_1397.png,train,good,0,2025-05-28,normal:2025-05-28:77,normal:2025-05-28:77_obj10,1d99d17d09c0e80ad5ee9427e4e1454d876b110af6255161cd14ac4e76a4fc3b,1311,851
training/2025-05-28/objects_parts/77_obj10_tile_3185_1589.png,train,good,0,2025-05-28,normal:2025-05-28:77,normal:2025-05-28:77_obj10,45e3771ba23e97ec50577de923c1615edad38b2ba35717521028a469ea3f0a50,561,174
training/2025-05-28/objects_parts/77_obj10_tile_3377_1397.png,train,good,0,2025-05-28,normal:2025-05-28:77,normal:2025-05-28:77_obj10,390bceed85f8be803775f84cd385726ba3c14d24659c2721b12ae6ff396b7397,1630,1279
training/2025-05-28/objects_parts/77_obj10_tile_3377_1589.png,train,good,0,2025-05-28,normal:2025-05-28:77,normal:2025-05-28:77_obj10,7e451746728bafaecbe3550aef9aed6905645675150cbd21bbf5ac39de077302,1507,1081
training/2025-05-28/objects_parts/77_obj11_centered.png,train,good,0,2025-05-28,normal:2025-05-28:77,normal:2025-05-28:77_obj11,c86315d866794f87f9e6bb0336ea6f89c17276ce83f0ffd194894c0ad62ffb41,983,344
training/2025-05-28/objects_parts/77_obj13_tile_3132_2201.png,train,good,0,2025-05-28,normal:2025-05-28:77,normal:2025-05-28:77_obj13,7550870cdc5bf6d29bc95a6044b5fbdd034a7bdbb1c9812b7557d5e16b253a2e,1389,1014
training/2025-05-28/objects_parts/77_obj13_tile_3324_2201.png,train,good,0,2025-05-28,normal:2025-05-28:77,normal:2025-05-28:77_obj13,28b1f6956c3d0024f9e8fd6d1d37b55643393e52e46b2323f17f9f2dc30d989b,897,723
training/2025-05-28/objects_parts/77_obj14_centered.png,train,good,0,2025-05-28,normal:2025-05-28:77,normal:2025-05-28:77_obj14,0f08a446f8860374b93bd446a4bc010163005ebe15d11f69c3f0027d0e5ca536,593,417
training/2025-05-28/objects_parts/77_obj15_centered.png,train,good,0,2025-05-28,normal:2025-05-28:77,normal:2025-05-28:77_obj15,4e55571134a8653764c6f4828622a178d4a5e164d6f4d787d2c6a328fd4c2507,967,81
training/2025-05-28/objects_parts/77_obj16_tile_2485_1406.png,train,good,0,2025-05-28,normal:2025-05-28:77,normal:2025-05-28:77_obj16,b7acfda83ee02ed6fbc087a17ce3c7761b14fc925df2a18fda3e931e98d096da,1610,1255
training/2025-05-28/objects_parts/77_obj16_tile_2485_1598.png,train,good,0,2025-05-28,normal:2025-05-28:77,normal:2025-05-28:77_obj16,6ae5448621a7f15d7fb458866e6a17c1a456a020dd20425a34a6327a617fac23,1253,823
training/2025-05-28/objects_parts/77_obj16_tile_2677_1406.png,train,good,0,2025-05-28,normal:2025-05-28:77,normal:2025-05-28:77_obj16,eae674e5d739557b9a0640c3c604aeb7fe382fe4a589c5ac065d611a59f7a720,302,80
training/2025-05-28/objects_parts/77_obj16_tile_2677_1598.png,train,good,0,2025-05-28,normal:2025-05-28:77,normal:2025-05-28:77_obj16,73a4ac20121f0e1a6495e6bf7b711558dd8f6a4036158899e77383dc0f8292f5,1465,1057
training/2025-05-28/objects_parts/77_obj1_centered.png,train,good,0,2025-05-28,normal:2025-05-28:77,normal:2025-05-28:77_obj1,5c1d0cf8bb51d61dc27a68f4d601e5240bc166f98aa15421b5f37d2de0cf4f97,649,457
training/2025-05-28/objects_parts/77_obj2_centered.png,train,good,0,2025-05-28,normal:2025-05-28:77,normal:2025-05-28:77_obj2,c1bb44de0eba0497ae928f17533f6e141b3ab069c804986ed34c89118a59f32a,98,53
training/2025-05-28/objects_parts/77_obj3_centered.png,train,good,0,2025-05-28,normal:2025-05-28:77,normal:2025-05-28:77_obj3,e70421a7089d1f8af2f605b2a2590548c5870223bc6c34b7aa77b26a56b636f7,971,532
training/2025-05-28/objects_parts/77_obj4_centered.png,train,good,0,2025-05-28,normal:2025-05-28:77,normal:2025-05-28:77_obj4,665b72c63478eb305373e754de88211c45f5e85b5e71d5229a97c3cbcc516c1b,434,718
training/2025-05-28/objects_parts/77_obj5_centered.png,train,good,0,2025-05-28,normal:2025-05-28:77,normal:2025-05-28:77_obj5,4121263ac6c5761467a14aec3b6e25dbfcaeda63f8b8ffb96f2aad09b87aab7c,747,635
training/2025-05-28/objects_parts/77_obj6_tile_3085_2335.png,train,good,0,2025-05-28,normal:2025-05-28:77,normal:2025-05-28:77_obj6,8dc0ee786d561b258ed35af9c5041ab79e8b7d797efb01fa722ec7c2c9961978,1099,669
training/2025-05-28/objects_parts/77_obj6_tile_3277_2335.png,train,good,0,2025-05-28,normal:2025-05-28:77,normal:2025-05-28:77_obj6,c57791594e0a3a377245f71fe64534777a69654c4e3d589e5be555188e910b25,1433,995
training/2025-05-28/objects_parts/77_obj7_centered.png,train,good,0,2025-05-28,normal:2025-05-28:77,normal:2025-05-28:77_obj7,ff08e731082a389dfacf9f2656c7aa11c8009c5694ff6817374214df3289d0cf,428,632
training/2025-05-28/objects_parts/77_obj8_centered.png,train,good,0,2025-05-28,normal:2025-05-28:77,normal:2025-05-28:77_obj8,e45d6543655fb07606f9b9d1f6239ce874476ead4372207bddfccedbec278fec,1079,99
training/2025-05-28/objects_parts/77_obj9_centered.png,train,good,0,2025-05-28,normal:2025-05-28:77,normal:2025-05-28:77_obj9,6e864171fbff38e9c639705c63ed17b60faf31f5c5e66d049e8258502bd6d656,613,122
training/2025-05-28/objects_parts/78_obj10_tile_3186_1397.png,train,good,0,2025-05-28,normal:2025-05-28:78,normal:2025-05-28:78_obj10,ac87549d00e76aa0c3508b5fd15453d118679e857616c4759d37dfd69d34fdd7,1645,1302
training/2025-05-28/objects_parts/78_obj10_tile_3186_1589.png,train,good,0,2025-05-28,normal:2025-05-28:78,normal:2025-05-28:78_obj10,ec755aabbd0898458a1424943e390eb6c0cc311831d56386ba75f6c8449d9ebe,1355,876
training/2025-05-28/objects_parts/78_obj10_tile_3378_1397.png,train,good,0,2025-05-28,normal:2025-05-28:78,normal:2025-05-28:78_obj10,4971bddb9d7f521d796cded9428d58d3b23ff994b7b345eb3c5d36873eb8c6bc,789,261
training/2025-05-28/objects_parts/78_obj10_tile_3378_1589.png,train,good,0,2025-05-28,normal:2025-05-28:78,normal:2025-05-28:78_obj10,3521c4336581255e6733f1192f72042e65e42d3845d8191e84332e91b739be13,1539,1104
training/2025-05-28/objects_parts/78_obj11_centered.png,train,good,0,2025-05-28,normal:2025-05-28:78,normal:2025-05-28:78_obj11,1c74ab95ab64bacb88c8f62fb07caf75b2d7bd498c007d2b447ccdfc659176b2,422,343
training/2025-05-28/objects_parts/78_obj13_tile_3132_2201.png,train,good,0,2025-05-28,normal:2025-05-28:78,normal:2025-05-28:78_obj13,958511ec7c567e77f52b643a8b1ca616f1c009ee506d683d388d0915e4e0c042,1449,930
training/2025-05-28/objects_parts/78_obj13_tile_3324_2201.png,train,good,0,2025-05-28,normal:2025-05-28:78,normal:2025-05-28:78_obj13,a69d8122540c33bb1dbbc4b11c80427bad594eb31b9b217b75954ffc8508b703,1207,453
training/2025-05-28/objects_parts/78_obj14_centered.png,train,good,0,2025-05-28,normal:2025-05-28:78,normal:2025-05-28:78_obj14,18e544170762146f504038ffe7bed688a60c3d76895b570b05920bb8fb5d0fc8,467,790
training/2025-05-28/objects_parts/78_obj15_centered.png,train,good,0,2025-05-28,normal:2025-05-28:78,normal:2025-05-28:78_obj15,026872cd636dbe1cd06b4ad67e37cbae4c6f9253f2ad01b76d1d5a20af4e8def,491,65
training/2025-05-28/objects_parts/78_obj16_tile_2485_1406.png,train,good,0,2025-05-28,normal:2025-05-28:78,normal:2025-05-28:78_obj16,5313abbf7221224001ac403c264fa1ca5b865df666e3730d527f7908bb7705ce,1612,1405
training/2025-05-28/objects_parts/78_obj16_tile_2485_1598.png,train,good,0,2025-05-28,normal:2025-05-28:78,normal:2025-05-28:78_obj16,e0c9b2964b33d79d3fc5dbf0260f6e2a5bf331492a54cd22a3dc3a9698cc04c9,1257,1011
training/2025-05-28/objects_parts/78_obj16_tile_2677_1406.png,train,good,0,2025-05-28,normal:2025-05-28:78,normal:2025-05-28:78_obj16,f4a5354d63820fcc51c4bb336e88a547a41239371029ce2e93503971600077ca,314,717
training/2025-05-28/objects_parts/78_obj16_tile_2677_1598.png,train,good,0,2025-05-28,normal:2025-05-28:78,normal:2025-05-28:78_obj16,8bdac22bd4969cb431fcc57cada2ac832014685ee63a73f5095b36a1484d2fde,1469,1213
training/2025-05-28/objects_parts/78_obj1_centered.png,train,good,0,2025-05-28,normal:2025-05-28:78,normal:2025-05-28:78_obj1,0b384e94c59fec7d58d896fee54c45d2ba76b88c12fdf019df29ad81cbd3f935,977,349
training/2025-05-28/objects_parts/78_obj2_centered.png,train,good,0,2025-05-28,normal:2025-05-28:78,normal:2025-05-28:78_obj2,664e0d476fbc9c2be9e5498015f3be836f3294b2f47dc7403ea94b9ebcc6d766,230,479
training/2025-05-28/objects_parts/78_obj3_centered.png,train,good,0,2025-05-28,normal:2025-05-28:78,normal:2025-05-28:78_obj3,0844919ee8213ba82ed7aa33068db0af2fa1d2e20783a50dae22c12ef091bfcd,282,570
training/2025-05-28/objects_parts/78_obj4_centered.png,train,good,0,2025-05-28,normal:2025-05-28:78,normal:2025-05-28:78_obj4,b5d9873296971904e664396fa158822de22c08d5a063a7d004feeaa00899f8e4,1189,449
training/2025-05-28/objects_parts/78_obj5_centered.png,train,good,0,2025-05-28,normal:2025-05-28:78,normal:2025-05-28:78_obj5,e73ff194d5dc576401651d97df941ffd45b87f788630836d113a61ff10ecb15e,577,297
training/2025-05-28/objects_parts/78_obj6_tile_3085_2335.png,train,good,0,2025-05-28,normal:2025-05-28:78,normal:2025-05-28:78_obj6,1f39cdc30d4aace06c763b7cfbcf09d7ce8ce337b9c0e7cd724800c678b103f0,1369,856
training/2025-05-28/objects_parts/78_obj6_tile_3277_2335.png,train,good,0,2025-05-28,normal:2025-05-28:78,normal:2025-05-28:78_obj6,699fce481f349b750069673696a5ef119c0aac8611f3e9068063952edb636246,841,194
training/2025-05-28/objects_parts/78_obj7_centered.png,train,good,0,2025-05-28,normal:2025-05-28:78,normal:2025-05-28:78_obj7,0776da14936e11e48e2ab1911181fabe2435c56f337cc2348d98ffe7485ad338,1017,160
training/2025-05-28/objects_parts/78_obj8_centered.png,train,good,0,2025-05-28,normal:2025-05-28:78,normal:2025-05-28:78_obj8,a53f78f045bc08737f0384407dff491c35d612d7037185b7fe297aef75b133d6,1075,602
training/2025-05-28/objects_parts/78_obj9_centered.png,train,good,0,2025-05-28,normal:2025-05-28:78,normal:2025-05-28:78_obj9,7d0e5beb584a0e43923885f2fbbf0515aa6c7200a3e008feb8baa992c56a5789,464,254
training/2025-05-28/objects_parts/80_obj10_tile_3186_1401.png,train,good,0,2025-05-28,normal:2025-05-28:80,normal:2025-05-28:80_obj10,223a0bb69d65f661733d05f91ec9d0168d22a7da9e2662d59737def1b3d44574,1513,1066
training/2025-05-28/objects_parts/80_obj10_tile_3186_1593.png,train,good,0,2025-05-28,normal:2025-05-28:80,normal:2025-05-28:80_obj10,065a959441fb32d7671c939968651187569bd47239826c8745c690af55d911b3,1633,1264
training/2025-05-28/objects_parts/80_obj10_tile_3378_1401.png,train,good,0,2025-05-28,normal:2025-05-28:80,normal:2025-05-28:80_obj10,daa4515e565d551cdb2ae5ce25235afd3653e1033dba81594c3eb9f3cec3ce68,1317,833
training/2025-05-28/objects_parts/80_obj10_tile_3378_1593.png,train,good,0,2025-05-28,normal:2025-05-28:80,normal:2025-05-28:80_obj10,3be7e886a16c73671b46736051983ac803089fbdea74a64d8d7143347017a331,581,113
training/2025-05-28/objects_parts/80_obj11_centered.png,train,good,0,2025-05-28,normal:2025-05-28:80,normal:2025-05-28:80_obj11,6d298fec1c99fcfe0b45b2a2a90920c19ea0b5c8f7b5b064630fa24099924c24,368,496
training/2025-05-28/objects_parts/80_obj13_tile_3132_2202.png,train,good,0,2025-05-28,normal:2025-05-28:80,normal:2025-05-28:80_obj13,9c0d40fc99b38ba5b1206a616ace1937ac15a1c36b661f528071b583cf162c2d,1371,1030
training/2025-05-28/objects_parts/80_obj13_tile_3324_2202.png,train,good,0,2025-05-28,normal:2025-05-28:80,normal:2025-05-28:80_obj13,5c3a87d60b76ce74867ce734b7881c31aa8320e734858773184f68623e6ff3c3,843,770
training/2025-05-28/objects_parts/80_obj14_centered.png,train,good,0,2025-05-28,normal:2025-05-28:80,normal:2025-05-28:80_obj14,5f1af76c4065adc2b6c54a8f08074ae6de51d25b2ac9857a4e3ca17c6b26b2a3,452,377
training/2025-05-28/objects_parts/80_obj15_centered.png,train,good,0,2025-05-28,normal:2025-05-28:80,normal:2025-05-28:80_obj15,9ee844b66ecff3901376088d4614d26408513e89df2d50b37ced1699040bf5c6,525,513
training/2025-05-28/objects_parts/80_obj16_tile_2484_1406.png,train,good,0,2025-05-28,normal:2025-05-28:80,normal:2025-05-28:80_obj16,61b3153d58538d3bed73d50869d165ff0ac15f453582d17eaaa5de40e67da45c,1413,812
training/2025-05-28/objects_parts/80_obj16_tile_2484_1598.png,train,good,0,2025-05-28,normal:2025-05-28:80,normal:2025-05-28:80_obj16,5b159adc8c94bccd3faa0fff22ba195b4f92d6722a4e4cbfb2b1b9e9f0621392,1569,1050
training/2025-05-28/objects_parts/80_obj16_tile_2676_1406.png,train,good,0,2025-05-28,normal:2025-05-28:80,normal:2025-05-28:80_obj16,c344ca3bda782ab531ae6e8d914bfd8f9ecb5e74533b3fddff2a20ed6c8ea242,999,35
training/2025-05-28/objects_parts/80_obj16_tile_2676_1598.png,train,good,0,2025-05-28,normal:2025-05-28:80,normal:2025-05-28:80_obj16,a18b1c47001c222a26a9aa5bc096de5ea178266f650031c04fb708e4a9ae46b2,1657,1248
training/2025-05-28/objects_parts/80_obj1_centered.png,train,good,0,2025-05-28,normal:2025-05-28:80,normal:2025-05-28:80_obj1,0bf5a1ff2df081cc1dfed6c55583bbf96cdd5c56a1097691890267cbff48a35d,398,429
training/2025-05-28/objects_parts/80_obj2_centered.png,train,good,0,2025-05-28,normal:2025-05-28:80,normal:2025-05-28:80_obj2,56af0b6f9af162c8f433d176d4ec8c9d4b6e4ea5102b2fbe6a552b35f3f6853c,703,799
training/2025-05-28/objects_parts/80_obj3_centered.png,train,good,0,2025-05-28,normal:2025-05-28:80,normal:2025-05-28:80_obj3,67d59852d6e23132dc018df02e34bab6e4ffd18e11d5a16aefbcaa0092cea23a,1203,543
training/2025-05-28/objects_parts/80_obj4_centered.png,train,good,0,2025-05-28,normal:2025-05-28:80,normal:2025-05-28:80_obj4,75a0344f13642c64245366f80d0e7209f9ac7232eb709147f16a80fcc644eff8,481,242
training/2025-05-28/objects_parts/80_obj5_centered.png,train,good,0,2025-05-28,normal:2025-05-28:80,normal:2025-05-28:80_obj5,fd5b2bccf8ae067a459987e551d0b9ea097e29c474a4439e77cec5342b05b9f6,1215,708
training/2025-05-28/objects_parts/80_obj6_tile_3085_2335.png,train,good,0,2025-05-28,normal:2025-05-28:80,normal:2025-05-28:80_obj6,7a4241daa04bc1caf573e90f3763a216a6ac5e186f6ab9d4b6a8af007fc1c425,979,546
training/2025-05-28/objects_parts/80_obj6_tile_3277_2335.png,train,good,0,2025-05-28,normal:2025-05-28:80,normal:2025-05-28:80_obj6,6a615636c7448a155f32b9feccb0fcfa8f0083247a97cab0a7dd71c2093b1eb4,1409,955
training/2025-05-28/objects_parts/80_obj7_centered.png,train,good,0,2025-05-28,normal:2025-05-28:80,normal:2025-05-28:80_obj7,7a603e2437f959fc60211ac4c91403f3e3fea5023c0fe1b9edbef98ff3974e59,755,106
training/2025-05-28/objects_parts/80_obj8_centered.png,train,good,0,2025-05-28,normal:2025-05-28:80,normal:2025-05-28:80_obj8,99ac09de056343d4a4a16c4a777260c61204ee8ba8e29593e206aff76bd2a1a3,469,95
training/2025-05-28/objects_parts/80_obj9_centered.png,train,good,0,2025-05-28,normal:2025-05-28:80,normal:2025-05-28:80_obj9,fb4a65821f143277be918e3b3ff2b7ddda23e8c97b9f5242d7cfee0011fc06f1,929,69
training/2025-05-28/objects_parts/82_obj10_tile_3187_1417.png,train,good,0,2025-05-28,normal:2025-05-28:82,normal:2025-05-28:82_obj10,d1da28f38f27a94b38bcd7ee4358ced1bff47830349106086a933ee73a62fad0,1387,827
training/2025-05-28/objects_parts/82_obj10_tile_3187_1609.png,train,good,0,2025-05-28,normal:2025-05-28:82,normal:2025-05-28:82_obj10,3f16019cd0b42a22cb7964f06208984587af21836955a3e38af387a66da3b9b1,893,88
training/2025-05-28/objects_parts/82_obj10_tile_3379_1417.png,train,good,0,2025-05-28,normal:2025-05-28:82,normal:2025-05-28:82_obj10,b7466be43c0e6927bed2f719ef5ab50e76823b07004925cd24acd936d3851172,1651,1259
training/2025-05-28/objects_parts/82_obj10_tile_3379_1609.png,train,good,0,2025-05-28,normal:2025-05-28:82,normal:2025-05-28:82_obj10,8af7702e5a56722a12ab9696e76dc55a81bc0e100ebe2c03a4d0232c5eb69808,1555,1061
training/2025-05-28/objects_parts/82_obj11_centered.png,train,good,0,2025-05-28,normal:2025-05-28:82,normal:2025-05-28:82_obj11,9f60cdce1d49ff1bdf6faaca699048601f3c1e6d7144f209fbdb26c62fd8dfbf,891,51
training/2025-05-28/objects_parts/82_obj13_tile_3132_2202.png,train,good,0,2025-05-28,normal:2025-05-28:82,normal:2025-05-28:82_obj13,19d049b7870dd5b4de6fcc717ea058797a8939d107cef80f456caa03606e8af8,1265,964
training/2025-05-28/objects_parts/82_obj13_tile_3324_2202.png,train,good,0,2025-05-28,normal:2025-05-28:82,normal:2025-05-28:82_obj13,fd32b094f0ec1c01f7b30b2659b981e6e8d5e148e2545c617e5474318524dc82,342,581
training/2025-05-28/objects_parts/82_obj14_centered.png,train,good,0,2025-05-28,normal:2025-05-28:82,normal:2025-05-28:82_obj14,459daee12d4da59e65047efa5ebe43559eb0fd1be61a7d706509466e5cbb9f10,981,316
training/2025-05-28/objects_parts/82_obj15_centered.png,train,good,0,2025-05-28,normal:2025-05-28:82,normal:2025-05-28:82_obj15,e031823cac98db836c483c67208fc25e603a3a42e661fee671c17296e98a94e7,657,293
training/2025-05-28/objects_parts/82_obj16_tile_2485_1406.png,train,good,0,2025-05-28,normal:2025-05-28:82,normal:2025-05-28:82_obj16,8012d70f057701a0c8e75d2ee804e07af770d5ea437326b2001ad8c9fa2b7f9c,1011,763
training/2025-05-28/objects_parts/82_obj16_tile_2485_1598.png,train,good,0,2025-05-28,normal:2025-05-28:82,normal:2025-05-28:82_obj16,8592c2df433b1091d0d477ca3beef290ccfdb4a703e92f866bc203be48b26c51,1417,1028
training/2025-05-28/objects_parts/82_obj16_tile_2677_1406.png,train,good,0,2025-05-28,normal:2025-05-28:82,normal:2025-05-28:82_obj16,4b96cba96925c3f1e83fa259ed03c3527a175030dba2c64a54c15839f9139f3f,1573,1228
training/2025-05-28/objects_parts/82_obj16_tile_2677_1598.png,train,good,0,2025-05-28,normal:2025-05-28:82,normal:2025-05-28:82_obj16,4fc5d9db110c1f49366035eb8d942986efb533c357ef6f18cbc7d631383c1128,1659,1418
training/2025-05-28/objects_parts/82_obj1_centered.png,train,good,0,2025-05-28,normal:2025-05-28:82,normal:2025-05-28:82_obj1,bb2dba463a54178d420b660564c8f80da821eea97b09f7ae83a9d85db369847f,1069,259
training/2025-05-28/objects_parts/82_obj2_centered.png,train,good,0,2025-05-28,normal:2025-05-28:82,normal:2025-05-28:82_obj2,2c95b9ea54530c7fb52f2073f28cb6e6cba83efae28a5d469d262b21086e3b57,1083,712
training/2025-05-28/objects_parts/82_obj3_centered.png,train,good,0,2025-05-28,normal:2025-05-28:82,normal:2025-05-28:82_obj3,c1a80b69577efa480bb243c90812de61830407fc7aab7f0eae2b6ace61395b11,569,507
training/2025-05-28/objects_parts/82_obj4_centered.png,train,good,0,2025-05-28,normal:2025-05-28:82,normal:2025-05-28:82_obj4,0949e4f70f76eeb1aef0426c8d7359f276b8fdb824e4f55f9e48f9764e197b09,781,788
training/2025-05-28/objects_parts/82_obj5_centered.png,train,good,0,2025-05-28,normal:2025-05-28:82,normal:2025-05-28:82_obj5,343b30ccd903d313d74ba4500415a092e8a8199479dc0ee10c1a14e4f62d0166,633,149
training/2025-05-28/objects_parts/82_obj6_tile_3085_2335.png,train,good,0,2025-05-28,normal:2025-05-28:82,normal:2025-05-28:82_obj6,66042f635b6b4648f46cc0c0fc6b2ce2f6c64782d5fc01f5a0a2d78861098441,973,771
training/2025-05-28/objects_parts/82_obj6_tile_3277_2143.png,train,good,0,2025-05-28,normal:2025-05-28:82,normal:2025-05-28:82_obj6,0e1d0930a7acc100fea093e386216530d3319a79dcbc174f51ea0bd995922e5f,1565,1229
training/2025-05-28/objects_parts/82_obj6_tile_3277_2335.png,train,good,0,2025-05-28,normal:2025-05-28:82,normal:2025-05-28:82_obj6,77ba1a98693e77188575d4200610c3295095bb11115e6cc22ca26d75b80ef9ee,1407,1031
training/2025-05-28/objects_parts/82_obj7_centered.png,train,good,0,2025-05-28,normal:2025-05-28:82,normal:2025-05-28:82_obj7,1ba94ed07286dcf7a4b91888704fdb9d4154cf8b4e8b026810d7783371bde02f,1085,47
training/2025-05-28/objects_parts/82_obj8_centered.png,train,good,0,2025-05-28,normal:2025-05-28:82,normal:2025-05-28:82_obj8,f77e0d47ff73cb52d5a649d97b27b307300f960025ddc94423ab4fc671949125,80,568
training/2025-05-28/objects_parts/82_obj9_centered.png,train,good,0,2025-05-28,normal:2025-05-28:82,normal:2025-05-28:82_obj9,75ca3bb235893fcb07eb98f9ab66d445c20bbdcfdbdf59305b1a4f092f67b1e8,1133,477
training/2025-05-28/objects_parts/83_obj10_tile_3186_1419.png,train,good,0,2025-05-28,normal:2025-05-28:83,normal:2025-05-28:83_obj10,04878b79b477951d2612e89bcbf1b94830e714f1a03293eedcc87d9f468f1d46,1337,960
training/2025-05-28/objects_parts/83_obj10_tile_3186_1611.png,train,good,0,2025-05-28,normal:2025-05-28:83,normal:2025-05-28:83_obj10,019ca8acaf34306a13ec4c0a1e3b62b1a5528fd76f6cfc5080f1cd8dcec7e181,1527,1173
training/2025-05-28/objects_parts/83_obj10_tile_3378_1419.png,train,good,0,2025-05-28,normal:2025-05-28:83,normal:2025-05-28:83_obj10,a21d9c17c45dd8dee3a5736e83c05bfeddfabf06fe61e385eda85712631d01bc,1639,1367
training/2025-05-28/objects_parts/83_obj10_tile_3378_1611.png,train,good,0,2025-05-28,normal:2025-05-28:83,normal:2025-05-28:83_obj10,360f484cdd8b0b3cb4f38b88706734bb5b635d155ecc17704cbfddcf83996147,675,564
training/2025-05-28/objects_parts/83_obj11_centered.png,train,good,0,2025-05-28,normal:2025-05-28:83,normal:2025-05-28:83_obj11,004e3bac6aee3105a568a9745cbea3937e091c8373f313e00137c1fdf3dc225c,757,746
training/2025-05-28/objects_parts/83_obj13_tile_3132_2201.png,train,good,0,2025-05-28,normal:2025-05-28:83,normal:2025-05-28:83_obj13,9f46d1da0a04d78fc212aebddd79def4371f20fab935caad3641a607a08622af,1301,1004
training/2025-05-28/objects_parts/83_obj13_tile_3324_2201.png,train,good,0,2025-05-28,normal:2025-05-28:83,normal:2025-05-28:83_obj13,d6a086302c03cc2b0e51eba4e102e62b4a1860873f231e6f8cdf3612db3f7585,533,693
training/2025-05-28/objects_parts/83_obj14_centered.png,train,good,0,2025-05-28,normal:2025-05-28:83,normal:2025-05-28:83_obj14,1e34987f36c375df3b9db1d1c59d966e894cff322935a61c68429430ec389bf9,1151,480
training/2025-05-28/objects_parts/83_obj15_centered.png,train,good,0,2025-05-28,normal:2025-05-28:83,normal:2025-05-28:83_obj15,92fd3642aa9aebb271643f0a67ea8a6a7bbbe47f5a8e6563fdf9ae51d8e9049e,479,181
training/2025-05-28/objects_parts/83_obj16_tile_2484_1406.png,train,good,0,2025-05-28,normal:2025-05-28:83,normal:2025-05-28:83_obj16,25c61e1f4a9153724eacd56d38e45dfd70adce5e331c2bb592c1eac1d1c846b4,1505,1195
training/2025-05-28/objects_parts/83_obj16_tile_2484_1598.png,train,good,0,2025-05-28,normal:2025-05-28:83,normal:2025-05-28:83_obj16,92ac043c5a57e3a48ce7ff054f4f45f324b6eaf6f2b1caa04d5cd399fbc9f936,1629,1388
training/2025-05-28/objects_parts/83_obj16_tile_2676_1406.png,train,good,0,2025-05-28,normal:2025-05-28:83,normal:2025-05-28:83_obj16,e607600e3a192f42f0eee0dcc7c515aa3c4632e2ec291e61dec99e3064d5918d,559,642
training/2025-05-28/objects_parts/83_obj16_tile_2676_1598.png,train,good,0,2025-05-28,normal:2025-05-28:83,normal:2025-05-28:83_obj16,2d1461e4daf03af90d353c16b68fddd51ecce3cd6b560705f9a4cc1177014eae,1309,988
training/2025-05-28/objects_parts/83_obj1_centered.png,train,good,0,2025-05-28,normal:2025-05-28:83,normal:2025-05-28:83_obj1,a535e3326631fe2dba3bd3bc150e052c0b5d4a777151e84229737792895b154c,693,521
training/2025-05-28/objects_parts/83_obj2_centered.png,train,good,0,2025-05-28,normal:2025-05-28:83,normal:2025-05-28:83_obj2,faee8b62b802e735d8967c9ee53e310700f8da4b3aac260fba8355ff23d01ce4,1171,44
training/2025-05-28/objects_parts/83_obj3_centered.png,train,good,0,2025-05-28,normal:2025-05-28:83,normal:2025-05-28:83_obj3,b8ad5ca0ea5ce9ba3deb82ff2ec9e67b474b1eb20a88e3c03e6ae324d012f941,531,52
training/2025-05-28/objects_parts/83_obj4_centered.png,train,good,0,2025-05-28,normal:2025-05-28:83,normal:2025-05-28:83_obj4,aa880a94baefca5200f15dbcbe2942d3d602a5cf0d513263d912b3323f9f6bc3,631,355
training/2025-05-28/objects_parts/83_obj5_centered.png,train,good,0,2025-05-28,normal:2025-05-28:83,normal:2025-05-28:83_obj5,c744e945fdd941f4fc1b56f18c169e9580858470428a3947fde493b141b99684,881,104
training/2025-05-28/objects_parts/83_obj6_tile_3084_2335.png,train,good,0,2025-05-28,normal:2025-05-28:83,normal:2025-05-28:83_obj6,d8da0430b5bbe7b1b20590a08368058acaf7f6e09bdf7443e5ba1afb879c73ba,1329,992
training/2025-05-28/objects_parts/83_obj6_tile_3276_2143.png,train,good,0,2025-05-28,normal:2025-05-28:83,normal:2025-05-28:83_obj6,dba03bc2ff5652915ef82eed23d45bd2991dabc6450fd8c3b22418af67049283,637,657
training/2025-05-28/objects_parts/83_obj6_tile_3276_2335.png,train,good,0,2025-05-28,normal:2025-05-28:83,normal:2025-05-28:83_obj6,589fee68a659839c8fc4c9a7a369dfbb040e6efd9eaf5638eb82137294ed393f,1519,1198
training/2025-05-28/objects_parts/83_obj7_centered.png,train,good,0,2025-05-28,normal:2025-05-28:83,normal:2025-05-28:83_obj7,b019cfdcb6caedf1998a004bc676a4a581fe58959c52b1d53b358d2e38bbe469,697,320
training/2025-05-28/objects_parts/83_obj8_centered.png,train,good,0,2025-05-28,normal:2025-05-28:83,normal:2025-05-28:83_obj8,9e009841efed8bfd9a7b9079eca9b050d7a12706c11efd84614f0f26b74d185b,785,725
training/2025-05-28/objects_parts/83_obj9_centered.png,train,good,0,2025-05-28,normal:2025-05-28:83,normal:2025-05-28:83_obj9,30fcc65431e1d9f728f7a09af14fb0143a1969c686021d7eb09f2b0dbdb07714,715,379
training/2025-05-28/objects_parts/84_obj10_tile_3187_1420.png,train,good,0,2025-05-28,normal:2025-05-28:84,normal:2025-05-28:84_obj10,70287bb64b0ca5412b071d5a0f44b1938bbf32b91054533bfa9981c19a000526,1666,1404
training/2025-05-28/objects_parts/84_obj10_tile_3187_1612.png,train,good,0,2025-05-28,normal:2025-05-28:84,normal:2025-05-28:84_obj10,075a1953402e05685d3b445147b3b38a8b400cdbfc0d1c4ec0a8d3302f8a7297,1109,716
training/2025-05-28/objects_parts/84_obj10_tile_3379_1420.png,train,good,0,2025-05-28,normal:2025-05-28:84,normal:2025-05-28:84_obj10,9cd100993a21d0d3adadb9b4abb11e2acb953ae325dab4b4ec71920562751b3b,1587,1212
training/2025-05-28/objects_parts/84_obj10_tile_3379_1612.png,train,good,0,2025-05-28,normal:2025-05-28:84,normal:2025-05-28:84_obj10,b70068300954306c972f99d95a5004b2c30b99b715cd56ef261e380bd1e9d12b,1435,1010
training/2025-05-28/objects_parts/84_obj11_centered.png,train,good,0,2025-05-28,normal:2025-05-28:84,normal:2025-05-28:84_obj11,77f8ec39a1871a0640eba24a7196e10c551aa06105e00b3f639cb64418a99325,274,523
training/2025-05-28/objects_parts/84_obj13_tile_3132_2216.png,train,good,0,2025-05-28,normal:2025-05-28:84,normal:2025-05-28:84_obj13,2c7ed77abc4efb7f35c76912bf7342d0da6b81a31bc3c8edfd646b053dbe56c2,1227,843
training/2025-05-28/objects_parts/84_obj13_tile_3324_2216.png,train,good,0,2025-05-28,normal:2025-05-28:84,normal:2025-05-28:84_obj13,af4b392b23d7a9f70f38812f96454db020990649161c4318cb9ee97851ff201f,74,142
training/2025-05-28/objects_parts/84_obj14_centered.png,train,good,0,2025-05-28,normal:2025-05-28:84,normal:2025-05-28:84_obj14,b64ab4c516dc7900212b92ceb73f408a77cb6db4f299df455b490dfd81ae6d07,389,257
training/2025-05-28/objects_parts/84_obj15_centered.png,train,good,0,2025-05-28,normal:2025-05-28:84,normal:2025-05-28:84_obj15,80b195b2277bfdf6e690a93f8c16ab6a4deeb69f979a2a77177694f87a74ea84,739,403
training/2025-05-28/objects_parts/84_obj16_tile_2485_1406.png,train,good,0,2025-05-28,normal:2025-05-28:84,normal:2025-05-28:84_obj16,7f078ba7d402bdad2d8ca8d1f853e4bbb2a1015ea86e100e540b7e319cc543f1,1271,868
training/2025-05-28/objects_parts/84_obj16_tile_2485_1598.png,train,good,0,2025-05-28,normal:2025-05-28:84,normal:2025-05-28:84_obj16,9877cf103a70c907f806334ec000e4bc43193cb5cbf164494e702e9b46a4f77c,1477,1096
training/2025-05-28/objects_parts/84_obj16_tile_2677_1406.png,train,good,0,2025-05-28,normal:2025-05-28:84,normal:2025-05-28:84_obj16,026b92998be4ccdbe31a34112f5a0439f1054933fd13113ac876ee29d2d0c713,374,231
training/2025-05-28/objects_parts/84_obj16_tile_2677_1598.png,train,good,0,2025-05-28,normal:2025-05-28:84,normal:2025-05-28:84_obj16,8fd2797f43d805bf76ea7d9c82351b25d35ab9c27fb22a389f4d207df286f540,1616,1294
training/2025-05-28/objects_parts/84_obj1_centered.png,train,good,0,2025-05-28,normal:2025-05-28:84,normal:2025-05-28:84_obj1,c6870b8d8b37bfa650f020657028891a67108b9ff229369828d57cb014595052,413,542
training/2025-05-28/objects_parts/84_obj2_centered.png,train,good,0,2025-05-28,normal:2025-05-28:84,normal:2025-05-28:84_obj2,bd9c9b27d4d9f33e5bc29cfb8cf15b8cf40ffeab6bf15af0d3b847ddcaccb691,425,4
training/2025-05-28/objects_parts/84_obj3_centered.png,train,good,0,2025-05-28,normal:2025-05-28:84,normal:2025-05-28:84_obj3,6702d441bb6f2bb8a19c183490672d88cff28ba8b14280820cd798ba87eacb29,407,760
training/2025-05-28/objects_parts/84_obj4_centered.png,train,good,0,2025-05-28,normal:2025-05-28:84,normal:2025-05-28:84_obj4,66e599bafa8023d1b103d2b28f67fbf77f07d74770dce3496e5c1fb9bd1421f6,1097,527
training/2025-05-28/objects_parts/84_obj5_centered.png,train,good,0,2025-05-28,normal:2025-05-28:84,normal:2025-05-28:84_obj5,0322b92d0013de23e1afc03d27d347bd1251fe37159ddb4a1e8541fcd3a7d5d6,200,584
training/2025-05-28/objects_parts/84_obj6_tile_3085_2335.png,train,good,0,2025-05-28,normal:2025-05-28:84,normal:2025-05-28:84_obj6,72437cea268c51ac28e485b9d40d3a190adc571332cfe23a9e13ce184987c01b,1547,1117
training/2025-05-28/objects_parts/84_obj6_tile_3277_2143.png,train,good,0,2025-05-28,normal:2025-05-28:84,normal:2025-05-28:84_obj6,1142b66f625521d693fa149538cadb5037e3d011b2b3e31fa5d8c61082253cdc,1377,893
training/2025-05-28/objects_parts/84_obj6_tile_3277_2335.png,train,good,0,2025-05-28,normal:2025-05-28:84,normal:2025-05-28:84_obj6,ec3807647f15856c1cafffb847853baaea4538f80420e78c1dbb054d52820548,869,337
training/2025-05-28/objects_parts/84_obj7_centered.png,train,good,0,2025-05-28,normal:2025-05-28:84,normal:2025-05-28:84_obj7,c24dba49f12cacd1153b3f5d50b44661f3716efe3acb593938ee3466577dde80,1013,23
training/2025-05-28/objects_parts/84_obj8_centered.png,train,good,0,2025-05-28,normal:2025-05-28:84,normal:2025-05-28:84_obj8,27161aa96094fadd7ffad30ee264fb8a32012ceff475c9ce6878d7c7c5da03c9,354,697
training/2025-05-28/objects_parts/84_obj9_centered.png,train,good,0,2025-05-28,normal:2025-05-28:84,normal:2025-05-28:84_obj9,eb52f6e5afe5edc999558f2ace7b4cd623bf059ecd09b1a48f1f68cadc0d9d2c,410,61
training/2025-05-28/objects_parts/85_obj10_tile_3188_1421.png,train,good,0,2025-05-28,normal:2025-05-28:85,normal:2025-05-28:85_obj10,796933be42dd87a913c9cba9405408132a0771b7a83c0a83d00a2a3937466cf6,1628,1322
training/2025-05-28/objects_parts/85_obj10_tile_3188_1613.png,train,good,0,2025-05-28,normal:2025-05-28:85,normal:2025-05-28:85_obj10,574cc57dc6bbb3211f7f33cb9baa5e4784ccb801b42eda9f2583fa7e37f42d09,551,374
training/2025-05-28/objects_parts/85_obj10_tile_3380_1421.png,train,good,0,2025-05-28,normal:2025-05-28:85,normal:2025-05-28:85_obj10,5054b8fb1bf37d09f76d70a4f7761a0a014614b8695bfec36bea8dd450933b9e,1503,1127
training/2025-05-28/objects_parts/85_obj10_tile_3380_1613.png,train,good,0,2025-05-28,normal:2025-05-28:85,normal:2025-05-28:85_obj10,4c01c8dc7262642a464c9f6a79ab5508aece499c0e6df1155c0c861ef3970f2c,1307,907
training/2025-05-28/objects_parts/85_obj11_centered.png,train,good,0,2025-05-28,normal:2025-05-28:85,normal:2025-05-28:85_obj11,a06302ffa6e69a64328e01359e753794228ebd3787723327fbc54416b595d95f,511,600
training/2025-05-28/objects_parts/85_obj13_tile_3132_2201.png,train,good,0,2025-05-28,normal:2025-05-28:85,normal:2025-05-28:85_obj13,3d2a65d33129251427b0291217b2d4d473679fe528c61769ccd31b92ed35d6e2,104,605
training/2025-05-28/objects_parts/85_obj13_tile_3324_2201.png,train,good,0,2025-05-28,normal:2025-05-28:85,normal:2025-05-28:85_obj13,2fe0745c0052dfc7b82a89c5465ca5b112bffbc6d9121eeab73daf4c90fb486c,1229,972
training/2025-05-28/objects_parts/85_obj14_centered.png,train,good,0,2025-05-28,normal:2025-05-28:85,normal:2025-05-28:85_obj14,f183ef84b858a3ed4edb0e2c19a786830526cc1e3b16d87dcf4a49ed09c376df,903,64
training/2025-05-28/objects_parts/85_obj15_centered.png,train,good,0,2025-05-28,normal:2025-05-28:85,normal:2025-05-28:85_obj15,10ca62d71ce2bff9f64109e21caf89dd8298dd611ceb3234711023bfd9d514c9,1049,424
training/2025-05-28/objects_parts/85_obj16_tile_2485_1406.png,train,good,0,2025-05-28,normal:2025-05-28:85,normal:2025-05-28:85_obj16,fc55dcee7746ecf06268d7275daef6f20a95be49e7e6fab7b0f3a61e26c5019f,1617,1267
training/2025-05-28/objects_parts/85_obj16_tile_2485_1598.png,train,good,0,2025-05-28,normal:2025-05-28:85,normal:2025-05-28:85_obj16,7e2135b9cb73d333e3d2e2f3b24c85d752d3a28306db4a37e5ca5521ce05c627,1273,837
training/2025-05-28/objects_parts/85_obj16_tile_2677_1406.png,train,good,0,2025-05-28,normal:2025-05-28:85,normal:2025-05-28:85_obj16,8c08aee4d51b96abe523a6fb57cd52823aa6b3e68bb9af206f335caede91c1d4,1479,1069
training/2025-05-28/objects_parts/85_obj16_tile_2677_1598.png,train,good,0,2025-05-28,normal:2025-05-28:85,normal:2025-05-28:85_obj16,8ee0c31f07f5f209fb40e2e1426e90de4a86c5ec18f83d52a7e4d8f2746fcf0e,377,124
training/2025-05-28/objects_parts/85_obj1_centered.png,train,good,0,2025-05-28,normal:2025-05-28:85,normal:2025-05-28:85_obj1,ed3b49600af1131ffc59cd44746e2c770e0d0319aa5042bd6f7eabd55802ea41,1073,360
training/2025-05-28/objects_parts/85_obj2_centered.png,train,good,0,2025-05-28,normal:2025-05-28:85,normal:2025-05-28:85_obj2,c8e217ad7593aae2bba52d8019d9223a6bc930cf23ac0418a9389b4eb74f1782,555,107
training/2025-05-28/objects_parts/85_obj3_centered.png,train,good,0,2025-05-28,normal:2025-05-28:85,normal:2025-05-28:85_obj3,785ebf6f278fceff13c83d38648692f22c08d7d921b683ae644a747a9cd571b4,749,243
training/2025-05-28/objects_parts/85_obj4_centered.png,train,good,0,2025-05-28,normal:2025-05-28:85,normal:2025-05-28:85_obj4,0ee54b322b7285659e360419d8431058c52662f1644444bf1015aa8c9e499278,254,196
training/2025-05-28/objects_parts/85_obj5_centered.png,train,good,0,2025-05-28,normal:2025-05-28:85,normal:2025-05-28:85_obj5,c47e4351b8a7a91453fb72ccb90fdcff09084463da0d0893cc3a5aea93af260b,625,375
training/2025-05-28/objects_parts/85_obj6_tile_3085_2335.png,train,good,0,2025-05-28,normal:2025-05-28:85,normal:2025-05-28:85_obj6,359e0f9b6a3ba8740e1bb5a3d669f32410131d1f013bc318f60a5b0f5ede57e9,455,759
training/2025-05-28/objects_parts/85_obj6_tile_3277_2143.png,train,good,0,2025-05-28,normal:2025-05-28:85,normal:2025-05-28:85_obj6,063e05ae3682fd063f67d2a09f0601ebb47146670e500324c6fe26312f168e86,1285,1027
training/2025-05-28/objects_parts/85_obj6_tile_3277_2335.png,train,good,0,2025-05-28,normal:2025-05-28:85,normal:2025-05-28:85_obj6,839bf839bd954c07da4e8c5ac92ac5509338fec54734872404179926eb4a4158,1489,1227
training/2025-05-28/objects_parts/85_obj7_centered.png,train,good,0,2025-05-28,normal:2025-05-28:85,normal:2025-05-28:85_obj7,42a1c2ea4fa39244627e08ee5e503a6dcf703663409c6227893edbe21e51c10d,953,78
training/2025-05-28/objects_parts/85_obj8_centered.png,train,good,0,2025-05-28,normal:2025-05-28:85,normal:2025-05-28:85_obj8,63f314cb48c8fbb5ec12352ae3c4891b152dd5449fca5a976d212358071ff48b,1039,364
training/2025-05-28/objects_parts/85_obj9_centered.png,train,good,0,2025-05-28,normal:2025-05-28:85,normal:2025-05-28:85_obj9,58afe0f07ca08c9c594ecf1cd4665893dd644f226ee5db8669455db9e72b7d93,416,652
training/2025-05-28/objects_parts/88_obj10_tile_3189_1457.png,train,good,0,2025-05-28,normal:2025-05-28:88,normal:2025-05-28:88_obj10,81108ddf47029192c5b3eb15e5711a26590aa405ccdaee333d4bd1e7a8404eac,1487,1047
training/2025-05-28/objects_parts/88_obj10_tile_3189_1649.png,train,good,0,2025-05-28,normal:2025-05-28:88,normal:2025-05-28:88_obj10,7ad7275394cb58f141cec70ff45b95b3d762349f8dcba00f887dace3afacc386,1621,1245
training/2025-05-28/objects_parts/88_obj10_tile_3381_1457.png,train,good,0,2025-05-28,normal:2025-05-28:88,normal:2025-05-28:88_obj10,7ab44156479689f7b925716ba85de96fab76e14932b144de29235aeaaa8a0ef0,1283,808
training/2025-05-28/objects_parts/88_obj10_tile_3381_1649.png,train,good,0,2025-05-28,normal:2025-05-28:88,normal:2025-05-28:88_obj10,7ca0253c41a35802fbec8762b1fe2ffaff17372c564060ab022f62e5ef2c7e39,437,22
training/2025-05-28/objects_parts/90_obj10_tile_3190_1461.png,train,good,0,2025-05-28,normal:2025-05-28:90,normal:2025-05-28:90_obj10,a56608261c9e353a2a8cd8d6f913dcef18726d9ee48a7ca2659af06dd56031d9,1473,1045
training/2025-05-28/objects_parts/90_obj10_tile_3190_1653.png,train,good,0,2025-05-28,normal:2025-05-28:90,normal:2025-05-28:90_obj10,3b7afa2c42cc10d87c21518f17084cdd5d427b09c05c4650e33493a3c37cb162,1261,806
training/2025-05-28/objects_parts/90_obj10_tile_3382_1461.png,train,good,0,2025-05-28,normal:2025-05-28:90,normal:2025-05-28:90_obj10,ffc9460b7921d6a2ff653f6d92293c924ad6720b6724217a6a8e0fabe244a3ec,326,17
training/2025-05-28/objects_parts/90_obj10_tile_3382_1653.png,train,good,0,2025-05-28,normal:2025-05-28:90,normal:2025-05-28:90_obj10,ba864bd53d95ceeabbb107912168378952200131be345dc6916f54be05f8fd23,1614,1243
training/2025-05-28/objects_parts/91_obj10_tile_3190_1463.png,train,good,0,2025-05-28,normal:2025-05-28:91,normal:2025-05-28:91_obj10,005f98b509fcb8022d356c592f42bc83dafca4556aaa82a32ffb93116759f78b,1599,1315
training/2025-05-28/objects_parts/91_obj10_tile_3190_1655.png,train,good,0,2025-05-28,normal:2025-05-28:91,normal:2025-05-28:91_obj10,03701eb1adf7903e082c4e95e5fdc9fc596ad172b0aab15471d6d9aa41300f66,128,351
training/2025-05-28/objects_parts/91_obj10_tile_3382_1463.png,train,good,0,2025-05-28,normal:2025-05-28:91,normal:2025-05-28:91_obj10,35cb21516d166353d65d525ccc3ad63281efd3b78ab505b6441ef23fddfbb119,1453,1119
training/2025-05-28/objects_parts/91_obj10_tile_3382_1655.png,train,good,0,2025-05-28,normal:2025-05-28:91,normal:2025-05-28:91_obj10,e99482850f299061063d3c962a2e81d34ec1f0953aa2166683015c3a0af051db,1235,897
training/2025-05-28/objects_parts/92_obj10_tile_3191_1465.png,train,good,0,2025-05-28,normal:2025-05-28:92,normal:2025-05-28:92_obj10,a1e89576f144410b4d2bb828ce3be15bbc7a629049237978a072c4610fc3ad52,1670,1384
training/2025-05-28/objects_parts/92_obj10_tile_3191_1657.png,train,good,0,2025-05-28,normal:2025-05-28:92,normal:2025-05-28:92_obj10,65f324336775d23b49de0e10c89495a282c0a2bcefb7762de15f03c07d9a1bdb,1447,981
training/2025-05-28/objects_parts/92_obj10_tile_3383_1465.png,train,good,0,2025-05-28,normal:2025-05-28:92,normal:2025-05-28:92_obj10,6642fac3b4ad49fa7478b292fd0a28768516faedb5cec5e87d739c1d27726b7e,1595,1190
training/2025-05-28/objects_parts/92_obj10_tile_3383_1657.png,train,good,0,2025-05-28,normal:2025-05-28:92,normal:2025-05-28:92_obj10,addb3743cc28e7c2de965cd915b8734e6b102568c44203fa70d59ed6b58acfdf,1179,629
training/2025-05-28/objects_parts/93_obj10_tile_3192_1467.png,train,good,0,2025-05-28,normal:2025-05-28:93,normal:2025-05-28:93_obj10,240e74a720e5585dda68e583a0e8ec85c54253aa536e077b324de3c0be200514,1455,1101
training/2025-05-28/objects_parts/93_obj10_tile_3192_1659.png,train,good,0,2025-05-28,normal:2025-05-28:93,normal:2025-05-28:93_obj10,b71ea982859c17ae2f80823a301c4e98eedf81ec7b96e7fee08b492916606fa9,1601,1299
training/2025-05-28/objects_parts/93_obj10_tile_3384_1467.png,train,good,0,2025-05-28,normal:2025-05-28:93,normal:2025-05-28:93_obj10,c49c676a1f02e0f1ed866ec35774b26907aac1acf3ec633c6f3dc98bcfa7cab3,1237,873
training/2025-05-28/objects_parts/93_obj10_tile_3384_1659.png,train,good,0,2025-05-28,normal:2025-05-28:93,normal:2025-05-28:93_obj10,02eacc0b6ff84a3fc89876103ebdff3347a82ae09ab9a4051422496ecb015578,175,247
training/2025-05-28/objects_parts/95_obj10_tile_3194_1471.png,train,good,0,2025-05-28,normal:2025-05-28:95,normal:2025-05-28:95_obj10,bdab023d7527f6683ad7453d623848405e00ac60606950ee4cb63b8bd62b4abd,1419,1034
training/2025-05-28/objects_parts/95_obj10_tile_3194_1663.png,train,good,0,2025-05-28,normal:2025-05-28:95,normal:2025-05-28:95_obj10,b1672b4730cbde23f36b4343c6efec15ea6e9cf901c3045a45cb97ac7b77d666,1575,1232
training/2025-05-28/objects_parts/95_obj10_tile_3386_1471.png,train,good,0,2025-05-28,normal:2025-05-28:95,normal:2025-05-28:95_obj10,dff09c3beec35e55257c7c651fa9b218e94f7c745970a4aafcb773470c736779,1023,774
training/2025-05-28/objects_parts/95_obj10_tile_3386_1663.png,train,good,0,2025-05-28,normal:2025-05-28:95,normal:2025-05-28:95_obj10,b867308cc5d896cd5b60565e1dce792aab0c8301980a60ca0e4c9ec8850a6e4c,1660,1421
training/2025-05-28/objects_parts/96_obj10_centered.png,train,good,0,2025-05-28,normal:2025-05-28:96,normal:2025-05-28:96_obj10,a29f68086717e9871885b4ec0917948194b5fcf36864e1ee09de14acea7f9556,371,464
training/2025-05-28/objects_parts/97_obj10_centered.png,train,good,0,2025-05-28,normal:2025-05-28:97,normal:2025-05-28:97_obj10,415a502eae334bbac40b38b96ed8bf454b06dc2ac2b5a9d9b90cfe7145259612,827,29
training/2025-05-28/objects_parts/98_obj10_centered.png,train,good,0,2025-05-28,normal:2025-05-28:98,normal:2025-05-28:98_obj10,a50de7b748a9bde007dec812e9fc9e512c8de809b289e44e92163732f5033447,1031,556
training/2025-05-28/objects_parts/99_obj10_centered.png,train,good,0,2025-05-28,normal:2025-05-28:99,normal:2025-05-28:99_obj10,7b42de1e718270cef717fca64253145b0c0289dd635aaa5cf759070a2d81e09c,1157,528
