path,split,class_name,label,source_date,source_group,object_group,sha256
anomalies/objects_parts/2025-08-06_11-33-04_L0412_1_tile_1728_2304.png,calibration,anomalies,1,2025-08-06_11-33-04,anomaly:2025-08-06_11-33-04_L0412_1,anomaly:2025-08-06_11-33-04_L0412_1,034050eb73adac3c40a8503442f24749cd0bfeba5663d00e8f8639d8bf3f7d9d
anomalies/objects_parts/2025-08-06_11-33-04_L0412_1_tile_1920_2304.png,calibration,anomalies,1,2025-08-06_11-33-04,anomaly:2025-08-06_11-33-04_L0412_1,anomaly:2025-08-06_11-33-04_L0412_1,0f3f59f997df02ffa6abd05d439ae0166ec9aebd09d7275a31f69fa8dfad4c00
anomalies/objects_parts/2025-08-08_14-09-52_L0128_1_tile_1728_1728.png,calibration,anomalies,1,2025-08-08_14-09-52,anomaly:2025-08-08_14-09-52_L0128_1,anomaly:2025-08-08_14-09-52_L0128_1,2dfb153eea8f53de2d4a4569f36529a5791d7fa37bf402dc3dbcf7d245bf7375
anomalies/objects_parts/2025-08-08_14-09-52_L0128_1_tile_1728_2304.png,calibration,anomalies,1,2025-08-08_14-09-52,anomaly:2025-08-08_14-09-52_L0128_1,anomaly:2025-08-08_14-09-52_L0128_1,4ccb4a0bc55ea02bdf2e5673fcde9c208294625362cc58265160bfaabf3176ed
anomalies/objects_parts/2025-08-08_14-09-52_L0128_1_tile_1728_960.png,calibration,anomalies,1,2025-08-08_14-09-52,anomaly:2025-08-08_14-09-52_L0128_1,anomaly:2025-08-08_14-09-52_L0128_1,19bb2a9d4185ccd23e2bbe85db3b652d522ddf48e330ee24a59871d4214870c7
anomalies/objects_parts/2025-08-08_14-09-52_L0128_1_tile_1920_1536.png,calibration,anomalies,1,2025-08-08_14-09-52,anomaly:2025-08-08_14-09-52_L0128_1,anomaly:2025-08-08_14-09-52_L0128_1,041e85aa5d9348deead4f3f4333a03e3049bdab66c94e728293960b9d4b953ba
anomalies/objects_parts/2025-08-08_14-09-52_L0128_1_tile_1920_1728.png,calibration,anomalies,1,2025-08-08_14-09-52,anomaly:2025-08-08_14-09-52_L0128_1,anomaly:2025-08-08_14-09-52_L0128_1,48debaaadd998f60796d284d8d4feba03d83ad456714bbfa68503aa3deadc7f6
anomalies/objects_parts/2025-08-08_14-09-52_L0128_1_tile_1920_960.png,calibration,anomalies,1,2025-08-08_14-09-52,anomaly:2025-08-08_14-09-52_L0128_1,anomaly:2025-08-08_14-09-52_L0128_1,85276bf3127b642de008deb63e0947a265ae088ad5fb73a6f8af806e1a86dbbb
anomalies/objects_parts/2025-08-08_14-09-52_L0128_1_tile_2496_1728.png,calibration,anomalies,1,2025-08-08_14-09-52,anomaly:2025-08-08_14-09-52_L0128_1,anomaly:2025-08-08_14-09-52_L0128_1,46a95adb9856b564d360f3d863ff2e3c7ace8d873c64b415df5aaf08082d02d7
anomalies/objects_parts/2025-08-08_14-09-52_L0128_1_tile_2496_2304.png,calibration,anomalies,1,2025-08-08_14-09-52,anomaly:2025-08-08_14-09-52_L0128_1,anomaly:2025-08-08_14-09-52_L0128_1,4b8151857cb1570d7d5e3f345815f3da496599c70bc5758f573928591c4a8c4c
anomalies/objects_parts/2025-08-08_14-09-52_L0128_1_tile_2496_960.png,calibration,anomalies,1,2025-08-08_14-09-52,anomaly:2025-08-08_14-09-52_L0128_1,anomaly:2025-08-08_14-09-52_L0128_1,e1083e55f948922d2c4a516b561d5e2c23ca87654fdccf62ae38c0e97137ba3e
anomalies/objects_parts/2025-08-08_14-09-52_L0128_1_tile_2688_2304.png,calibration,anomalies,1,2025-08-08_14-09-52,anomaly:2025-08-08_14-09-52_L0128_1,anomaly:2025-08-08_14-09-52_L0128_1,dc0a6088395912f23a86c308835c5fab53fbc894afed82d8c925011fa280953e
anomalies/objects_parts/2025-08-08_14-09-52_L0128_1_tile_3264_1728.png,calibration,anomalies,1,2025-08-08_14-09-52,anomaly:2025-08-08_14-09-52_L0128_1,anomaly:2025-08-08_14-09-52_L0128_1,e4213aa65aa03a784157736c6e9184bb25712cbdf4d1b2c97ac229cb6df1bc00
anomalies/objects_parts/2025-09-10_15-20-02_L0122_1_tile_2880_2112.png,calibration,anomalies,1,2025-09-10_15-20-02,anomaly:2025-09-10_15-20-02_L0122_1,anomaly:2025-09-10_15-20-02_L0122_1,e74ded2ece9a83843bc7993d80343c66ea96b7462e5d3b11f80ec5c6c716b82b
anomalies/objects_parts/2025-09-10_15-20-02_L0122_1_tile_3072_1920.png,calibration,anomalies,1,2025-09-10_15-20-02,anomaly:2025-09-10_15-20-02_L0122_1,anomaly:2025-09-10_15-20-02_L0122_1,255e9d1b66d3463f01745dc2c5f5137004fbc1d3a57b7c52f6a049606a3f5cd7
anomalies/objects_parts/2025-09-24_14-46-03_L0097_1_tile_1728_960.png,calibration,anomalies,1,2025-09-24_14-46-03,anomaly:2025-09-24_14-46-03_L0097_1,anomaly:2025-09-24_14-46-03_L0097_1,14fcc0ed51d72c9acba36490f4e6711ab5f39d26c20209577ac392030231b6c6
anomalies/objects_parts/2025-09-24_14-46-03_L0097_1_tile_2496_960.png,calibration,anomalies,1,2025-09-24_14-46-03,anomaly:2025-09-24_14-46-03_L0097_1,anomaly:2025-09-24_14-46-03_L0097_1,c4948782f99f48a14c6b12647042eb9bda07946bb6abce17a428f36ada08e8db
anomalies/objects_parts/2025-09-24_15-04-12_L0102_1_tile_1920_1536.png,calibration,anomalies,1,2025-09-24_15-04-12,anomaly:2025-09-24_15-04-12_L0102_1,anomaly:2025-09-24_15-04-12_L0102_1,8dfacbd1983806f4adf2673649d0a58ba505edb7f00ae42f976e01ae8e22c309
anomalies/objects_parts/2025-09-24_15-04-12_L0102_1_tile_1920_960.png,calibration,anomalies,1,2025-09-24_15-04-12,anomaly:2025-09-24_15-04-12_L0102_1,anomaly:2025-09-24_15-04-12_L0102_1,733b7244c5bc3a271a91b6b3423d6414c3f12f7eaa2a40b2c6270c860a213886
anomalies/objects_parts/2025-09-24_15-04-12_L0102_1_tile_2496_960.png,calibration,anomalies,1,2025-09-24_15-04-12,anomaly:2025-09-24_15-04-12_L0102_1,anomaly:2025-09-24_15-04-12_L0102_1,9f952489f544e09b72b5a8ba612b970bccce549eb60a5c3d552f171bce963613
anomalies/objects_parts/2025-09-24_15-04-12_L0102_1_tile_2688_960.png,calibration,anomalies,1,2025-09-24_15-04-12,anomaly:2025-09-24_15-04-12_L0102_1,anomaly:2025-09-24_15-04-12_L0102_1,862f59ae3659d8df08520ddae4b0236bcf48c4c71220b1962bf230407c1da8c4
training/2025-02-07_test/objects_parts/178_obj16_centered.png,calibration,good,0,2025-02-07_test,normal:2025-02-07_test:178,normal:2025-02-07_test:178_obj16,920e6a352ff54d1493bba836e3abf114c39e5a7c155aabf59a00ce3160f0170f
training/2025-02-07_test/objects_parts/178_obj19_centered.png,calibration,good,0,2025-02-07_test,normal:2025-02-07_test:178,normal:2025-02-07_test:178_obj19,4504bfb6e2a8385587700820dec9d16cf1ad063985c200fcc46c51c7f9978e54
training/2025-02-07_test/objects_parts/178_obj32_centered.png,calibration,good,0,2025-02-07_test,normal:2025-02-07_test:178,normal:2025-02-07_test:178_obj32,7496ad5438ed653b4331d08ea4f77e989ef28d90ba75dd649bee982e63a6a2f4
training/2025-02-07_test/objects_parts/178_obj38_centered.png,calibration,good,0,2025-02-07_test,normal:2025-02-07_test:178,normal:2025-02-07_test:178_obj38,3ca5f326de90d1c48b9f91b0948e1b90b1fc1897bae238ebd2499eac9f7a6e25
training/2025-02-07_test/objects_parts/178_obj40_centered.png,calibration,good,0,2025-02-07_test,normal:2025-02-07_test:178,normal:2025-02-07_test:178_obj40,0da90921c9b6be778f2284d4919c2fd3cca74362886dd320f345e1602b546b28
training/2025-02-07_test/objects_parts/178_obj59_centered.png,calibration,good,0,2025-02-07_test,normal:2025-02-07_test:178,normal:2025-02-07_test:178_obj59,186cb762638895ce9bf3728cdc91f4b1e845ef1376f656d8384507aba50282e6
training/2025-02-07_test/objects_parts/178_obj7_centered.png,calibration,good,0,2025-02-07_test,normal:2025-02-07_test:178,normal:2025-02-07_test:178_obj7,0e288e9413dab2d1df3d26e32ae2ce2cbc9f253cb906bd2a7fdb7c4ff616f845
training/2025-02-07_test/objects_parts/178_obj8_centered.png,calibration,good,0,2025-02-07_test,normal:2025-02-07_test:178,normal:2025-02-07_test:178_obj8,6bf11e31dbce63d8a63d65b6bb26fcd89d578491e46215df5ae6567c5c2995d9
training/2025-06-25_test/objects_parts/142_obj11_tile_3239_1714.png,calibration,good,0,2025-06-25_test,normal:2025-06-25_test:142,normal:2025-06-25_test:142_obj11,628bd26b965eb41608c232a7fc3d35858347c2fd648e4738a492167891b8a39f
training/2025-06-25_test/objects_parts/142_obj13_tile_1962_881.png,calibration,good,0,2025-06-25_test,normal:2025-06-25_test:142,normal:2025-06-25_test:142_obj13,85838de2528bdd772962dfc7a658ea6c003f9c1671cd34d3f14415aa5ddd15ba
training/2025-06-25_test/objects_parts/142_obj15_tile_2794_1073.png,calibration,good,0,2025-06-25_test,normal:2025-06-25_test:142,normal:2025-06-25_test:142_obj15,8a61beb66c25c87230c952cc9cb127e32e585cb3d29eccaf116cf83a15b3d3c7
training/2025-06-25_test/objects_parts/142_obj17_tile_3238_1074.png,calibration,good,0,2025-06-25_test,normal:2025-06-25_test:142,normal:2025-06-25_test:142_obj17,242fc3ebda51120845f7a6427fc6f8fc5d2bdd57464dc04affd8f98e66a3d7df
training/2025-06-25_test/objects_parts/142_obj1_tile_2160_2355.png,calibration,good,0,2025-06-25_test,normal:2025-06-25_test:142,normal:2025-06-25_test:142_obj1,2a8a28f9ec7b3366d8f7731c6a5840fbfa54e7ab94d17535d75b61e1b58905d5
training/2025-06-25_test/objects_parts/142_obj5_tile_3430_2163.png,calibration,good,0,2025-06-25_test,normal:2025-06-25_test:142,normal:2025-06-25_test:142_obj5,34ea4825520972129f8faba1c8ca309507e777bbd64a151c0edc496ae8752dfc
training/2025-06-25_test/objects_parts/142_obj7_tile_1770_1714.png,calibration,good,0,2025-06-25_test,normal:2025-06-25_test:142,normal:2025-06-25_test:142_obj7,05ce861c6ca1f3bbba18cce921b74f2a50fb748fdee0f181d9248b674df3c9d4
training/2025-06-25_test/objects_parts/142_obj9_tile_2602_1522.png,calibration,good,0,2025-06-25_test,normal:2025-06-25_test:142,normal:2025-06-25_test:142_obj9,128d5626c7549c106652542b70362b74c2577d29f8e2a9eb1b212af0ff4bb17c
training/2025-06-25_test/objects_parts/231_obj10_tile_2789_1522.png,calibration,good,0,2025-06-25_test,normal:2025-06-25_test:231,normal:2025-06-25_test:231_obj10,43aea83cefb58b7810f46246304c806b59b3aa23312117c5789010ad3b94240b
training/2025-06-25_test/objects_parts/231_obj12_tile_3428_1521.png,calibration,good,0,2025-06-25_test,normal:2025-06-25_test:231,normal:2025-06-25_test:231_obj12,17c1c4c6463b648d444d9059ad03d4d7b6926c2c4fdc761731a459512d7990c7
training/2025-06-25_test/objects_parts/231_obj14_tile_2149_880.png,calibration,good,0,2025-06-25_test,normal:2025-06-25_test:231,normal:2025-06-25_test:231_obj14,79e0b12d524220e1f5423b7de9c8c199c06c0636ebe93cac11199790ff0fb4be
training/2025-06-25_test/objects_parts/231_obj16_tile_2788_880.png,calibration,good,0,2025-06-25_test,normal:2025-06-25_test:231,normal:2025-06-25_test:231_obj16,0ee1c56b9b38a4021d5aa32e7f5693edea86833987d48a709c607b8efb52d5f2
training/2025-06-25_test/objects_parts/231_obj2_tile_2154_2357.png,calibration,good,0,2025-06-25_test,normal:2025-06-25_test:231,normal:2025-06-25_test:231_obj2,ee5f79ef024555463b31c4b805d6b7b77e687099a49692f44cc63a93d02d1632
training/2025-06-25_test/objects_parts/231_obj4_tile_2788_2356.png,calibration,good,0,2025-06-25_test,normal:2025-06-25_test:231,normal:2025-06-25_test:231_obj4,c8c597cca80654e80f46c238a6bdab4bd37623c7be373b716f8b01f1afe8eed7
training/2025-06-25_test/objects_parts/231_obj6_tile_3043_2164.png,calibration,good,0,2025-06-25_test,normal:2025-06-25_test:231,normal:2025-06-25_test:231_obj6,7b013326b26ca47f97985eedc1169cbccc440f00e3553daa1c4e8b669eb52ed8
training/2025-06-25_test/objects_parts/231_obj8_tile_2149_1906.png,calibration,good,0,2025-06-25_test,normal:2025-06-25_test:231,normal:2025-06-25_test:231_obj8,baea58dd8f95a39c219b75b8a1e476733931bf438b3d1bda87ccbd714a69e035
training/2025-06-25_test/objects_parts/33_obj11_tile_3066_1705.png,calibration,good,0,2025-06-25_test,normal:2025-06-25_test:33,normal:2025-06-25_test:33_obj11,613ac33b4ce7e1166179575afe8e484b777568a95794772581794579747fa8e2
training/2025-06-25_test/objects_parts/33_obj13_tile_1786_873.png,calibration,good,0,2025-06-25_test,normal:2025-06-25_test:33,normal:2025-06-25_test:33_obj13,eec6f7790df25182ebdfa86993a4c7b9ebe68041c3610bcd017e069e7a486813
training/2025-06-25_test/objects_parts/33_obj15_tile_2426_872.png,calibration,good,0,2025-06-25_test,normal:2025-06-25_test:33,normal:2025-06-25_test:33_obj15,f843fa43b8e372b01d1de823df960f1276d07ace1a394752cc355db0a8d6d887
training/2025-06-25_test/objects_parts/33_obj17_tile_3450_1063.png,calibration,good,0,2025-06-25_test,normal:2025-06-25_test:33,normal:2025-06-25_test:33_obj17,088cf93a364a98881ea197d1382966cbd9a112424b986aa5ee8dbbe1e221bd21
training/2025-06-25_test/objects_parts/33_obj1_tile_2177_2539.png,calibration,good,0,2025-06-25_test,normal:2025-06-25_test:33,normal:2025-06-25_test:33_obj1,40e84c33ae706c6c6582c5fdb19bded971d8d45e376aeaa98decee658b19ebc6
training/2025-06-25_test/objects_parts/33_obj3_tile_2810_2539.png,calibration,good,0,2025-06-25_test,normal:2025-06-25_test:33,normal:2025-06-25_test:33_obj3,088ff3b5a31414dbde5a16c230d2a3e3b27b635d8db31265346deb05e8e982d4
training/2025-06-25_test/objects_parts/33_obj7_tile_2170_1514.png,calibration,good,0,2025-06-25_test,normal:2025-06-25_test:33,normal:2025-06-25_test:33_obj7,332f63c3c22f91d295a53aa15c5194633d69772e9ec2127f0cb2768e39721236
training/2025-06-25_test/objects_parts/33_obj9_tile_2426_1706.png,calibration,good,0,2025-06-25_test,normal:2025-06-25_test:33,normal:2025-06-25_test:33_obj9,6905b04e183f971a4551728eeb7cc1ce480d118e57ae59f04fb0cb0d90b384f1
training/2025-06-25_test/objects_parts/86_obj11_tile_3065_1896.png,calibration,good,0,2025-06-25_test,normal:2025-06-25_test:86,normal:2025-06-25_test:86_obj11,676e22d9646c79607111320b686dcd24ddce7657063939d7043a8423442f972b
training/2025-06-25_test/objects_parts/86_obj13_tile_1978_1256.png,calibration,good,0,2025-06-25_test,normal:2025-06-25_test:86,normal:2025-06-25_test:86_obj13,9c1191578116177ad5cd466e928fc048f3324c038a526027ac4a2978edf9232a
training/2025-06-25_test/objects_parts/86_obj15_tile_2810_1064.png,calibration,good,0,2025-06-25_test,normal:2025-06-25_test:86,normal:2025-06-25_test:86_obj15,4e7a8fd4e761cd320c08580d02a141ca0b9cd3bad504d39267682d79caa7092d
training/2025-06-25_test/objects_parts/86_obj17_tile_3066_1063.png,calibration,good,0,2025-06-25_test,normal:2025-06-25_test:86,normal:2025-06-25_test:86_obj17,c59d416f82d1e18bd5dbd05afcab7529ba1fd7ff0ca36c8ddd2f75bb3b0827f7
training/2025-06-25_test/objects_parts/86_obj1_tile_2177_2539.png,calibration,good,0,2025-06-25_test,normal:2025-06-25_test:86,normal:2025-06-25_test:86_obj1,44e20360c27216d3a75183277a73a3bba9ac4cb997a670d9f3e3704cc76e0ffc
training/2025-06-25_test/objects_parts/86_obj5_tile_3065_2539.png,calibration,good,0,2025-06-25_test,normal:2025-06-25_test:86,normal:2025-06-25_test:86_obj5,c8058d1a23e9257dc6cd6c63c571f88a9995280f377ffc9a9e58ff3b02b03087
training/2025-06-25_test/objects_parts/86_obj7_tile_2170_1898.png,calibration,good,0,2025-06-25_test,normal:2025-06-25_test:86,normal:2025-06-25_test:86_obj7,4317ca80836f1c8cd83857eb7e807f5c88015d61de18b38081954e6d776cf532
training/2025-06-25_test/objects_parts/86_obj9_tile_2810_1513.png,calibration,good,0,2025-06-25_test,normal:2025-06-25_test:86,normal:2025-06-25_test:86_obj9,d1f65b7099aa14d7b06ec10960d08969ae1f588452f91498f9d708def66a3f69
training/2024-12-16/objects_parts/77_obj2_tile_1863_1241.png,normal_val_loss,good,0,2024-12-16,normal:2024-12-16:77,normal:2024-12-16:77_obj2,e649f78dc4f50de93c2f81559879c664b5c508b95b03a4603694037e38b3fc32
training/2024-12-16/objects_parts/77_obj2_tile_2055_1049.png,normal_val_loss,good,0,2024-12-16,normal:2024-12-16:77,normal:2024-12-16:77_obj2,0a81aca4a5bd8f44442ac73903d8bd8628f1adfb05124b8d59f354de158454d9
training/2024-12-16/objects_parts/77_obj3_tile_2715_2441.png,normal_val_loss,good,0,2024-12-16,normal:2024-12-16:77,normal:2024-12-16:77_obj3,627b3ed1583f86e10b6f800d24c9d8c10379cc123f57bf05938cf9e132ef9b11
training/2024-12-16/objects_parts/77_obj3_tile_2907_2441.png,normal_val_loss,good,0,2024-12-16,normal:2024-12-16:77,normal:2024-12-16:77_obj3,ba456a90f451e5d79fc0c3bfdf8484d41ad009a171894c06225ff6ee5172b3ac
training/2024-12-16/objects_parts/77_obj6_tile_3035_1130.png,normal_val_loss,good,0,2024-12-16,normal:2024-12-16:77,normal:2024-12-16:77_obj6,7d9be21c6911a165d8d24d4602d67d6554bd44a425c73b63e8c911785365890d
training/2024-12-16/objects_parts/77_obj6_tile_3035_938.png,normal_val_loss,good,0,2024-12-16,normal:2024-12-16:77,normal:2024-12-16:77_obj6,428516b56db79e5ad028952231d87e3adf4da49734eeabfe778a278b99980074
training/2025-01-15/objects_parts/208_obj10_centered.png,normal_val_loss,good,0,2025-01-15,normal:2025-01-15:208,normal:2025-01-15:208_obj10,0ab4798dab3c703c8566299a7b53537e3a7d82491058677394458ecb199b1263
training/2025-01-15/objects_parts/208_obj11_centered.png,normal_val_loss,good,0,2025-01-15,normal:2025-01-15:208,normal:2025-01-15:208_obj11,27f56280dba130706e62655574dc6709bb7923a777ef143375709d143c1c7062
training/2025-01-15/objects_parts/208_obj12_centered.png,normal_val_loss,good,0,2025-01-15,normal:2025-01-15:208,normal:2025-01-15:208_obj12,ea2ba14a79e4c0c9eeed05753b0f82d7873b05a2f36d9d7fd7748dbbb95f268c
training/2025-01-15/objects_parts/208_obj13_centered.png,normal_val_loss,good,0,2025-01-15,normal:2025-01-15:208,normal:2025-01-15:208_obj13,3017ad76a28f498b5895b407a786441cfac9208b755654e78c60bd746526a6e0
training/2025-01-15/objects_parts/208_obj14_centered.png,normal_val_loss,good,0,2025-01-15,normal:2025-01-15:208,normal:2025-01-15:208_obj14,5a309f840bd88fb57628ef5c07ca0706340e6582bf879d0906075bfd1db3b2b7
training/2025-01-15/objects_parts/208_obj15_centered.png,normal_val_loss,good,0,2025-01-15,normal:2025-01-15:208,normal:2025-01-15:208_obj15,0d42a62d3e9f8b3f73c88c99fc9b8f75ddb097c22a4fcedf7ceb0db8674ce0e5
training/2025-01-15/objects_parts/208_obj16_centered.png,normal_val_loss,good,0,2025-01-15,normal:2025-01-15:208,normal:2025-01-15:208_obj16,3d0f1553c4a087c60ea9efaa0dae047612a53c64219d2ba1b0ab198e352ddd35
training/2025-01-15/objects_parts/208_obj18_centered.png,normal_val_loss,good,0,2025-01-15,normal:2025-01-15:208,normal:2025-01-15:208_obj18,50a2b744a8854d42b57c0af1586cf40b25b57ae941f39abcedc2012060f4a7a7
training/2025-01-15/objects_parts/208_obj19_centered.png,normal_val_loss,good,0,2025-01-15,normal:2025-01-15:208,normal:2025-01-15:208_obj19,95f4876d9118ca6b173bdb0eb3f888672868b9fdd7864639306cbfb161919390
training/2025-01-15/objects_parts/208_obj20_centered.png,normal_val_loss,good,0,2025-01-15,normal:2025-01-15:208,normal:2025-01-15:208_obj20,f18fd29920d405d85767907b40d3a233b9fbb83d56ecd9ee39519d809de52f42
training/2025-01-15/objects_parts/208_obj21_centered.png,normal_val_loss,good,0,2025-01-15,normal:2025-01-15:208,normal:2025-01-15:208_obj21,d71eaa00f7122e3fc5ccbc200a4d25fd3d6dcc4d8c2764ca2a70edeac29d341b
training/2025-01-15/objects_parts/208_obj26_centered.png,normal_val_loss,good,0,2025-01-15,normal:2025-01-15:208,normal:2025-01-15:208_obj26,044488e7f01fd2aa16ccf6dcfbe3d62d36e96f2e94a6ad380e9bb85f4f93db8f
training/2025-01-15/objects_parts/208_obj2_centered.png,normal_val_loss,good,0,2025-01-15,normal:2025-01-15:208,normal:2025-01-15:208_obj2,80c24cb20b8ccf712a6b33e8fae8d3d418bcd7585b6ece4e165ef36e1cebecdc
training/2025-01-15/objects_parts/208_obj30_centered.png,normal_val_loss,good,0,2025-01-15,normal:2025-01-15:208,normal:2025-01-15:208_obj30,a81c06957834bfdc1715d17437dfd2b09268723d3e41ed5a9c9f3a3da9ce45f4
training/2025-01-15/objects_parts/208_obj31_centered.png,normal_val_loss,good,0,2025-01-15,normal:2025-01-15:208,normal:2025-01-15:208_obj31,6dd68286ceb6de7549248a1ad82f5ae2d2a05171cb58c59a7f8d2c78a9c1dcb1
training/2025-01-15/objects_parts/208_obj3_centered.png,normal_val_loss,good,0,2025-01-15,normal:2025-01-15:208,normal:2025-01-15:208_obj3,721c3dd955813faaa7d69337def6b96ebebe46cdd7563f1992a86e396013612a
training/2025-01-15/objects_parts/208_obj4_centered.png,normal_val_loss,good,0,2025-01-15,normal:2025-01-15:208,normal:2025-01-15:208_obj4,35e30e4ba67bd9af8c1a92ad0a689f8fc1adf824b530a6114d2df9d18e413813
training/2025-01-15/objects_parts/208_obj5_centered.png,normal_val_loss,good,0,2025-01-15,normal:2025-01-15:208,normal:2025-01-15:208_obj5,de4a3550a15cc9fe0a7cf138eeb23d24e81d6e64e3923858e510bde1bb605d17
training/2025-01-15/objects_parts/208_obj6_centered.png,normal_val_loss,good,0,2025-01-15,normal:2025-01-15:208,normal:2025-01-15:208_obj6,3efd4e912387567288c99fc0e70d3d98e88a355a98ee4cd5858af88d6c466db6
training/2025-01-15/objects_parts/208_obj7_centered.png,normal_val_loss,good,0,2025-01-15,normal:2025-01-15:208,normal:2025-01-15:208_obj7,3109d7c9159eeb21fee40cdddd4baaa06c3ee41efac9cd2946fd100440d5e064
training/2025-01-15/objects_parts/208_obj8_centered.png,normal_val_loss,good,0,2025-01-15,normal:2025-01-15:208,normal:2025-01-15:208_obj8,967f632c85068a7fff327b53af26b5c00a640e9095ea3e42f519685845d11286
training/2025-01-15/objects_parts/208_obj9_centered.png,normal_val_loss,good,0,2025-01-15,normal:2025-01-15:208,normal:2025-01-15:208_obj9,908a0808f51d8295a7f007cfd47feb1b652b75a9cbba1f3f55edd348a753f7a5
training/2025-01-29/objects_parts/384_obj20_tile_3284_1162.png,normal_val_loss,good,0,2025-01-29,normal:2025-01-29:384,normal:2025-01-29:384_obj20,df306889f738b9d1c1b1cc6bf6f19f23eee2bcb9ac61fe665ff41d94408bec32
training/2025-01-29/objects_parts/384_obj20_tile_3284_970.png,normal_val_loss,good,0,2025-01-29,normal:2025-01-29:384,normal:2025-01-29:384_obj20,ded67f2c29f2db733637a8b73187f333fd13766279ea8b9de503fee943fe35c1
training/2025-01-29/objects_parts/61_obj1_centered.png,normal_val_loss,good,0,2025-01-29,normal:2025-01-29:61,normal:2025-01-29:61_obj1,bebb036841d6d8aed73510c599bbe0c7189763a0d3d0ccd5fa32863d47cc480d
training/2025-04-02/objects_parts/137_obj5_tile_3165_1717.png,normal_val_loss,good,0,2025-04-02,normal:2025-04-02:137,normal:2025-04-02:137_obj5,fe562f3349f450a467a6b4667668660570717438626105d3847f655489ebaee9
training/2025-04-02/objects_parts/137_obj5_tile_3357_1525.png,normal_val_loss,good,0,2025-04-02,normal:2025-04-02:137,normal:2025-04-02:137_obj5,c3021de0e823477a717936dfe72b202e45f5d7bde50f0bc8b7af57c34b5ad4bf
training/2025-04-02/objects_parts/137_obj6_tile_1966_1763.png,normal_val_loss,good,0,2025-04-02,normal:2025-04-02:137,normal:2025-04-02:137_obj6,6f6c661acb670e90ecc303ea7566f234ea7807e49e04aec400940d0fc4d860e9
training/2025-04-02/objects_parts/137_obj6_tile_1966_2147.png,normal_val_loss,good,0,2025-04-02,normal:2025-04-02:137,normal:2025-04-02:137_obj6,67c522f30d398a3b630feb9a23e4f82142584ac7006c202da43eb2b70bf91ead
training/2025-04-02/objects_parts/137_obj7_tile_2972_2255.png,normal_val_loss,good,0,2025-04-02,normal:2025-04-02:137,normal:2025-04-02:137_obj7,d78a9bcb7add13076125c64a3a54a300da91d6e953cf2541e3449d0971e08478
training/2025-04-02/objects_parts/137_obj7_tile_3356_2255.png,normal_val_loss,good,0,2025-04-02,normal:2025-04-02:137,normal:2025-04-02:137_obj7,16eb3ca8962d98ed0bbe9370834fb6e17f8322693363f295b0ee0502c7f0539b
training/2025-04-02/objects_parts/357_obj5_tile_3164_1510.png,normal_val_loss,good,0,2025-04-02,normal:2025-04-02:357,normal:2025-04-02:357_obj5,93ff754d8d9e0d08ee78c9745af4c927d1bf77b3b71f09e03ea26413d90daba5
training/2025-04-02/objects_parts/357_obj5_tile_3356_1510.png,normal_val_loss,good,0,2025-04-02,normal:2025-04-02:357,normal:2025-04-02:357_obj5,e2ea8c7741452db5d351fc8183ce6a264bbfaf701b4c9d3db8e52f356293b63d
training/2025-04-02/objects_parts/357_obj8_centered.png,normal_val_loss,good,0,2025-04-02,normal:2025-04-02:357,normal:2025-04-02:357_obj8,af20391391fb0ff5fc6134a39b3ce175303c1d26286b7c132d949d41270f801d
training/2025-04-02/objects_parts/457_obj5_tile_3358_1478.png,normal_val_loss,good,0,2025-04-02,normal:2025-04-02:457,normal:2025-04-02:457_obj5,1582a55ab41939571bf44e35f15f045edeaae847ae8d01dbf6d58dad3548ddc7
training/2025-04-02/objects_parts/457_obj5_tile_3358_1670.png,normal_val_loss,good,0,2025-04-02,normal:2025-04-02:457,normal:2025-04-02:457_obj5,4c0eff602d442a65e832d9574b850b8497a3ad0d59086924cd400b6cafe5afed
training/2025-04-02/objects_parts/457_obj8_centered.png,normal_val_loss,good,0,2025-04-02,normal:2025-04-02:457,normal:2025-04-02:457_obj8,d8dee84b6c86d5a46f9b2a154574c895f5f5c44169252a260dd1d177f37cf0d2
training/2025-04-02/objects_parts/459_obj5_tile_3358_1478.png,normal_val_loss,good,0,2025-04-02,normal:2025-04-02:459,normal:2025-04-02:459_obj5,db830ead605f6f213426d3c28d7e59d3fbb9c8072ad792ba4f84b0d420b3449a
training/2025-04-02/objects_parts/459_obj5_tile_3358_1670.png,normal_val_loss,good,0,2025-04-02,normal:2025-04-02:459,normal:2025-04-02:459_obj5,16ed626bfa9add8b985ac6a6b279b7a89968189b74d7f98a905917cd888fe6fb
training/2025-04-02/objects_parts/459_obj8_centered.png,normal_val_loss,good,0,2025-04-02,normal:2025-04-02:459,normal:2025-04-02:459_obj8,3707aad8aa30529ed19c3da9d3c4a7830aaf70bdc64964925ae43b42778d67e7
training/2025-04-02/objects_parts/465_obj5_tile_3359_1476.png,normal_val_loss,good,0,2025-04-02,normal:2025-04-02:465,normal:2025-04-02:465_obj5,b0a81aaed8991abc7e19a97bec27187a9e90a520304694700752c5fbebab6c42
training/2025-04-02/objects_parts/465_obj5_tile_3359_1668.png,normal_val_loss,good,0,2025-04-02,normal:2025-04-02:465,normal:2025-04-02:465_obj5,e85b58278e30323d4ef96cefb370f777d0200fac74978dd6d595435df2c3991c
training/2025-04-02/objects_parts/465_obj8_centered.png,normal_val_loss,good,0,2025-04-02,normal:2025-04-02:465,normal:2025-04-02:465_obj8,a9000bc26fc8d717d8cada90713116a31d908627fe730b3132fd16854d70c8a7
training/2025-04-02/objects_parts/467_obj5_tile_3167_1476.png,normal_val_loss,good,0,2025-04-02,normal:2025-04-02:467,normal:2025-04-02:467_obj5,9185311a8daa7a848b7fc719ad8fed99ed708f03289e97beab75bb03fbd506e9
training/2025-04-02/objects_parts/467_obj5_tile_3167_1668.png,normal_val_loss,good,0,2025-04-02,normal:2025-04-02:467,normal:2025-04-02:467_obj5,8c1376bfa3af5fb1b421f57bae8288200c8a1064fc2d505d50de16bd78fee6f7
training/2025-04-02/objects_parts/467_obj8_centered.png,normal_val_loss,good,0,2025-04-02,normal:2025-04-02:467,normal:2025-04-02:467_obj8,c353f4e9e82d52db4218358107fb86623f50de47139fb17527fa78889e409e06
training/2025-04-02/objects_parts/490_obj5_tile_3193_1671.png,normal_val_loss,good,0,2025-04-02,normal:2025-04-02:490,normal:2025-04-02:490_obj5,8592a63a04b1664298a1cdaa534e05bc96c3dbbad68b55dbbd3ee16b53fe27cc
training/2025-04-02/objects_parts/490_obj5_tile_3385_1671.png,normal_val_loss,good,0,2025-04-02,normal:2025-04-02:490,normal:2025-04-02:490_obj5,f5612f43ae1de34421b2a3c101170c85f7bf94a11549288c5f4128c572184bd4
training/2025-04-02/objects_parts/490_obj8_centered.png,normal_val_loss,good,0,2025-04-02,normal:2025-04-02:490,normal:2025-04-02:490_obj8,f649245b7fb5840d69251de53085b9e2005cbe40e00f1719e5c4da9a19278cb9
training/2025-04-02/objects_parts/532_obj5_tile_3375_1475.png,normal_val_loss,good,0,2025-04-02,normal:2025-04-02:532,normal:2025-04-02:532_obj5,23bd3901b5a7a0ee58823cdddee3f74b19967950bdcc1137c809689d90fc22ba
training/2025-04-02/objects_parts/532_obj5_tile_3375_1667.png,normal_val_loss,good,0,2025-04-02,normal:2025-04-02:532,normal:2025-04-02:532_obj5,4acd114f1ebc1f51b6495e2a16f86667a5fbbcb0875928902333417b450c56e4
training/2025-04-02/objects_parts/532_obj8_centered.png,normal_val_loss,good,0,2025-04-02,normal:2025-04-02:532,normal:2025-04-02:532_obj8,88d38b96e13b5811d3f7ebe1b57eb69af8805d171d46f5a88561868c598d7850
training/2025-04-02/objects_parts/621_obj5_tile_3370_1475.png,normal_val_loss,good,0,2025-04-02,normal:2025-04-02:621,normal:2025-04-02:621_obj5,9fd1dde25f3ef5443fdedc9510150001d4d3e8138b30ee187682634f715e1f9d
training/2025-04-02/objects_parts/621_obj5_tile_3370_1667.png,normal_val_loss,good,0,2025-04-02,normal:2025-04-02:621,normal:2025-04-02:621_obj5,355df50cbcec348443f49f3aa39990f28e9cc5171c11bf0c817bef02f73f4247
training/2025-04-02/objects_parts/621_obj8_centered.png,normal_val_loss,good,0,2025-04-02,normal:2025-04-02:621,normal:2025-04-02:621_obj8,a5e062694a8f0254f019a4a1ee848eb91c9bdd7ef343261f653ba43a40251d4a
training/2025-04-02/objects_parts/627_obj5_tile_3176_1476.png,normal_val_loss,good,0,2025-04-02,normal:2025-04-02:627,normal:2025-04-02:627_obj5,44139bf9563fd38234ba52b744413057be97d8113cc6f8501ff16ac4f38ca45e
training/2025-04-02/objects_parts/627_obj5_tile_3368_1668.png,normal_val_loss,good,0,2025-04-02,normal:2025-04-02:627,normal:2025-04-02:627_obj5,7f6c0f29db6d019dd4c38f0ec0a14ed6ee4ce098f5876003c533316d5ebcbc10
training/2025-04-02/objects_parts/627_obj8_centered.png,normal_val_loss,good,0,2025-04-02,normal:2025-04-02:627,normal:2025-04-02:627_obj8,dfffb2101a2886ae3561fd131513c81283b4dcfc92a34e938b3825547a2c3290
training/2025-04-02/objects_parts/631_obj5_tile_3175_1477.png,normal_val_loss,good,0,2025-04-02,normal:2025-04-02:631,normal:2025-04-02:631_obj5,6fabf5398b0fb23ecb4cc93cb33b18fadeb9b18c22d425fc1d8478b9fb6635d7
training/2025-04-02/objects_parts/631_obj5_tile_3367_1669.png,normal_val_loss,good,0,2025-04-02,normal:2025-04-02:631,normal:2025-04-02:631_obj5,601891bbf72904bdd3d4984e38c8cf6e078e093ebbfb25855ff2bfea1ce51113
training/2025-04-02/objects_parts/631_obj8_centered.png,normal_val_loss,good,0,2025-04-02,normal:2025-04-02:631,normal:2025-04-02:631_obj8,95a7853e4a1c64aae6ffc64d8dce14a2cc26dd0215f35418b453c92d937108b8
training/2025-04-02/objects_parts/634_obj5_tile_3174_1478.png,normal_val_loss,good,0,2025-04-02,normal:2025-04-02:634,normal:2025-04-02:634_obj5,0cbe1b5b6a39c94ad4fbfd0cd04b55fc3576429818609b10366b2fa0af5ac01b
training/2025-04-02/objects_parts/634_obj5_tile_3366_1670.png,normal_val_loss,good,0,2025-04-02,normal:2025-04-02:634,normal:2025-04-02:634_obj5,0253307b2eab4b3232e58a405f8df9223f01b7359bb5d756412344dd0dd319ec
training/2025-04-02/objects_parts/634_obj8_centered.png,normal_val_loss,good,0,2025-04-02,normal:2025-04-02:634,normal:2025-04-02:634_obj8,bb62463fd6375985bfc97a520718971ae47dde7f72373dfdf177e1af76afbe37
training/2025-04-02/objects_parts/716_obj5_tile_3164_1502.png,normal_val_loss,good,0,2025-04-02,normal:2025-04-02:716,normal:2025-04-02:716_obj5,f62c165749a9438dd1dd2c85ca9b4dffbd08c663e8e86c23f23dccfec9233de6
training/2025-04-02/objects_parts/716_obj5_tile_3164_1694.png,normal_val_loss,good,0,2025-04-02,normal:2025-04-02:716,normal:2025-04-02:716_obj5,cf119a537aa3e88f1db1036e1529c7e003d85e357c62dca909fc03016ed2b9c5
training/2025-04-02/objects_parts/716_obj8_centered.png,normal_val_loss,good,0,2025-04-02,normal:2025-04-02:716,normal:2025-04-02:716_obj8,1c7fff5bccb460f6c2ce4cff4a0cdbef0b81a21ea80d528630298c9a4b3f13c3
training/2025-04-02/objects_parts/835_obj5_tile_3181_1522.png,normal_val_loss,good,0,2025-04-02,normal:2025-04-02:835,normal:2025-04-02:835_obj5,af5cc70c37b4a39c159f879479dd6d4d12fcdffd30c4f2a9a9b76c563ab8d07a
training/2025-04-02/objects_parts/835_obj5_tile_3373_1714.png,normal_val_loss,good,0,2025-04-02,normal:2025-04-02:835,normal:2025-04-02:835_obj5,cdb7bb925cffadca9f8d8aef4b98996a470d56a6903319874b64a06dafe3c55e
training/2025-04-02/objects_parts/835_obj8_centered.png,normal_val_loss,good,0,2025-04-02,normal:2025-04-02:835,normal:2025-04-02:835_obj8,941c40b42b3542591674382b8109eb4a5a6208c2edd21aa6f412517e1ee161ec
training/2025-05-26/objects_parts/256_obj1_centered.png,normal_val_loss,good,0,2025-05-26,normal:2025-05-26:256,normal:2025-05-26:256_obj1,7acd0db9594b1ee7f0f93a0c581a39eeb65daa4f2040393a7724bc44aa345be2
training/2025-05-26/objects_parts/256_obj3_centered.png,normal_val_loss,good,0,2025-05-26,normal:2025-05-26:256,normal:2025-05-26:256_obj3,0233652bfe42b3d4ce6f451fdd742385ac7662c8f8e14928257cd28f716db072
training/2025-05-26/objects_parts/260_obj1_centered.png,normal_val_loss,good,0,2025-05-26,normal:2025-05-26:260,normal:2025-05-26:260_obj1,38d254fd763fc8bb2a749dc0c8efe18f26ab737a74e4c560d5dc7d404b9e6b5d
training/2025-05-26/objects_parts/260_obj3_centered.png,normal_val_loss,good,0,2025-05-26,normal:2025-05-26:260,normal:2025-05-26:260_obj3,50b2c98ac5306a67e3b5fe00b47bafb45570c3a0ea3171568418c7d293626545
training/2025-05-26/objects_parts/261_obj1_centered.png,normal_val_loss,good,0,2025-05-26,normal:2025-05-26:261,normal:2025-05-26:261_obj1,88b710ebdbd07edbfc0631f94929c023475c15f84d765a57dda75f35c622b16e
training/2025-05-26/objects_parts/261_obj3_centered.png,normal_val_loss,good,0,2025-05-26,normal:2025-05-26:261,normal:2025-05-26:261_obj3,7d40fca52f34d3548e0344cb636001aec9c4c415dee2ed5bd9ed4498e9648787
training/2025-05-26/objects_parts/61_obj1_centered.png,normal_val_loss,good,0,2025-05-26,normal:2025-05-26:61,normal:2025-05-26:61_obj1,fd244c8372eeef5d65353a10f6513d6bf01d3a1e724f168f1b69704e0c164769
training/2025-05-26/objects_parts/61_obj2_tile_2281_1534.png,normal_val_loss,good,0,2025-05-26,normal:2025-05-26:61,normal:2025-05-26:61_obj2,eac2522d080aa481360505288a2ba3899379ab41eece78ac6d3400f6f0bfdcfb
training/2025-05-26/objects_parts/61_obj3_centered.png,normal_val_loss,good,0,2025-05-26,normal:2025-05-26:61,normal:2025-05-26:61_obj3,e296ac204c6ab4ff270c51abf84eec57faff7afebfaff61cba195b4ba38cce10
training/2025-05-26/objects_parts/63_obj1_centered.png,normal_val_loss,good,0,2025-05-26,normal:2025-05-26:63,normal:2025-05-26:63_obj1,b3be9dd5c81cc7dd2f64735ad15980135261eb07f4ad972ca8392ac17219a87c
training/2025-05-26/objects_parts/63_obj2_tile_2282_1534.png,normal_val_loss,good,0,2025-05-26,normal:2025-05-26:63,normal:2025-05-26:63_obj2,af4eed36ffb810a462bd7c33d6ea64054fc8c6794a39e69e5f95849f1d0c5a8b
training/2025-05-26/objects_parts/63_obj3_centered.png,normal_val_loss,good,0,2025-05-26,normal:2025-05-26:63,normal:2025-05-26:63_obj3,d927adb92973adcd9d44f4756463e8537551df9fe769ed46f30e76749f9dd821
training/2025-05-26/objects_parts/65_obj1_centered.png,normal_val_loss,good,0,2025-05-26,normal:2025-05-26:65,normal:2025-05-26:65_obj1,2f7e59637e54e4000464c7e736e263d59dbfed4f69e9ecf45809bec0e6073bb4
training/2025-05-26/objects_parts/65_obj2_tile_2282_1534.png,normal_val_loss,good,0,2025-05-26,normal:2025-05-26:65,normal:2025-05-26:65_obj2,4a9716a52e2bd0c141e86b6ac08cd30c6905d124a449de1e6f39bed1ab65afa0
training/2025-05-26/objects_parts/65_obj3_centered.png,normal_val_loss,good,0,2025-05-26,normal:2025-05-26:65,normal:2025-05-26:65_obj3,e3c4098f086504a1e23027ddfba54cfa77c5fc453eef4c2f34912801df21064e
training/2025-05-28/objects_parts/104_obj10_centered.png,normal_val_loss,good,0,2025-05-28,normal:2025-05-28:104,normal:2025-05-28:104_obj10,28af10bbba1f873dbc1ebd021ced2ae286b224322a1c5e773c911f6d2079453d
training/2025-05-28/objects_parts/105_obj10_centered.png,normal_val_loss,good,0,2025-05-28,normal:2025-05-28:105,normal:2025-05-28:105_obj10,28dbf5a8435bd3d5fca6bf8c964809a2a021eae5e729812859ec312d8e04a43e
training/2025-05-28/objects_parts/163_obj10_centered.png,normal_val_loss,good,0,2025-05-28,normal:2025-05-28:163,normal:2025-05-28:163_obj10,26d20f39ddba86a2ddc8dfd411c26fdfc7838009edc60e112cff9b706834c9f7
training/2025-05-28/objects_parts/168_obj10_centered.png,normal_val_loss,good,0,2025-05-28,normal:2025-05-28:168,normal:2025-05-28:168_obj10,8bc2765c7274a055047dbcf999fcb8d4f39c5f69eade4a4bcd7199e9dea41556
training/2025-05-28/objects_parts/169_obj10_centered.png,normal_val_loss,good,0,2025-05-28,normal:2025-05-28:169,normal:2025-05-28:169_obj10,4aaca3199dc2fe0d8eaaff73ec9d8f5e8fcaf7f09dc53fbd0b931fee432a15bf
training/2025-05-28/objects_parts/175_obj10_centered.png,normal_val_loss,good,0,2025-05-28,normal:2025-05-28:175,normal:2025-05-28:175_obj10,4bfa141045f871a7bf316a8fe76dc1a3148d9fb23a5e88366c15d35102e0c88d
training/2025-05-28/objects_parts/186_obj10_centered.png,normal_val_loss,good,0,2025-05-28,normal:2025-05-28:186,normal:2025-05-28:186_obj10,8fbb6231acefc9359fbc22269cab1482f3c0eb0872e5bfd1c51e341b71b490f4
training/2025-05-28/objects_parts/190_obj10_centered.png,normal_val_loss,good,0,2025-05-28,normal:2025-05-28:190,normal:2025-05-28:190_obj10,0cae2a6d9b209d5291690c2091258fd8e9af5c9fb2b51ea112ab8c8132350c4d
training/2025-05-28/objects_parts/233_obj10_tile_3210_1649.png,normal_val_loss,good,0,2025-05-28,normal:2025-05-28:233,normal:2025-05-28:233_obj10,bf76be664ac47466276d5359a749bf5d0e40826eaa4a118d26da43dd6c3040a9
training/2025-05-28/objects_parts/252_obj10_tile_3219_1628.png,normal_val_loss,good,0,2025-05-28,normal:2025-05-28:252,normal:2025-05-28:252_obj10,812f9801536fab69b0214f31840be9fb5cacd95809263760b9b458ddcae043a3
training/2025-05-28/objects_parts/278_obj10_centered.png,normal_val_loss,good,0,2025-05-28,normal:2025-05-28:278,normal:2025-05-28:278_obj10,b86991c019b13ecfae1faf0c6a6bf96888a27cad4d8fd3824fbc4e9feb35a92c
training/2025-05-28/objects_parts/310_obj10_centered.png,normal_val_loss,good,0,2025-05-28,normal:2025-05-28:310,normal:2025-05-28:310_obj10,69af428f5c39df9cc804fdc4022df79a288b629b62a5941295f33be7884e06c8
training/2025-05-28/objects_parts/368_obj10_centered.png,normal_val_loss,good,0,2025-05-28,normal:2025-05-28:368,normal:2025-05-28:368_obj10,77d057af5d645a5a9fd1678fa2aca77f76c4914d78cb16345f97070d4859c6a0
training/2025-05-28/objects_parts/368_obj1_centered.png,normal_val_loss,good,0,2025-05-28,normal:2025-05-28:368,normal:2025-05-28:368_obj1,2a6eaccffc3c4f502c1a83a9e8ff1f0e8813a5ed61919e2d27685c2e4e36e027
training/2025-05-28/objects_parts/368_obj4_centered.png,normal_val_loss,good,0,2025-05-28,normal:2025-05-28:368,normal:2025-05-28:368_obj4,30245f7234b934c2541d00674c764efd9a17e1ed685050275f00c6f5a82ea86b
training/2025-05-28/objects_parts/368_obj6_centered.png,normal_val_loss,good,0,2025-05-28,normal:2025-05-28:368,normal:2025-05-28:368_obj6,3ea35260d208615382339212752d4a9554d12bc5bd0d617f52323edf3e354f01
training/2025-05-28/objects_parts/368_obj9_centered.png,normal_val_loss,good,0,2025-05-28,normal:2025-05-28:368,normal:2025-05-28:368_obj9,881e8962e05cd920b538dd382abbb354cfbeb3631e13d487cb8ef77ffd689a79
training/2025-05-28/objects_parts/70_obj10_tile_3184_1393.png,normal_val_loss,good,0,2025-05-28,normal:2025-05-28:70,normal:2025-05-28:70_obj10,fdb4e102a8f006c5750226ab0a92419f39ee0301fdff0c0ee59f99d3437fd606
training/2025-05-28/objects_parts/70_obj11_centered.png,normal_val_loss,good,0,2025-05-28,normal:2025-05-28:70,normal:2025-05-28:70_obj11,f3ce45ed35dd26a906cd6e1b9e686e7cc497c3b6120c1c52b643c9a049ab5ddc
training/2025-05-28/objects_parts/70_obj13_tile_3131_2201.png,normal_val_loss,good,0,2025-05-28,normal:2025-05-28:70,normal:2025-05-28:70_obj13,88a93e5eff1127cdac973b713cff0566777ea590a3d413cf3acb62440de86fbf
training/2025-05-28/objects_parts/70_obj14_centered.png,normal_val_loss,good,0,2025-05-28,normal:2025-05-28:70,normal:2025-05-28:70_obj14,4170ac83279ed0f8eb62313e087568d6110f459c1c8019db7dd5d32d2d7d07c2
training/2025-05-28/objects_parts/70_obj15_centered.png,normal_val_loss,good,0,2025-05-28,normal:2025-05-28:70,normal:2025-05-28:70_obj15,3f2b1e56d07039fe238a578e0e67fe65a8e6749a9bb829c4be9b44b426440e02
training/2025-05-28/objects_parts/70_obj16_tile_2675_1598.png,normal_val_loss,good,0,2025-05-28,normal:2025-05-28:70,normal:2025-05-28:70_obj16,a4b890e3b2dcd0b6710827c5ef6194c3519c3704d2c594c3d275a6945b2c2afe
training/2025-05-28/objects_parts/70_obj1_centered.png,normal_val_loss,good,0,2025-05-28,normal:2025-05-28:70,normal:2025-05-28:70_obj1,a68c5307c75e63ed591fb4f59af7fab543af2211d69b4052901b83c29340281e
training/2025-05-28/objects_parts/70_obj2_centered.png,normal_val_loss,good,0,2025-05-28,normal:2025-05-28:70,normal:2025-05-28:70_obj2,30703ac03d52ac7c70c4461615203e2e7c250c4bde76d12d61473ee53a2655bb
training/2025-05-28/objects_parts/70_obj3_centered.png,normal_val_loss,good,0,2025-05-28,normal:2025-05-28:70,normal:2025-05-28:70_obj3,f0d7a398c1a63acd04b896b8e9637e5631fa803f473840b1e932e833f229aa3d
training/2025-05-28/objects_parts/70_obj4_centered.png,normal_val_loss,good,0,2025-05-28,normal:2025-05-28:70,normal:2025-05-28:70_obj4,bbac001ab97bab9a68596770a79ec1ac71df3b5569e79f3700e8168b2cdfd40b
training/2025-05-28/objects_parts/70_obj6_tile_3084_2335.png,normal_val_loss,good,0,2025-05-28,normal:2025-05-28:70,normal:2025-05-28:70_obj6,f1365237a4c6816af1347a470c95b0ea1c2e18151351babaa0070ba7bcdecd90
training/2025-05-28/objects_parts/70_obj7_centered.png,normal_val_loss,good,0,2025-05-28,normal:2025-05-28:70,normal:2025-05-28:70_obj7,d4d082059831eed5af425c77dfdb11b9d3961e73a0f88a2bc1757b71a63e27fe
training/2025-05-28/objects_parts/70_obj8_centered.png,normal_val_loss,good,0,2025-05-28,normal:2025-05-28:70,normal:2025-05-28:70_obj8,c2642c82052d204b78246ecaca080d78daa0de8c343d9abdb38dff10a5c69dd3
training/2025-05-28/objects_parts/79_obj10_tile_3378_1591.png,normal_val_loss,good,0,2025-05-28,normal:2025-05-28:79,normal:2025-05-28:79_obj10,da856518dcd9c5ec60eaed9f8e0b956368e214cc42e8a9d921440856b428ed8b
training/2025-05-28/objects_parts/79_obj11_centered.png,normal_val_loss,good,0,2025-05-28,normal:2025-05-28:79,normal:2025-05-28:79_obj11,d360798e136e317c9628cc2bc9773e7e3653d512ea06484f5a97d6843b9c5bfa
training/2025-05-28/objects_parts/79_obj13_tile_3325_2201.png,normal_val_loss,good,0,2025-05-28,normal:2025-05-28:79,normal:2025-05-28:79_obj13,d8b25933a174aab71f3cf614c278744ccf30a6ef6aa01ac978bf264cb59d5384
training/2025-05-28/objects_parts/79_obj1_centered.png,normal_val_loss,good,0,2025-05-28,normal:2025-05-28:79,normal:2025-05-28:79_obj1,02a7364f41a46ecd99181e0cccff93d17adc39b6b16a24c8118790210c31275b
training/2025-05-28/objects_parts/79_obj2_centered.png,normal_val_loss,good,0,2025-05-28,normal:2025-05-28:79,normal:2025-05-28:79_obj2,c167c963a83e35671ba6c03ab8c549e5905de24662a6be31e51d991c6db530dd
training/2025-05-28/objects_parts/79_obj3_centered.png,normal_val_loss,good,0,2025-05-28,normal:2025-05-28:79,normal:2025-05-28:79_obj3,d4d5fab7e19092540853cd092645eb5eaad5a18101156723c59c0b235e84ce6e
training/2025-05-28/objects_parts/79_obj4_centered.png,normal_val_loss,good,0,2025-05-28,normal:2025-05-28:79,normal:2025-05-28:79_obj4,f53799ce53db487f62deea5f01d650e939f8ed40e64f58352c1ca58edb2a1605
training/2025-05-28/objects_parts/79_obj5_centered.png,normal_val_loss,good,0,2025-05-28,normal:2025-05-28:79,normal:2025-05-28:79_obj5,734f65ad61d52ecd56b1c0752114caa9c16f530b80709a8973f48a2feef3a744
training/2025-05-28/objects_parts/79_obj6_tile_3277_2335.png,normal_val_loss,good,0,2025-05-28,normal:2025-05-28:79,normal:2025-05-28:79_obj6,c61d389ddff7da8b4457bca28e0511400dda941d702d8bf3bc4a5d7b739eac1a
training/2025-05-28/objects_parts/79_obj7_centered.png,normal_val_loss,good,0,2025-05-28,normal:2025-05-28:79,normal:2025-05-28:79_obj7,b5859ef541e497f4796342b4b91dcb3ff9ad3b8c44b64538d8bfe18f19080d94
training/2025-05-28/objects_parts/79_obj8_centered.png,normal_val_loss,good,0,2025-05-28,normal:2025-05-28:79,normal:2025-05-28:79_obj8,0313671f3cf50847c3ef9991b3732020fde440ef8438d0296ca764f4fa8b4542
training/2025-05-28/objects_parts/81_obj10_tile_3378_1405.png,normal_val_loss,good,0,2025-05-28,normal:2025-05-28:81,normal:2025-05-28:81_obj10,3d0d0bde0b79244317b2f664cd6fd60134a41bd874705618dc995265f06518bf
training/2025-05-28/objects_parts/81_obj11_centered.png,normal_val_loss,good,0,2025-05-28,normal:2025-05-28:81,normal:2025-05-28:81_obj11,17853f3d08a5a65c9cfcb66da334b32bafc739be130ba5b15b0fa798e19ace43
training/2025-05-28/objects_parts/81_obj13_tile_3324_2202.png,normal_val_loss,good,0,2025-05-28,normal:2025-05-28:81,normal:2025-05-28:81_obj13,7da196a5f75345967735d0d1cb90b97dddd15bc870ec1b96227fc931b3618cf1
training/2025-05-28/objects_parts/81_obj14_centered.png,normal_val_loss,good,0,2025-05-28,normal:2025-05-28:81,normal:2025-05-28:81_obj14,5f337e4fbd51938e1c4ae43e4cc902708e2e01f4c8939ff990997cd7afc4403d
training/2025-05-28/objects_parts/81_obj15_centered.png,normal_val_loss,good,0,2025-05-28,normal:2025-05-28:81,normal:2025-05-28:81_obj15,a9c7ec090cfb0c552e7684a20a58585efeea64ddb185b10b3823ec6d5b1b9fad
training/2025-05-28/objects_parts/81_obj16_tile_2676_1406.png,normal_val_loss,good,0,2025-05-28,normal:2025-05-28:81,normal:2025-05-28:81_obj16,ded9fda5f61437eb3bb57d73f55aa6f29addafb738878871fb65c3f38d75073b
training/2025-05-28/objects_parts/81_obj1_centered.png,normal_val_loss,good,0,2025-05-28,normal:2025-05-28:81,normal:2025-05-28:81_obj1,2cffe32ac415fdc20fcae73fff434d204a65e0807218a482dedaf1c28110f5f1
training/2025-05-28/objects_parts/81_obj2_centered.png,normal_val_loss,good,0,2025-05-28,normal:2025-05-28:81,normal:2025-05-28:81_obj2,e083f6b4ef396481311c65c9547c8b4cc49ee80dab84d7627344729058f966f8
training/2025-05-28/objects_parts/81_obj3_centered.png,normal_val_loss,good,0,2025-05-28,normal:2025-05-28:81,normal:2025-05-28:81_obj3,49812ec7405d0e87d6e244bf9fcdfa51991337d580b4c0857a8200ada904dfe3
training/2025-05-28/objects_parts/81_obj5_centered.png,normal_val_loss,good,0,2025-05-28,normal:2025-05-28:81,normal:2025-05-28:81_obj5,4bed4288149b5bdcd56b28b36e56f1790d523858d8ad44331be2c743da6c98bd
training/2025-05-28/objects_parts/81_obj6_tile_3277_2335.png,normal_val_loss,good,0,2025-05-28,normal:2025-05-28:81,normal:2025-05-28:81_obj6,809fc6e51cb885252ce244597c8d7b333a2505514f5c67afa7481350c04211c6
training/2025-05-28/objects_parts/81_obj7_centered.png,normal_val_loss,good,0,2025-05-28,normal:2025-05-28:81,normal:2025-05-28:81_obj7,c1b6c78f2a58d26e5ad9a4e5fb196e71bef13042033b782f120072bfa6414d74
training/2025-05-28/objects_parts/81_obj9_centered.png,normal_val_loss,good,0,2025-05-28,normal:2025-05-28:81,normal:2025-05-28:81_obj9,3f502c3b360bee97e76e00b7d6a60e3b55c5f54a4b1bd34a591bc1a2c5f1a171
training/2025-05-28/objects_parts/86_obj10_tile_3380_1423.png,normal_val_loss,good,0,2025-05-28,normal:2025-05-28:86,normal:2025-05-28:86_obj10,1d179bc75a65914f5d75a3bdc1f9ab6c88586091b588cc7ab0f0b443b4266142
training/2025-05-28/objects_parts/86_obj11_centered.png,normal_val_loss,good,0,2025-05-28,normal:2025-05-28:86,normal:2025-05-28:86_obj11,e60847a31863b407ca4ad2b0f1a3793d8f73de6f5983fa2864851fe522210a48
training/2025-05-28/objects_parts/86_obj13_tile_3325_2202.png,normal_val_loss,good,0,2025-05-28,normal:2025-05-28:86,normal:2025-05-28:86_obj13,300114c95de9854e2b4fdb0f531d2d43b285bf5c7028a21e4331e0710aab2d70
training/2025-05-28/objects_parts/86_obj14_centered.png,normal_val_loss,good,0,2025-05-28,normal:2025-05-28:86,normal:2025-05-28:86_obj14,4e1096634dcb221e17a5ea81d0bce24f24ef5c00f7fd74a67d18af37ddb4c074
training/2025-05-28/objects_parts/86_obj15_centered.png,normal_val_loss,good,0,2025-05-28,normal:2025-05-28:86,normal:2025-05-28:86_obj15,e2b539669bba191d3aef828f7f36325de19b49af1c00709bd73ce701cf957036
training/2025-05-28/objects_parts/86_obj1_centered.png,normal_val_loss,good,0,2025-05-28,normal:2025-05-28:86,normal:2025-05-28:86_obj1,d59dc096e8c3fd5a87b5bea7c1af4cbd7b07acc62acf5dc3b40ae70c89ed664b
training/2025-05-28/objects_parts/86_obj2_centered.png,normal_val_loss,good,0,2025-05-28,normal:2025-05-28:86,normal:2025-05-28:86_obj2,5d7c5ded18cdcd831404afe941689ce7f9d9eaad3051a662836299f696b4253b
training/2025-05-28/objects_parts/86_obj4_centered.png,normal_val_loss,good,0,2025-05-28,normal:2025-05-28:86,normal:2025-05-28:86_obj4,8a39c634e9d99433da359b3c1ebac01188f460ff8f5182218e482d0b10b6787b
training/2025-05-28/objects_parts/86_obj6_tile_3085_2335.png,normal_val_loss,good,0,2025-05-28,normal:2025-05-28:86,normal:2025-05-28:86_obj6,afe71db159a0dc70a343379e61017df76bb7fbf7cc4fd9aa0329be918a764780
training/2025-05-28/objects_parts/86_obj7_centered.png,normal_val_loss,good,0,2025-05-28,normal:2025-05-28:86,normal:2025-05-28:86_obj7,f5264363fad12d1969b21d4bd9cf18ae844a5d0abebb766f85c6e1047c392947
training/2025-05-28/objects_parts/86_obj8_centered.png,normal_val_loss,good,0,2025-05-28,normal:2025-05-28:86,normal:2025-05-28:86_obj8,2e757abfb92f58ef081d605b3399b0ba72baae8070bb2b3eea4a150c5982eb7c
training/2025-05-28/objects_parts/86_obj9_centered.png,normal_val_loss,good,0,2025-05-28,normal:2025-05-28:86,normal:2025-05-28:86_obj9,cb39e87c160ecc52431bfbed97fb37e3e7ac17b054055afdc95753d9dd995e63
training/2025-05-28/objects_parts/87_obj10_tile_3380_1618.png,normal_val_loss,good,0,2025-05-28,normal:2025-05-28:87,normal:2025-05-28:87_obj10,794aa2339bfd8b0a90243c3a4ce10baa3833db63fbea0aa86f3efa88703bf93b
training/2025-05-28/objects_parts/89_obj10_tile_3189_1652.png,normal_val_loss,good,0,2025-05-28,normal:2025-05-28:89,normal:2025-05-28:89_obj10,67ff40517fd08cc62102b7f61b7bbb4194005d86c0183501dff7769b36120553
training/2025-05-28/objects_parts/94_obj10_tile_3384_1469.png,normal_val_loss,good,0,2025-05-28,normal:2025-05-28:94,normal:2025-05-28:94_obj10,a199aa6b484b1ac17797c31fea347ee1015ddc40bbc4e3b85377fdae39a17051
anomalies/objects_parts/2025-08-06_11-40-53_L0420_1_tile_1728_2304.png,test,anomalies,1,2025-08-06_11-40-53,anomaly:2025-08-06_11-40-53_L0420_1,anomaly:2025-08-06_11-40-53_L0420_1,3f5862d06ce56a6952789a7ea170071a88589dea5da6a2482e4d94ddd9aeb004
anomalies/objects_parts/2025-08-08_14-20-39_L0132_1_tile_1728_1152.png,test,anomalies,1,2025-08-08_14-20-39,anomaly:2025-08-08_14-20-39_L0132_1,anomaly:2025-08-08_14-20-39_L0132_1,bd87f7750a0a97c705427f748b3d66a06f9d34d00c445635bda9dd16fac9a999
anomalies/objects_parts/2025-08-08_14-20-39_L0132_1_tile_1728_1728.png,test,anomalies,1,2025-08-08_14-20-39,anomaly:2025-08-08_14-20-39_L0132_1,anomaly:2025-08-08_14-20-39_L0132_1,7b8cf6b5333848a139560ec70cd64adf015b39cbb64f83df4f08b8c8db98109e
anomalies/objects_parts/2025-08-08_14-20-39_L0132_1_tile_1728_2304.png,test,anomalies,1,2025-08-08_14-20-39,anomaly:2025-08-08_14-20-39_L0132_1,anomaly:2025-08-08_14-20-39_L0132_1,e9237ea857f2588eed40e79d37b044d5d1b261b4857c07898d26495d18956594
anomalies/objects_parts/2025-08-08_14-20-39_L0132_1_tile_1728_960.png,test,anomalies,1,2025-08-08_14-20-39,anomaly:2025-08-08_14-20-39_L0132_1,anomaly:2025-08-08_14-20-39_L0132_1,da8cd600a32065a72026eeccdbe32f97f68962bab4a587be901f8718f1a9f853
anomalies/objects_parts/2025-08-08_14-20-39_L0132_1_tile_1920_1152.png,test,anomalies,1,2025-08-08_14-20-39,anomaly:2025-08-08_14-20-39_L0132_1,anomaly:2025-08-08_14-20-39_L0132_1,0de9f09a0f7b8257257fae1961834291f819c30ca9925e42bf9def4e832125cd
anomalies/objects_parts/2025-08-08_14-20-39_L0132_1_tile_1920_1536.png,test,anomalies,1,2025-08-08_14-20-39,anomaly:2025-08-08_14-20-39_L0132_1,anomaly:2025-08-08_14-20-39_L0132_1,853eeeb268ff8b7044905bffddffb0ac5d84560cfc1803c9ec49d86efe70b2b2
anomalies/objects_parts/2025-08-08_14-20-39_L0132_1_tile_1920_2304.png,test,anomalies,1,2025-08-08_14-20-39,anomaly:2025-08-08_14-20-39_L0132_1,anomaly:2025-08-08_14-20-39_L0132_1,b5d7825db26d1475438d53eaee351e5c7282558815c81c1f6aed4c560779251f
anomalies/objects_parts/2025-08-08_14-20-39_L0132_1_tile_1920_2496.png,test,anomalies,1,2025-08-08_14-20-39,anomaly:2025-08-08_14-20-39_L0132_1,anomaly:2025-08-08_14-20-39_L0132_1,a6ccc095b9da091d98c5ffad844d7a4d541de95c90b79896dd8e83af02b16ff6
anomalies/objects_parts/2025-08-08_14-20-39_L0132_1_tile_1920_960.png,test,anomalies,1,2025-08-08_14-20-39,anomaly:2025-08-08_14-20-39_L0132_1,anomaly:2025-08-08_14-20-39_L0132_1,6ee350da56f708c8fb4f810ee9e3fd750aa6efae2684ab6d8cd8a3982b2e5cd6
anomalies/objects_parts/2025-08-08_14-20-39_L0132_1_tile_2304_1152.png,test,anomalies,1,2025-08-08_14-20-39,anomaly:2025-08-08_14-20-39_L0132_1,anomaly:2025-08-08_14-20-39_L0132_1,91dd65546611327d7000632a3ebe95aeee23bc5980ddc1bad645ff14a2d3925c
anomalies/objects_parts/2025-08-08_14-20-39_L0132_1_tile_2496_1152.png,test,anomalies,1,2025-08-08_14-20-39,anomaly:2025-08-08_14-20-39_L0132_1,anomaly:2025-08-08_14-20-39_L0132_1,9c3bb4628ba5cae9e8934cb4273dec5395eac3e71ca487d66b5a52e722126a91
anomalies/objects_parts/2025-08-08_14-20-39_L0132_1_tile_2496_1728.png,test,anomalies,1,2025-08-08_14-20-39,anomaly:2025-08-08_14-20-39_L0132_1,anomaly:2025-08-08_14-20-39_L0132_1,cccc22ad53056127750262280d6226cb2d1ba41a920c4bf31f6183a4ac1d1172
anomalies/objects_parts/2025-08-08_14-20-39_L0132_1_tile_2496_960.png,test,anomalies,1,2025-08-08_14-20-39,anomaly:2025-08-08_14-20-39_L0132_1,anomaly:2025-08-08_14-20-39_L0132_1,f60616022ded9fb05c83f2ae36e9fbb8682bc503a035aba06e0ca3d21625a63b
anomalies/objects_parts/2025-08-08_14-23-16_L0133_1_tile_1728_1536.png,test,anomalies,1,2025-08-08_14-23-16,anomaly:2025-08-08_14-23-16_L0133_1,anomaly:2025-08-08_14-23-16_L0133_1,1009f5aad3a6a603e23c34ba27df17d598aa3fd91d96b111950f71571b4c23a3
anomalies/objects_parts/2025-08-08_14-23-16_L0133_1_tile_1728_1728.png,test,anomalies,1,2025-08-08_14-23-16,anomaly:2025-08-08_14-23-16_L0133_1,anomaly:2025-08-08_14-23-16_L0133_1,3de50f8afaf6568d18abf9ab9de4fb9a45ae566987e075ea42a657d482386290
anomalies/objects_parts/2025-08-08_14-23-16_L0133_1_tile_1728_960.png,test,anomalies,1,2025-08-08_14-23-16,anomaly:2025-08-08_14-23-16_L0133_1,anomaly:2025-08-08_14-23-16_L0133_1,d5838f58fef1be61977e33fffda2164df04737c8960790077c403d4cb586530e
anomalies/objects_parts/2025-08-08_14-23-16_L0133_1_tile_1920_1152.png,test,anomalies,1,2025-08-08_14-23-16,anomaly:2025-08-08_14-23-16_L0133_1,anomaly:2025-08-08_14-23-16_L0133_1,e25800085030ca166006f9aaf1c3972b55f5fe38ec467696162a7d116c7299d5
anomalies/objects_parts/2025-08-08_14-23-16_L0133_1_tile_1920_1728.png,test,anomalies,1,2025-08-08_14-23-16,anomaly:2025-08-08_14-23-16_L0133_1,anomaly:2025-08-08_14-23-16_L0133_1,9e546861b293fda685b6458675a43762bcc4ef2fc6721ce4e783624868694bb9
anomalies/objects_parts/2025-08-08_14-23-16_L0133_1_tile_1920_960.png,test,anomalies,1,2025-08-08_14-23-16,anomaly:2025-08-08_14-23-16_L0133_1,anomaly:2025-08-08_14-23-16_L0133_1,93bc6dbec84ec075ca1e2b6aadaf535c49c7928d8c48e53be4aea3cd7a7a37a5
anomalies/objects_parts/2025-08-08_14-23-16_L0133_1_tile_2304_1152.png,test,anomalies,1,2025-08-08_14-23-16,anomaly:2025-08-08_14-23-16_L0133_1,anomaly:2025-08-08_14-23-16_L0133_1,7a90c1e34f9b63cfa02af5ae5c6f3f34b67145b23086486cbbc8c407d780af17
anomalies/objects_parts/2025-08-08_14-23-16_L0133_1_tile_2496_1152.png,test,anomalies,1,2025-08-08_14-23-16,anomaly:2025-08-08_14-23-16_L0133_1,anomaly:2025-08-08_14-23-16_L0133_1,32ab3abe31ff81ee64e995f37a0693dce00c8909711a125d9ffb47d89b32df23
anomalies/objects_parts/2025-08-08_14-23-16_L0133_1_tile_2496_1728.png,test,anomalies,1,2025-08-08_14-23-16,anomaly:2025-08-08_14-23-16_L0133_1,anomaly:2025-08-08_14-23-16_L0133_1,1e211d3a71909051770c97b428647134751e2edea6c1d48de95ea0c56529ad97
anomalies/objects_parts/2025-08-08_14-23-16_L0133_1_tile_2496_960.png,test,anomalies,1,2025-08-08_14-23-16,anomaly:2025-08-08_14-23-16_L0133_1,anomaly:2025-08-08_14-23-16_L0133_1,68a1f7e915c688e14ce5b1f938cbad80dc9742ccb9c39a339e29837ef895b0df
anomalies/objects_parts/2025-08-14_14-33-39_L0117_1_tile_2112_1152.png,test,anomalies,1,2025-08-14_14-33-39,anomaly:2025-08-14_14-33-39_L0117_1,anomaly:2025-08-14_14-33-39_L0117_1,5efe5d8a5a9ac3b4e5bb07f80a81bd1c7951e52ffae3c3b11aaac966b97da641
anomalies/objects_parts/2025-08-14_14-44-14_L0123_1_tile_1920_1152.png,test,anomalies,1,2025-08-14_14-44-14,anomaly:2025-08-14_14-44-14_L0123_1,anomaly:2025-08-14_14-44-14_L0123_1,ee973155de6db5d5a6dd2ae946b080e29996b7aacf449c1182aad0567e3fba80
anomalies/objects_parts/2025-08-14_14-44-14_L0123_1_tile_2112_1152.png,test,anomalies,1,2025-08-14_14-44-14,anomaly:2025-08-14_14-44-14_L0123_1,anomaly:2025-08-14_14-44-14_L0123_1,91d943a81b2c66d1ad36970479783ad87ca00c76706352c82f6386d0cf8bfd73
anomalies/objects_parts/2025-08-14_14-44-14_L0123_1_tile_2112_2304.png,test,anomalies,1,2025-08-14_14-44-14,anomaly:2025-08-14_14-44-14_L0123_1,anomaly:2025-08-14_14-44-14_L0123_1,3c2e58b326187c2efa185d13442f09e25a9ee982ca71bcb1d81427c92c4bfdf6
anomalies/objects_parts/2025-08-14_14-44-14_L0123_1_tile_2112_960.png,test,anomalies,1,2025-08-14_14-44-14,anomaly:2025-08-14_14-44-14_L0123_1,anomaly:2025-08-14_14-44-14_L0123_1,47b7c0a3b7215196919d6f6e441e64f2f43e03dec0678d6e356d874908a3f27b
anomalies/objects_parts/2025-08-14_14-44-14_L0123_1_tile_2304_1728.png,test,anomalies,1,2025-08-14_14-44-14,anomaly:2025-08-14_14-44-14_L0123_1,anomaly:2025-08-14_14-44-14_L0123_1,056e705abcb75a3e1cc3e6b5742679b2d9ee7f8b0b73f9bdfbc95228c61ab542
anomalies/objects_parts/2025-08-14_14-44-14_L0123_1_tile_2496_1728.png,test,anomalies,1,2025-08-14_14-44-14,anomaly:2025-08-14_14-44-14_L0123_1,anomaly:2025-08-14_14-44-14_L0123_1,de9262e5823a26d4114d74b5bcf14b1ec4e7a2422e7fe5c0d06eb0575ae0a1f0
anomalies/objects_parts/2025-08-14_14-44-14_L0123_1_tile_2496_1920.png,test,anomalies,1,2025-08-14_14-44-14,anomaly:2025-08-14_14-44-14_L0123_1,anomaly:2025-08-14_14-44-14_L0123_1,4057b46639d230f086995e0c82443e5a32946019f5fa0142eee51dc2749347fb
anomalies/objects_parts/2025-08-14_14-44-14_L0123_1_tile_3072_1152.png,test,anomalies,1,2025-08-14_14-44-14,anomaly:2025-08-14_14-44-14_L0123_1,anomaly:2025-08-14_14-44-14_L0123_1,1fa37becc6512483460ed12089e83f42ec318eec9b0c2098f2d59b753b6ad80c
anomalies/objects_parts/2025-08-14_14-44-14_L0123_1_tile_3072_960.png,test,anomalies,1,2025-08-14_14-44-14,anomaly:2025-08-14_14-44-14_L0123_1,anomaly:2025-08-14_14-44-14_L0123_1,275ef32eb77ef7a4619a6bd83e19782140128f4051ce7b7d466937b71e6f0200
anomalies/objects_parts/2025-08-14_14-44-14_L0123_1_tile_3264_960.png,test,anomalies,1,2025-08-14_14-44-14,anomaly:2025-08-14_14-44-14_L0123_1,anomaly:2025-08-14_14-44-14_L0123_1,3961d95e3c19c6f679d669b725e79c1ac5577f4aa94373b795295071fef3d1bc
anomalies/objects_parts/2025-09-10_15-37-12_L0130_1_tile_2496_1728.png,test,anomalies,1,2025-09-10_15-37-12,anomaly:2025-09-10_15-37-12_L0130_1,anomaly:2025-09-10_15-37-12_L0130_1,39cbfdc9168d4c1720f8520f89369afa19fe4e8d8b015210a4845c9dff9416ee
anomalies/objects_parts/2025-09-10_15-37-12_L0130_1_tile_2688_1536.png,test,anomalies,1,2025-09-10_15-37-12,anomaly:2025-09-10_15-37-12_L0130_1,anomaly:2025-09-10_15-37-12_L0130_1,b1cc6dcace84fa87260665d3d62c5e5ca421aa2bc47d04a4003efe3a52329d52
anomalies/objects_parts/2025-09-10_15-37-12_L0130_1_tile_2688_1728.png,test,anomalies,1,2025-09-10_15-37-12,anomaly:2025-09-10_15-37-12_L0130_1,anomaly:2025-09-10_15-37-12_L0130_1,9a19a94328c303940759689f0cad159e9a01ffa041fe639960935e91bd486c03
anomalies/objects_parts/2025-09-24_15-17-17_L0105_1_tile_1728_960.png,test,anomalies,1,2025-09-24_15-17-17,anomaly:2025-09-24_15-17-17_L0105_1,anomaly:2025-09-24_15-17-17_L0105_1,1dfab1b355f87d1a99f8e4b903761c90d396de35e9c317993f38f2457c268e1c
anomalies/objects_parts/2025-09-24_15-17-17_L0105_1_tile_1920_1536.png,test,anomalies,1,2025-09-24_15-17-17,anomaly:2025-09-24_15-17-17_L0105_1,anomaly:2025-09-24_15-17-17_L0105_1,f3e0be15fb7810e81bbc87dabbe3f0d0a5451cf25b0baa287ddcf7398d5fcf75
anomalies/objects_parts/2025-09-24_15-17-17_L0105_1_tile_1920_960.png,test,anomalies,1,2025-09-24_15-17-17,anomaly:2025-09-24_15-17-17_L0105_1,anomaly:2025-09-24_15-17-17_L0105_1,1e9d77ab39969c1bc36058d037988718360449bd4f4958e43cbd667afafc6c69
anomalies/objects_parts/2025-09-24_15-17-17_L0105_1_tile_2112_960.png,test,anomalies,1,2025-09-24_15-17-17,anomaly:2025-09-24_15-17-17_L0105_1,anomaly:2025-09-24_15-17-17_L0105_1,c8a1bdca2569e5bacfe93f63fa5a24590684a9128ca3f001bf04eb275947f4a2
anomalies/objects_parts/2025-09-24_15-17-17_L0105_1_tile_2496_960.png,test,anomalies,1,2025-09-24_15-17-17,anomaly:2025-09-24_15-17-17_L0105_1,anomaly:2025-09-24_15-17-17_L0105_1,64e3948f6eef0f6a36b77a63650a95fd66881deebd922c43ae5f6fd990062653
anomalies/objects_parts/2025-09-24_15-17-17_L0105_1_tile_2688_960.png,test,anomalies,1,2025-09-24_15-17-17,anomaly:2025-09-24_15-17-17_L0105_1,anomaly:2025-09-24_15-17-17_L0105_1,69152ee7c2a65e25879ae62e938fcb855d09601e5084a92623a3c7c0b45a5b67
anomalies/objects_parts/2025-09-24_15-17-17_L0105_1_tile_2880_2304.png,test,anomalies,1,2025-09-24_15-17-17,anomaly:2025-09-24_15-17-17_L0105_1,anomaly:2025-09-24_15-17-17_L0105_1,47400dc67c8c8ab271c056d32f9794792857b200801a9cc8acb99093be31b2ee
training/2025-02-07_test/objects_parts/344_obj24_centered.png,test,good,0,2025-02-07_test,normal:2025-02-07_test:344,normal:2025-02-07_test:344_obj24,dc5103ddcf540856f02e4c496fc3f37a2de15fae4c0a3ce7a5c81cd52c695061
training/2025-02-07_test/objects_parts/344_obj48_centered.png,test,good,0,2025-02-07_test,normal:2025-02-07_test:344,normal:2025-02-07_test:344_obj48,040db2818617418084f858264dd8ceca0f8fd7593df583db0a4b59af458084f7
training/2025-02-07_test/objects_parts/60_obj16_centered.png,test,good,0,2025-02-07_test,normal:2025-02-07_test:60,normal:2025-02-07_test:60_obj16,00a04de385695954371901229e62611853801c7cd786a01cb2d70afb7ce5687a
training/2025-02-07_test/objects_parts/60_obj19_centered.png,test,good,0,2025-02-07_test,normal:2025-02-07_test:60,normal:2025-02-07_test:60_obj19,09e331a8dd386a43c8261f7cfe51474571fbd5a514a64c0aeb1870e158aab4e7
training/2025-02-07_test/objects_parts/60_obj32_centered.png,test,good,0,2025-02-07_test,normal:2025-02-07_test:60,normal:2025-02-07_test:60_obj32,803d0ec6483592b33a1848aa75f88ba95278dda095232a3098351a039d076971
training/2025-02-07_test/objects_parts/60_obj40_centered.png,test,good,0,2025-02-07_test,normal:2025-02-07_test:60,normal:2025-02-07_test:60_obj40,5ccc1be1917ef5d5d22ac4842278eccdfc247bbed93ac1fc58a622350314f164
training/2025-02-07_test/objects_parts/60_obj59_centered.png,test,good,0,2025-02-07_test,normal:2025-02-07_test:60,normal:2025-02-07_test:60_obj59,d42fafc2a5e13a2510faed98ee24afada4c003b1b19aa364c83ca89a93c92a95
training/2025-02-07_test/objects_parts/60_obj8_centered.png,test,good,0,2025-02-07_test,normal:2025-02-07_test:60,normal:2025-02-07_test:60_obj8,95f84227b3884221a34372d120856a4544f5419d706a03603d20d1469b4eeb1e
training/2025-06-25_test/objects_parts/119_obj11_tile_3448_1704.png,test,good,0,2025-06-25_test,normal:2025-06-25_test:119,normal:2025-06-25_test:119_obj11,827157c2477ae580ee00b5595e3714503ea411d8f8e14948ea66781923294cd1
training/2025-06-25_test/objects_parts/119_obj13_tile_2169_872.png,test,good,0,2025-06-25_test,normal:2025-06-25_test:119,normal:2025-06-25_test:119_obj13,539a46e23ccc66fa9249e10ab703abad0dac89ab4452adfdb69f09125073b641
training/2025-06-25_test/objects_parts/119_obj15_tile_2809_1255.png,test,good,0,2025-06-25_test,normal:2025-06-25_test:119,normal:2025-06-25_test:119_obj15,4be6767a007d1f8308489eeebe5aa5af40b3a6a41e4441dc799669b636854040
training/2025-06-25_test/objects_parts/119_obj1_tile_2176_2538.png,test,good,0,2025-06-25_test,normal:2025-06-25_test:119,normal:2025-06-25_test:119_obj1,7571deecb07a53a39dc31db4960f1799b43fdb88bdf9b8102c4d3f7269648f57
training/2025-06-25_test/objects_parts/119_obj3_tile_2809_2153.png,test,good,0,2025-06-25_test,normal:2025-06-25_test:119,normal:2025-06-25_test:119_obj3,e3dd403e6fa6b0db108165de899a6fac058705586286085e8ae2cbb68fea8078
training/2025-06-25_test/objects_parts/119_obj5_tile_3256_2154.png,test,good,0,2025-06-25_test,normal:2025-06-25_test:119,normal:2025-06-25_test:119_obj5,7cb05db73345805e4725f1a37467cae47fe6a16fe0452c964509934685554a1e
training/2025-06-25_test/objects_parts/119_obj9_tile_2425_1512.png,test,good,0,2025-06-25_test,normal:2025-06-25_test:119,normal:2025-06-25_test:119_obj9,9dcbe2ca32184b4daf17caba7e2d1e8e2fce0ef6e0fb5443aca2ab9e19f88e31
training/2025-06-25_test/objects_parts/120_obj11_tile_3448_1896.png,test,good,0,2025-06-25_test,normal:2025-06-25_test:120,normal:2025-06-25_test:120_obj11,8928457a06da027b32847953f9fd42da8bcbf907bfae804a31fa6e0d59656f46
training/2025-06-25_test/objects_parts/120_obj13_tile_1976_1063.png,test,good,0,2025-06-25_test,normal:2025-06-25_test:120,normal:2025-06-25_test:120_obj13,beffa0bfb6352e2a03572d9c95fb59844d0285687e252509e54ff90ee3feb50e
training/2025-06-25_test/objects_parts/120_obj1_tile_2176_2538.png,test,good,0,2025-06-25_test,normal:2025-06-25_test:120,normal:2025-06-25_test:120_obj1,70e448e7c51a5c3f897300edf4928cf45087fcf315e09cc9c79aae0e7f6c5494
training/2025-06-25_test/objects_parts/120_obj3_tile_2617_2153.png,test,good,0,2025-06-25_test,normal:2025-06-25_test:120,normal:2025-06-25_test:120_obj3,00d1ee289c5b4b1a1ddaacf64f4a29266755857a2518f4ecc86f1de64db603cb
training/2025-06-25_test/objects_parts/120_obj5_tile_3065_2537.png,test,good,0,2025-06-25_test,normal:2025-06-25_test:120,normal:2025-06-25_test:120_obj5,7575e0a5844f11686b13d0af0ff21ad6abb363683c67df7c5e133d2e3df3ac40
training/2025-06-25_test/objects_parts/120_obj7_tile_1785_1513.png,test,good,0,2025-06-25_test,normal:2025-06-25_test:120,normal:2025-06-25_test:120_obj7,1f22916aa46ac3220ddfd209a12e71e8d10889403ea5f614bf5ccba2ce2c7cd4
training/2025-06-25_test/objects_parts/120_obj9_tile_2425_1512.png,test,good,0,2025-06-25_test,normal:2025-06-25_test:120,normal:2025-06-25_test:120_obj9,02e69af21c24aad8d750b0435f49a6d7d697432235dbed685d7568678d5d135b
training/2025-06-25_test/objects_parts/141_obj13_tile_1770_880.png,test,good,0,2025-06-25_test,normal:2025-06-25_test:141,normal:2025-06-25_test:141_obj13,bbd6d3b43e3a35e42230973347b819fc0ec48361d53b3f9144c314a5d45995b8
training/2025-06-25_test/objects_parts/141_obj15_tile_2601_881.png,test,good,0,2025-06-25_test,normal:2025-06-25_test:141,normal:2025-06-25_test:141_obj15,d86fc58e8d87240be4818e3e8f58fa9c9e8bc842fc988294c122606bec6758b7
training/2025-06-25_test/objects_parts/141_obj17_tile_3046_1073.png,test,good,0,2025-06-25_test,normal:2025-06-25_test:141,normal:2025-06-25_test:141_obj17,eaa0b18a24f0130ee6c2dc848f3399af25e15399137a6938c66c226e838a64d5
training/2025-06-25_test/objects_parts/141_obj3_tile_2409_2162.png,test,good,0,2025-06-25_test,normal:2025-06-25_test:141,normal:2025-06-25_test:141_obj3,4840d51c3faec4e6f9cec0454bfab75648f00a5266f28a1146b249e678adf749
training/2025-06-25_test/objects_parts/141_obj5_tile_3046_2163.png,test,good,0,2025-06-25_test,normal:2025-06-25_test:141,normal:2025-06-25_test:141_obj5,72afe021b9312c76b1b63234e0da7fea4ed5caf7332a2553fff77895a39b081a
training/2025-06-25_test/objects_parts/141_obj7_tile_1768_1905.png,test,good,0,2025-06-25_test,normal:2025-06-25_test:141,normal:2025-06-25_test:141_obj7,903c56be29815e8a2413380c3f201960924559f59ea2966db15f38f3e8e54006
training/2025-06-25_test/objects_parts/141_obj9_tile_2794_1714.png,test,good,0,2025-06-25_test,normal:2025-06-25_test:141,normal:2025-06-25_test:141_obj9,5415383c9a1c20fd9a4eac3e6db13e97c15c3089e3e22de172ebbe2e2f99552c
training/2025-06-25_test/objects_parts/143_obj13_tile_1769_880.png,test,good,0,2025-06-25_test,normal:2025-06-25_test:143,normal:2025-06-25_test:143_obj13,4941a9d775eca03e987c8728258e1f92e7a0bb4d687be5e4a6bb04b6c321e2a7
training/2025-06-25_test/objects_parts/143_obj15_tile_2792_1265.png,test,good,0,2025-06-25_test,normal:2025-06-25_test:143,normal:2025-06-25_test:143_obj15,c2913d99fb6704caff5e59bd707cbcf192bd5277e98b0b074e445e32bb1c5965
training/2025-06-25_test/objects_parts/143_obj17_tile_3045_1265.png,test,good,0,2025-06-25_test,normal:2025-06-25_test:143,normal:2025-06-25_test:143_obj17,fe7c999e3fd81aceaba1c8b4b2f100ecef943f93a2d13ca6e6a669ed520304c5
training/2025-06-25_test/objects_parts/143_obj3_tile_2599_2163.png,test,good,0,2025-06-25_test,normal:2025-06-25_test:143,normal:2025-06-25_test:143_obj3,501acad3f761cb812f380b44fb826541b7197c1bb418a3697167aa45f5fa53cc
training/2025-06-25_test/objects_parts/143_obj5_tile_3237_2547.png,test,good,0,2025-06-25_test,normal:2025-06-25_test:143,normal:2025-06-25_test:143_obj5,ab1184aefbef61739844f8f7d9c35df736f4bf14656bb37d31679c65dcec07c6
training/2025-06-25_test/objects_parts/143_obj7_tile_1960_1714.png,test,good,0,2025-06-25_test,normal:2025-06-25_test:143,normal:2025-06-25_test:143_obj7,74712b3facb9c9bcbfe2b2a120da955fed87f02b26807be602bf3170f355332a
training/2025-06-25_test/objects_parts/143_obj9_tile_2600_1521.png,test,good,0,2025-06-25_test,normal:2025-06-25_test:143,normal:2025-06-25_test:143_obj9,f53864057d99d7718afbe03efdc8923bf6aa16bef93e4cc7042a5164ba7c80c9
training/2025-06-25_test/objects_parts/230_obj10_tile_2406_1714.png,test,good,0,2025-06-25_test,normal:2025-06-25_test:230,normal:2025-06-25_test:230_obj10,88ace9a3be19ce47f7593d9da9802b48104dcedcad0fbd42770ec2f58e74d8f8
training/2025-06-25_test/objects_parts/230_obj14_tile_2150_880.png,test,good,0,2025-06-25_test,normal:2025-06-25_test:230,normal:2025-06-25_test:230_obj14,22620a784ab17ea1bd44529e399b83b6198a4527ce6303a93b4c2f8af3dd59e3
training/2025-06-25_test/objects_parts/230_obj18_tile_3235_1264.png,test,good,0,2025-06-25_test,normal:2025-06-25_test:230,normal:2025-06-25_test:230_obj18,3750cecd4edb670d341ab5f5ba766864aa78673f2c8e677a621893249651e086
training/2025-06-25_test/objects_parts/230_obj2_tile_1962_2549.png,test,good,0,2025-06-25_test,normal:2025-06-25_test:230,normal:2025-06-25_test:230_obj2,4abaa754030d087a35f866f6a617a024fb9c1cba6cbd8ed2174a2ed08ca11e5e
training/2025-06-25_test/objects_parts/230_obj4_tile_2596_2548.png,test,good,0,2025-06-25_test,normal:2025-06-25_test:230,normal:2025-06-25_test:230_obj4,c78bd302372a8778d9fd79ebb1beb2000ff0558b7277be5ef2c480f572ac4213
training/2025-06-25_test/objects_parts/230_obj6_tile_3044_2163.png,test,good,0,2025-06-25_test,normal:2025-06-25_test:230,normal:2025-06-25_test:230_obj6,729b1ec24af9a06481c837b0aa917118ff7b1dc4635e87a0e6bbc3df53369a6a
training/2025-06-25_test/objects_parts/32_obj11_tile_3065_1705.png,test,good,0,2025-06-25_test,normal:2025-06-25_test:32,normal:2025-06-25_test:32_obj11,39c9f1af0241ec92c2e04d6a8ee38c867df865ed64bfbc3d0f03dbb5ab5ccbda
training/2025-06-25_test/objects_parts/32_obj13_tile_1978_1256.png,test,good,0,2025-06-25_test,normal:2025-06-25_test:32,normal:2025-06-25_test:32_obj13,38c357c5d8e8e8ec7390f7ce4c182dbe3d327c7098fc3fb0ce825569842359eb
training/2025-06-25_test/objects_parts/32_obj17_tile_3066_1063.png,test,good,0,2025-06-25_test,normal:2025-06-25_test:32,normal:2025-06-25_test:32_obj17,d5aa9d63c564093a4711c24bb1820f41bea39a528ca42205eb3fdd10dc7feab3
training/2025-06-25_test/objects_parts/32_obj1_tile_2177_2347.png,test,good,0,2025-06-25_test,normal:2025-06-25_test:32,normal:2025-06-25_test:32_obj1,0a1b471db07c9464ca9713f0de74d9442907270f1ffa20ccc03f354bf5ee2d9d
training/2025-06-25_test/objects_parts/32_obj3_tile_2427_2155.png,test,good,0,2025-06-25_test,normal:2025-06-25_test:32,normal:2025-06-25_test:32_obj3,8ae7d1508c0eb84fa4d2933f71bb1c69e61a6f3fb58bb13c7291b98acc924f39
training/2025-06-25_test/objects_parts/32_obj7_tile_1786_1514.png,test,good,0,2025-06-25_test,normal:2025-06-25_test:32,normal:2025-06-25_test:32_obj7,26040c936731c84c53c10a9f9f90f23d090d828159c7b9e658de08ce0b14bf5d
training/2025-06-25_test/objects_parts/32_obj9_tile_2426_1513.png,test,good,0,2025-06-25_test,normal:2025-06-25_test:32,normal:2025-06-25_test:32_obj9,3fdea090c144fbffc2c5efa655aeac7af0680ebc9ef5baf9b6cdc98057a87efc
training/2025-06-25_test/objects_parts/60_obj11_tile_3065_1514.png,test,good,0,2025-06-25_test,normal:2025-06-25_test:60,normal:2025-06-25_test:60_obj11,a76ffea2e6f2e41684deece5e69d83834f5dbf4de9b9721f8f4ddc34920f2d60
training/2025-06-25_test/objects_parts/60_obj15_tile_2426_872.png,test,good,0,2025-06-25_test,normal:2025-06-25_test:60,normal:2025-06-25_test:60_obj15,c9ef568d64a4c117c2358a9fe4c6377098299fe90ca4f5aace780d52fe211ef0
training/2025-06-25_test/objects_parts/60_obj17_tile_3450_1063.png,test,good,0,2025-06-25_test,normal:2025-06-25_test:60,normal:2025-06-25_test:60_obj17,8fc5b2e223b4ec87311c2d6a2ad913443adb2f4e2d711b4aac37d48409c766f9
training/2025-06-25_test/objects_parts/60_obj5_tile_3449_2347.png,test,good,0,2025-06-25_test,normal:2025-06-25_test:60,normal:2025-06-25_test:60_obj5,d590b9aaa8f58830837f4877236be9bfb977939f4b135c6cd48345bf0d51d9f6
training/2025-06-25_test/objects_parts/60_obj7_tile_2169_1898.png,test,good,0,2025-06-25_test,normal:2025-06-25_test:60,normal:2025-06-25_test:60_obj7,18a5b402c9f900f3e38d461e96fa0368e796fff3d8fe539834cb5032d553598c
training/2025-06-25_test/objects_parts/60_obj9_tile_2809_1706.png,test,good,0,2025-06-25_test,normal:2025-06-25_test:60,normal:2025-06-25_test:60_obj9,8caa69c07cc383f13d65904c4d9bbd731838f36eb479008d09e91a13c9bfc549
training/2024-12-16/objects_parts/105_obj1_tile_2891_1359.png,train,good,0,2024-12-16,normal:2024-12-16:105,normal:2024-12-16:105_obj1,970ac3a8b7f54f0396a17ced9d034398a98874df994143052a2eb1d8a758f670
training/2024-12-16/objects_parts/105_obj1_tile_2891_1551.png,train,good,0,2024-12-16,normal:2024-12-16:105,normal:2024-12-16:105_obj1,457d45f0cb0a0ec93f9f83e51e5acb6f111244881658288b54d4f41e9d2533b7
training/2024-12-16/objects_parts/105_obj1_tile_2891_1743.png,train,good,0,2024-12-16,normal:2024-12-16:105,normal:2024-12-16:105_obj1,fecc8b1c9b5d54fc6dd58c728a77dcbb50be1d8e2aee4f8841bfe59fa05ac1c1
training/2024-12-16/objects_parts/105_obj2_tile_1863_1048.png,train,good,0,2024-12-16,normal:2024-12-16:105,normal:2024-12-16:105_obj2,8c33c3975d14cada1b029e5f21b802fe649e2d576a70e9ed3d88224c8dd2538a
training/2024-12-16/objects_parts/105_obj2_tile_1863_1240.png,train,good,0,2024-12-16,normal:2024-12-16:105,normal:2024-12-16:105_obj2,e29239ddc244005205720974a492e78d1efc8e700ad7d41a8578f6982dcb5e03
training/2024-12-16/objects_parts/105_obj2_tile_2055_1048.png,train,good,0,2024-12-16,normal:2024-12-16:105,normal:2024-12-16:105_obj2,79bb19d7231a239d6ac63d9def22d7013e402d7a1130834d097274252bffbecc
training/2024-12-16/objects_parts/105_obj2_tile_2055_1240.png,train,good,0,2024-12-16,normal:2024-12-16:105,normal:2024-12-16:105_obj2,da5995bc75a9465034771caa306b3e61ae1427abbc7de8643d074e9f91b8cc0d
training/2024-12-16/objects_parts/105_obj3_tile_2707_2239.png,train,good,0,2024-12-16,normal:2024-12-16:105,normal:2024-12-16:105_obj3,53048dc7b5274b6ac58aec378fed04649e265a5d462ebed02778ebf12e70546a
training/2024-12-16/objects_parts/105_obj3_tile_2707_2431.png,train,good,0,2024-12-16,normal:2024-12-16:105,normal:2024-12-16:105_obj3,a94e854dd1be3b1bfe9faf69b68fab5664e520913d24c329f9242009f5a08055
training/2024-12-16/objects_parts/105_obj3_tile_2899_2239.png,train,good,0,2024-12-16,normal:2024-12-16:105,normal:2024-12-16:105_obj3,f01a608107bee507311f3e14dca3136ab0622620124d346068006819e12d066c
training/2024-12-16/objects_parts/105_obj3_tile_2899_2431.png,train,good,0,2024-12-16,normal:2024-12-16:105,normal:2024-12-16:105_obj3,01e2f8fc1bdca1d7574c6f06cbcd2badb11b7e9b701dba5b234526995f6d008d
training/2024-12-16/objects_parts/105_obj6_tile_3025_1130.png,train,good,0,2024-12-16,normal:2024-12-16:105,normal:2024-12-16:105_obj6,5bafedc6302eeac03339d797c300634c54f07cb7016be5ebdf8dbaf080ebb175
training/2024-12-16/objects_parts/105_obj6_tile_3025_938.png,train,good,0,2024-12-16,normal:2024-12-16:105,normal:2024-12-16:105_obj6,11a936b17f919642c69c519513799228c29d6f39514f4ed4f7bbefc14609fda6
training/2024-12-16/objects_parts/105_obj6_tile_3217_1130.png,train,good,0,2024-12-16,normal:2024-12-16:105,normal:2024-12-16:105_obj6,201eca0ab91e675292b4c8384776b4e2ec1a8b028b6e7d2b4a6f7f0f002179e2
training/2024-12-16/objects_parts/105_obj6_tile_3217_938.png,train,good,0,2024-12-16,normal:2024-12-16:105,normal:2024-12-16:105_obj6,3f2acf20c7976525f1cd01c1739898c9c9fd414ef82cdcb400ba666fa093bb67
training/2024-12-16/objects_parts/105_obj6_tile_3409_1130.png,train,good,0,2024-12-16,normal:2024-12-16:105,normal:2024-12-16:105_obj6,4fa62afe1fbcc371aeac922e558189be410dc12f65dc6551d713665a88f0d6b9
training/2024-12-16/objects_parts/105_obj6_tile_3409_938.png,train,good,0,2024-12-16,normal:2024-12-16:105,normal:2024-12-16:105_obj6,27a4c368070f967e7eb2962ca2826290e8aed34214246c01881d830cd6e82130
training/2024-12-16/objects_parts/156_obj3_tile_2707_2240.png,train,good,0,2024-12-16,normal:2024-12-16:156,normal:2024-12-16:156_obj3,dc6b16c2d8062c1765a28b1e934e7bb6cf07411f812a4f67ef614673d5f504f5
training/2024-12-16/objects_parts/156_obj3_tile_2707_2432.png,train,good,0,2024-12-16,normal:2024-12-16:156,normal:2024-12-16:156_obj3,7586e3902ecd362960eee66e883f95db5f441e71bbb45dfb29c0b47f6a810edb
training/2024-12-16/objects_parts/156_obj3_tile_2899_2240.png,train,good,0,2024-12-16,normal:2024-12-16:156,normal:2024-12-16:156_obj3,962a3e400526a7fd5ac89966b5c9b8f9eff205ef496d127424eafbf9be819fae
training/2024-12-16/objects_parts/156_obj3_tile_2899_2432.png,train,good,0,2024-12-16,normal:2024-12-16:156,normal:2024-12-16:156_obj3,0c0430221dce681e9679ea57f0bf10294947c9cfc16171ea8b98dd92ef89a3b9
training/2024-12-16/objects_parts/156_obj6_tile_3059_1150.png,train,good,0,2024-12-16,normal:2024-12-16:156,normal:2024-12-16:156_obj6,1bc7ffd980666793ea4df3925989402f80c41c6e2d366aee21ec25a657e4e782
training/2024-12-16/objects_parts/156_obj6_tile_3059_958.png,train,good,0,2024-12-16,normal:2024-12-16:156,normal:2024-12-16:156_obj6,088305f8ee5215cceae8cd62f487e7492fe65d5bd2c5defbc3d8a85b15b3420b
training/2024-12-16/objects_parts/156_obj6_tile_3251_1150.png,train,good,0,2024-12-16,normal:2024-12-16:156,normal:2024-12-16:156_obj6,c7efe97c3b9eea37551c3a0d1aa483e2df823f63af91e727f5c1b273f7f31a8f
training/2024-12-16/objects_parts/156_obj6_tile_3251_958.png,train,good,0,2024-12-16,normal:2024-12-16:156,normal:2024-12-16:156_obj6,040c554087f3600132cb9836bec663becb194b2ade113092d0fffb21158421c8
training/2024-12-16/objects_parts/156_obj6_tile_3443_1150.png,train,good,0,2024-12-16,normal:2024-12-16:156,normal:2024-12-16:156_obj6,13d2d974feae4089774a7906f4d2f204fc0d96df2100a938bd0761b3323bca73
training/2024-12-16/objects_parts/183_obj3_tile_2716_2250.png,train,good,0,2024-12-16,normal:2024-12-16:183,normal:2024-12-16:183_obj3,194a2bfe8e9a2d7c327ed38fdb7d407769da31ddb8053c4cad25bd0e1aa0d2ee
training/2024-12-16/objects_parts/183_obj3_tile_2716_2442.png,train,good,0,2024-12-16,normal:2024-12-16:183,normal:2024-12-16:183_obj3,e1d639d9627227213b8c3aac857f92f5aeb121459efde7cade6ed20aee7d762b
training/2024-12-16/objects_parts/183_obj3_tile_2908_2250.png,train,good,0,2024-12-16,normal:2024-12-16:183,normal:2024-12-16:183_obj3,74b2092f28462cd22ac57d2a9f0cfd6be075202c9141b11d6800ac6141ecfc7a
training/2024-12-16/objects_parts/183_obj3_tile_2908_2442.png,train,good,0,2024-12-16,normal:2024-12-16:183,normal:2024-12-16:183_obj3,b6bf46569b8acc66efcded44fb8e1b3aa36439aa1dc63d2af4d7555d0736cf56
training/2024-12-16/objects_parts/61_obj3_centered.png,train,good,0,2024-12-16,normal:2024-12-16:61,normal:2024-12-16:61_obj3,8f163d1b4178a6e634b55d45f83eb193058d70ae50ed37813bb8d5fd860be9e5
training/2024-12-16/objects_parts/61_obj5_tile_1840_2136.png,train,good,0,2024-12-16,normal:2024-12-16:61,normal:2024-12-16:61_obj5,8ddc6a027ca452fabb413363eb1a26765fba0a31e3dc10abfbb40bd5f5649d17
training/2024-12-16/objects_parts/61_obj5_tile_2032_1944.png,train,good,0,2024-12-16,normal:2024-12-16:61,normal:2024-12-16:61_obj5,0fa5a23779c1cf77643f44113fcf230d60958793251fc4a95565c9f46ba545a3
training/2024-12-16/objects_parts/61_obj5_tile_2032_2136.png,train,good,0,2024-12-16,normal:2024-12-16:61,normal:2024-12-16:61_obj5,248407ef14026d0f2b076a3407ced3b4b3f28ebfcd8bc834b2818c0639ff9967
training/2024-12-16/objects_parts/61_obj5_tile_2032_2328.png,train,good,0,2024-12-16,normal:2024-12-16:61,normal:2024-12-16:61_obj5,fc0445c53f9b6fef5ab42c972091888ec1fb5d97c9625cd9f9f4d519b5aa7132
training/2024-12-16/objects_parts/61_obj5_tile_2224_2136.png,train,good,0,2024-12-16,normal:2024-12-16:61,normal:2024-12-16:61_obj5,23b9edf90db77ce5708e62e94069450a2c635c99d8b71805abdd0ec435cfba21
training/2024-12-16/objects_parts/61_obj6_tile_3046_1135.png,train,good,0,2024-12-16,normal:2024-12-16:61,normal:2024-12-16:61_obj6,c4466909fea5908b085ad5a1ad17a6475fceebe99cad66a0fd235691fbfff82f
training/2024-12-16/objects_parts/61_obj6_tile_3046_943.png,train,good,0,2024-12-16,normal:2024-12-16:61,normal:2024-12-16:61_obj6,685adcd544bfd11d802fd4ac779a439246d9d0cd6d83cd259c7446ddd7a45510
training/2024-12-16/objects_parts/61_obj6_tile_3238_1135.png,train,good,0,2024-12-16,normal:2024-12-16:61,normal:2024-12-16:61_obj6,8b481d79898f46e077a883973b977ea0cbabea4b11fcb32420f5f312dd161dc9
training/2024-12-16/objects_parts/61_obj6_tile_3238_943.png,train,good,0,2024-12-16,normal:2024-12-16:61,normal:2024-12-16:61_obj6,b7e1443318934da15446f7dbc50e6b1ca9d494094357f04b1935584a91aaabb1
training/2024-12-16/objects_parts/61_obj6_tile_3430_1135.png,train,good,0,2024-12-16,normal:2024-12-16:61,normal:2024-12-16:61_obj6,68bee95f11b240d3a9dde1e265235564c0f3929ea1fa4877ea0e38fcaed18303
training/2024-12-16/objects_parts/61_obj6_tile_3430_943.png,train,good,0,2024-12-16,normal:2024-12-16:61,normal:2024-12-16:61_obj6,eaae2c650cc0c714024332cb1756468c6687d8cd8462f241a19054e7da3662a0
training/2024-12-16/objects_parts/78_obj2_tile_1864_1047.png,train,good,0,2024-12-16,normal:2024-12-16:78,normal:2024-12-16:78_obj2,b45ec768bd524a991f0c0407d2e4a7f0b400731d02d901b13a294ef1f4a4394f
training/2024-12-16/objects_parts/78_obj2_tile_1864_1239.png,train,good,0,2024-12-16,normal:2024-12-16:78,normal:2024-12-16:78_obj2,6f781d61daaf40f289910721933a76e950f266225e585dd0b2dd3b45295a65ec
training/2024-12-16/objects_parts/78_obj2_tile_2056_1047.png,train,good,0,2024-12-16,normal:2024-12-16:78,normal:2024-12-16:78_obj2,d4b8915b4ba09c701fdfbcd25b8744cb3becfdbb071d395478014ab54f184458
training/2024-12-16/objects_parts/78_obj2_tile_2056_1239.png,train,good,0,2024-12-16,normal:2024-12-16:78,normal:2024-12-16:78_obj2,b5bb63ec6ee24efc3b8f5a0c2d60ac429a6e853858c630d835cc15ad885db862
training/2024-12-16/objects_parts/78_obj3_tile_2715_2249.png,train,good,0,2024-12-16,normal:2024-12-16:78,normal:2024-12-16:78_obj3,9d2aec0719b39c213e7c29fde893c00ad584f914bd29bb6b3d15a788c758eaee
training/2024-12-16/objects_parts/78_obj3_tile_2715_2441.png,train,good,0,2024-12-16,normal:2024-12-16:78,normal:2024-12-16:78_obj3,57636cbfd4b24be97a09030c4a4e7f3adb9c2ec6353cc6f571ffc4148fa25b4a
training/2024-12-16/objects_parts/78_obj3_tile_2907_2249.png,train,good,0,2024-12-16,normal:2024-12-16:78,normal:2024-12-16:78_obj3,c0f3f4e005537b8a11438bc6d05a2122bf181188257d326c710fde6c9c56daf1
training/2024-12-16/objects_parts/78_obj3_tile_2907_2441.png,train,good,0,2024-12-16,normal:2024-12-16:78,normal:2024-12-16:78_obj3,ecb26e7307c992799bc57ae25ed8a856bcf29a623d2b095b18c43d4d4f5b465c
training/2024-12-16/objects_parts/78_obj5_tile_1828_1931.png,train,good,0,2024-12-16,normal:2024-12-16:78,normal:2024-12-16:78_obj5,be43072ee9c9411446d45b14499e9f8a3a8c003115a9c2399f10a725c73ec124
training/2024-12-16/objects_parts/78_obj5_tile_1828_2123.png,train,good,0,2024-12-16,normal:2024-12-16:78,normal:2024-12-16:78_obj5,e004aa16188d648dab0076b05f89075cd76990bf50ad01695eef0dd73d67d03f
training/2024-12-16/objects_parts/78_obj5_tile_1828_2315.png,train,good,0,2024-12-16,normal:2024-12-16:78,normal:2024-12-16:78_obj5,421d6624b1d90282e19829fd137be2c5f36019d743c0c2cee844e291107c8548
training/2024-12-16/objects_parts/78_obj5_tile_1828_2507.png,train,good,0,2024-12-16,normal:2024-12-16:78,normal:2024-12-16:78_obj5,c6d8c9c297c2ab0dd206126d37695c00a58546bb91f17d8296687a8ad9642903
training/2024-12-16/objects_parts/78_obj5_tile_2020_1931.png,train,good,0,2024-12-16,normal:2024-12-16:78,normal:2024-12-16:78_obj5,71a3fb9dc2c23011be0d49635add350f0e086f9e5dc94597a20962d92711a958
training/2024-12-16/objects_parts/78_obj5_tile_2020_2123.png,train,good,0,2024-12-16,normal:2024-12-16:78,normal:2024-12-16:78_obj5,b8398875bd52f49b671cb180d381d9ab439cd6ec901680a4d8726b1c6bf88ab8
training/2024-12-16/objects_parts/78_obj5_tile_2020_2315.png,train,good,0,2024-12-16,normal:2024-12-16:78,normal:2024-12-16:78_obj5,725ec7ad8a37134469fbb79375ea2b5eb086b4a1aee8528ac61094ae1801f73d
training/2024-12-16/objects_parts/78_obj5_tile_2020_2507.png,train,good,0,2024-12-16,normal:2024-12-16:78,normal:2024-12-16:78_obj5,9bc1a54e6cfbc7318de724ed65040d419930f0b455bbc24c05585c81842b62ee
training/2024-12-16/objects_parts/78_obj5_tile_2212_1931.png,train,good,0,2024-12-16,normal:2024-12-16:78,normal:2024-12-16:78_obj5,a143d2600e63eb4ba7f0eec25e1cc86103aabae932dd4df3b1048244120e903a
training/2024-12-16/objects_parts/78_obj5_tile_2212_2123.png,train,good,0,2024-12-16,normal:2024-12-16:78,normal:2024-12-16:78_obj5,6c437db6b96299faa0cf5a5828744e124cdede6406ea530a7ce4f5c17933b5c2
training/2024-12-16/objects_parts/78_obj5_tile_2212_2315.png,train,good,0,2024-12-16,normal:2024-12-16:78,normal:2024-12-16:78_obj5,7c0be6776beb6f80fa2c84dce919075a8f0a37297a6b88f3233cb4c617fa3445
training/2024-12-16/objects_parts/78_obj5_tile_2212_2507.png,train,good,0,2024-12-16,normal:2024-12-16:78,normal:2024-12-16:78_obj5,1aa3485afe3c1623f29a124509085399718353a425d0f9a42a5eed7a4fe1aed2
training/2024-12-16/objects_parts/78_obj5_tile_2404_1931.png,train,good,0,2024-12-16,normal:2024-12-16:78,normal:2024-12-16:78_obj5,4d47e75cbddef73179ea0ced180ec8f71b103eaed15e33fe9c5ff7997754a03e
training/2024-12-16/objects_parts/78_obj5_tile_2404_2123.png,train,good,0,2024-12-16,normal:2024-12-16:78,normal:2024-12-16:78_obj5,d2676691ca85e6b1c9f32f09fab57af3b13f9eff9bfc089ba6bd8187d33cffad
training/2024-12-16/objects_parts/78_obj5_tile_2404_2315.png,train,good,0,2024-12-16,normal:2024-12-16:78,normal:2024-12-16:78_obj5,96d23350e5d2342b81f81aebb5f78b515c268f2bc5d4166470d1196d9eec2d2e
training/2024-12-16/objects_parts/78_obj5_tile_2404_2507.png,train,good,0,2024-12-16,normal:2024-12-16:78,normal:2024-12-16:78_obj5,382e450c8681c91621745699b93575e9a2545f139508a491c46075f35250536f
training/2024-12-16/objects_parts/78_obj6_tile_3034_1130.png,train,good,0,2024-12-16,normal:2024-12-16:78,normal:2024-12-16:78_obj6,80a060f6879e72fed0499f885016998142f93fc223b8c5ec377d301c4eb97bdc
training/2024-12-16/objects_parts/78_obj6_tile_3034_938.png,train,good,0,2024-12-16,normal:2024-12-16:78,normal:2024-12-16:78_obj6,ce61856d1b5a403dbae431210362e4bd5b3365a43d23405a0f0248d5c89fddf5
training/2024-12-16/objects_parts/78_obj6_tile_3226_1130.png,train,good,0,2024-12-16,normal:2024-12-16:78,normal:2024-12-16:78_obj6,ac1996d0448943c8c484ebc87a76432eb0d65957f34fb94379483ffea83a948d
training/2024-12-16/objects_parts/78_obj6_tile_3226_938.png,train,good,0,2024-12-16,normal:2024-12-16:78,normal:2024-12-16:78_obj6,474a903396e89c8eb718395e713106f11a9272ab14ada55759b4719620ee662a
training/2024-12-16/objects_parts/78_obj6_tile_3418_1130.png,train,good,0,2024-12-16,normal:2024-12-16:78,normal:2024-12-16:78_obj6,a1a5eacd47de413e452d4c82c3e90e9a8561ce06b1fb59122d2e75f5f03112fc
training/2024-12-16/objects_parts/78_obj6_tile_3418_938.png,train,good,0,2024-12-16,normal:2024-12-16:78,normal:2024-12-16:78_obj6,4da657f4247cf542545f83c8a93f1fc96f877a39327befd0a3c5d85592b413a9
training/2025-01-15/objects_parts/137_obj10_centered.png,train,good,0,2025-01-15,normal:2025-01-15:137,normal:2025-01-15:137_obj10,4950e97db8606d81652515b789429174e1c452cb50ba0ee10248b3c37386810b
training/2025-01-15/objects_parts/137_obj11_centered.png,train,good,0,2025-01-15,normal:2025-01-15:137,normal:2025-01-15:137_obj11,aece00427fa9a1e3e64d68a54492f08fdfa962db1ef55c211125686ceb02e4ee
training/2025-01-15/objects_parts/137_obj12_centered.png,train,good,0,2025-01-15,normal:2025-01-15:137,normal:2025-01-15:137_obj12,3cb9d0a43f7787683bda580279e4faae60c9072ca95e94258b7ab18dd1dc5503
training/2025-01-15/objects_parts/137_obj13_centered.png,train,good,0,2025-01-15,normal:2025-01-15:137,normal:2025-01-15:137_obj13,5a72d97ab8e1fcdc52e271797da83f803d5dae520d4a7ba9aa49c06f127cce79
training/2025-01-15/objects_parts/137_obj14_centered.png,train,good,0,2025-01-15,normal:2025-01-15:137,normal:2025-01-15:137_obj14,2f0b50e89fab77fd2ae58f073ce016308af70ad1f0ab70785cb38728396e9b20
training/2025-01-15/objects_parts/137_obj15_centered.png,train,good,0,2025-01-15,normal:2025-01-15:137,normal:2025-01-15:137_obj15,47db2112cfa800fcb3ada1dbc524cac74e308588230f87e6495083940cb381f7
training/2025-01-15/objects_parts/137_obj16_centered.png,train,good,0,2025-01-15,normal:2025-01-15:137,normal:2025-01-15:137_obj16,6dc606d6ab0ede1c349a26afa72ef20c5b99770c2d375fb7a60c6a240b49e9ca
training/2025-01-15/objects_parts/137_obj18_centered.png,train,good,0,2025-01-15,normal:2025-01-15:137,normal:2025-01-15:137_obj18,0394840f658cf2fec1c6a9a611d613e6b30d8269a6075ec3e7ea9a872fe1e0d5
training/2025-01-15/objects_parts/137_obj19_centered.png,train,good,0,2025-01-15,normal:2025-01-15:137,normal:2025-01-15:137_obj19,aa1891f9c73a37223bcb43cac1b4ad757b1fc19f6a6ffa872250427700fc5049
training/2025-01-15/objects_parts/137_obj20_centered.png,train,good,0,2025-01-15,normal:2025-01-15:137,normal:2025-01-15:137_obj20,7f6c2a6a3b47206e83c8c728b4908548c44bb0f7e59f4e7fc5f0f2b6e56607fb
training/2025-01-15/objects_parts/137_obj21_centered.png,train,good,0,2025-01-15,normal:2025-01-15:137,normal:2025-01-15:137_obj21,3dfcb415ef55137a13ac061d5a368701db641187958db38e9d3d5b39385899e2
training/2025-01-15/objects_parts/137_obj26_centered.png,train,good,0,2025-01-15,normal:2025-01-15:137,normal:2025-01-15:137_obj26,496ef89791fb3301e042bd3c0e64e2c22be8adb60740504e5a96edb0b20b7d3d
training/2025-01-15/objects_parts/137_obj2_centered.png,train,good,0,2025-01-15,normal:2025-01-15:137,normal:2025-01-15:137_obj2,bd8ba517504232c75ba6b0f20c9ac6a4021341c12430c31003854ad4968573e6
training/2025-01-15/objects_parts/137_obj30_centered.png,train,good,0,2025-01-15,normal:2025-01-15:137,normal:2025-01-15:137_obj30,4084b1d55b6f4ab6960201069fcb85ca6b94571e344a6acf75d07d6f262141b1
training/2025-01-15/objects_parts/137_obj31_centered.png,train,good,0,2025-01-15,normal:2025-01-15:137,normal:2025-01-15:137_obj31,527012449c61b8ce24428304d5bd0865836dc6c10c7018dbf83d1e6579964b86
training/2025-01-15/objects_parts/137_obj3_centered.png,train,good,0,2025-01-15,normal:2025-01-15:137,normal:2025-01-15:137_obj3,48a9c00b0f2c0ac946829159dace1537db16808327ddb4ecd02d2ae94a39b21a
training/2025-01-15/objects_parts/137_obj4_centered.png,train,good,0,2025-01-15,normal:2025-01-15:137,normal:2025-01-15:137_obj4,fe9417a91bba5d0d9524ab39b6987cdd2a1e2a3470705bd77bcc42b4bb20702d
training/2025-01-15/objects_parts/137_obj5_centered.png,train,good,0,2025-01-15,normal:2025-01-15:137,normal:2025-01-15:137_obj5,916da03a30ac4e6b3614a387c82d7a8d6a521c9bed95c835d1c314f72d00670d
training/2025-01-15/objects_parts/137_obj6_centered.png,train,good,0,2025-01-15,normal:2025-01-15:137,normal:2025-01-15:137_obj6,faeeefdf340428f68c34e8a0e7dabdd166a022d7e88ee83bfc2a50db0e9b0fd3
training/2025-01-15/objects_parts/137_obj7_centered.png,train,good,0,2025-01-15,normal:2025-01-15:137,normal:2025-01-15:137_obj7,797dd372c3d0f09868d468ea9dc2a2197ca135b016c353bf1424d43623418fe7
training/2025-01-15/objects_parts/137_obj8_centered.png,train,good,0,2025-01-15,normal:2025-01-15:137,normal:2025-01-15:137_obj8,490dd928eac343bbb5bc27de865320c6ddc7eb4887e673dc69cab30c31b4c972
training/2025-01-15/objects_parts/137_obj9_centered.png,train,good,0,2025-01-15,normal:2025-01-15:137,normal:2025-01-15:137_obj9,004ad8f0380d0a1f9bfee9d93d52192ae03fe79dba6f6b479657f5d00e260f80
training/2025-01-15/objects_parts/278_obj10_centered.png,train,good,0,2025-01-15,normal:2025-01-15:278,normal:2025-01-15:278_obj10,ff0ee0c73598f4b3a35c052230aa5830f9b659f2b70c03085418a12688586b56
training/2025-01-15/objects_parts/278_obj11_centered.png,train,good,0,2025-01-15,normal:2025-01-15:278,normal:2025-01-15:278_obj11,acba744b6efab9c68cbae10643cad87bcbe6add7db671065a162dcafe3260530
training/2025-01-15/objects_parts/278_obj12_centered.png,train,good,0,2025-01-15,normal:2025-01-15:278,normal:2025-01-15:278_obj12,185854736c50568e315828387a6a8e52aac9aca394a76535ccd463ba2c5df7ca
training/2025-01-15/objects_parts/278_obj13_centered.png,train,good,0,2025-01-15,normal:2025-01-15:278,normal:2025-01-15:278_obj13,e6075207716168f0cfd35beab7e6bffc9c93574f57a0fa5456981bd6b705c8ee
training/2025-01-15/objects_parts/278_obj14_centered.png,train,good,0,2025-01-15,normal:2025-01-15:278,normal:2025-01-15:278_obj14,c12918109e878ee01945babf44bcaa4c2bd36013a955a699312b776f13de33a7
training/2025-01-15/objects_parts/278_obj15_centered.png,train,good,0,2025-01-15,normal:2025-01-15:278,normal:2025-01-15:278_obj15,afc6765c5e118445674175fe22c81cec04508e523776bd2b9f7e233c14843b18
training/2025-01-15/objects_parts/278_obj16_centered.png,train,good,0,2025-01-15,normal:2025-01-15:278,normal:2025-01-15:278_obj16,37152effb6a2fe3d9809cad5fc877e33e295f5c0fadef580802eb58b58a3a014
training/2025-01-15/objects_parts/278_obj18_centered.png,train,good,0,2025-01-15,normal:2025-01-15:278,normal:2025-01-15:278_obj18,10e5ea0094a3766514a458d4de17ac11f867722e402493d6cfabd1a57c747c41
training/2025-01-15/objects_parts/278_obj19_centered.png,train,good,0,2025-01-15,normal:2025-01-15:278,normal:2025-01-15:278_obj19,c4abd6e1a4030aae7e01359855fa64b4e279c590882c908812b7cf35d09fe3a3
training/2025-01-15/objects_parts/278_obj20_centered.png,train,good,0,2025-01-15,normal:2025-01-15:278,normal:2025-01-15:278_obj20,88371853439d24a52e37d5054d84a1187fca0a8972ee3d1be28a3e92fc4083db
training/2025-01-15/objects_parts/278_obj21_centered.png,train,good,0,2025-01-15,normal:2025-01-15:278,normal:2025-01-15:278_obj21,621f08632b7cfca20f04a0e3342c6d36071596592303659c15bcdf5334f4df6c
training/2025-01-15/objects_parts/278_obj26_centered.png,train,good,0,2025-01-15,normal:2025-01-15:278,normal:2025-01-15:278_obj26,a5df1eafb0ea581115083c7bb9bec12655d134af4b454f8a3056a25ff4a1bcc9
training/2025-01-15/objects_parts/278_obj2_centered.png,train,good,0,2025-01-15,normal:2025-01-15:278,normal:2025-01-15:278_obj2,a8dada66a865d9528654c1b5168bb353d9792dc22aa9ea76b1a32926b6b1f7b9
training/2025-01-15/objects_parts/278_obj30_centered.png,train,good,0,2025-01-15,normal:2025-01-15:278,normal:2025-01-15:278_obj30,a757559ba5a3461687a48ac22db474ce92c740e7a89fd2f76460b6758cba0206
training/2025-01-15/objects_parts/278_obj31_centered.png,train,good,0,2025-01-15,normal:2025-01-15:278,normal:2025-01-15:278_obj31,cec7e9ba64d9e7b70c66a1206ed0f6c5e75ae584b4cd8efcd52d25ae0f82d8a3
training/2025-01-15/objects_parts/278_obj3_centered.png,train,good,0,2025-01-15,normal:2025-01-15:278,normal:2025-01-15:278_obj3,3f17ee39f23f9cb18d144e2e566063fac7601adf8fda750f86710fa614668d3d
training/2025-01-15/objects_parts/278_obj4_centered.png,train,good,0,2025-01-15,normal:2025-01-15:278,normal:2025-01-15:278_obj4,8efa01bd3736c419cffa17de54cb8c4e2ea1da75c0d13d7ede4ef7fe43583be8
training/2025-01-15/objects_parts/278_obj5_centered.png,train,good,0,2025-01-15,normal:2025-01-15:278,normal:2025-01-15:278_obj5,e72affc51f85169fb3410a73dbb4fa10ffee4814319da5b6af36d038851ab1f8
training/2025-01-15/objects_parts/278_obj6_centered.png,train,good,0,2025-01-15,normal:2025-01-15:278,normal:2025-01-15:278_obj6,d04431b67ce9f5b9e14dba402e7351b2bf9c4d4632bb93a0bf4bdd68a9dc38d5
training/2025-01-15/objects_parts/278_obj7_centered.png,train,good,0,2025-01-15,normal:2025-01-15:278,normal:2025-01-15:278_obj7,f7f84b44bb98cdb83a6621cec12148a66b6be7411328c4dbd4a9d99d47d2e615
training/2025-01-15/objects_parts/278_obj8_centered.png,train,good,0,2025-01-15,normal:2025-01-15:278,normal:2025-01-15:278_obj8,426205dca5541ebd146d5b85a991e3d5735aae9ddd79a20b9a86a3c1a69a7a5f
training/2025-01-15/objects_parts/278_obj9_centered.png,train,good,0,2025-01-15,normal:2025-01-15:278,normal:2025-01-15:278_obj9,0aa4b71f813c4f056128a7792edeb8029c324518e06a1dd83b794a44b9db9c93
training/2025-01-29/objects_parts/171_obj1_centered.png,train,good,0,2025-01-29,normal:2025-01-29:171,normal:2025-01-29:171_obj1,06eb3c484c5744a18cc26df6f067c30c66e9648a32098b570fc5478dfa6aec06
training/2025-01-29/objects_parts/171_obj20_tile_3092_1164.png,train,good,0,2025-01-29,normal:2025-01-29:171,normal:2025-01-29:171_obj20,ec941a85ddfa252dddde5860afba1473debf12f1c5a47770ea5b48a40ac8a1d3
training/2025-01-29/objects_parts/171_obj20_tile_3092_972.png,train,good,0,2025-01-29,normal:2025-01-29:171,normal:2025-01-29:171_obj20,85379b1ca8f3a83b4e8dac36ea3000e9350f13cfb6741a5667badedd641ee440
training/2025-01-29/objects_parts/171_obj20_tile_3284_1164.png,train,good,0,2025-01-29,normal:2025-01-29:171,normal:2025-01-29:171_obj20,0b6e4439245eae70ebacc7043e334cef93cc85e385cdb5497785714d45180d34
training/2025-01-29/objects_parts/171_obj20_tile_3284_972.png,train,good,0,2025-01-29,normal:2025-01-29:171,normal:2025-01-29:171_obj20,6ddf4c36d263dc2008674c031d8824ea894fc5cfeb2c533bf59fb3c28f1d9c83
training/2025-01-29/objects_parts/171_obj6_centered.png,train,good,0,2025-01-29,normal:2025-01-29:171,normal:2025-01-29:171_obj6,5aea4e118c0ce868c0d12e79b7017610bc1a80a90ecb1118f68380acbdf4a770
training/2025-01-29/objects_parts/201_obj1_centered.png,train,good,0,2025-01-29,normal:2025-01-29:201,normal:2025-01-29:201_obj1,99ceee16a69c4b4c7f309eb8e9b47f826947eacfcbf9cdeea690675976b550fd
training/2025-01-29/objects_parts/201_obj20_tile_3092_1164.png,train,good,0,2025-01-29,normal:2025-01-29:201,normal:2025-01-29:201_obj20,7dfa3059becf4f5be4e7ccebd49f68d2136cc575f430a66ad91e232d36d0603a
training/2025-01-29/objects_parts/201_obj20_tile_3092_972.png,train,good,0,2025-01-29,normal:2025-01-29:201,normal:2025-01-29:201_obj20,690cbbc4b29e5b2b18bbdc9c38fb84d3ed441648711923c6dd02ab793c04f820
training/2025-01-29/objects_parts/201_obj20_tile_3284_1164.png,train,good,0,2025-01-29,normal:2025-01-29:201,normal:2025-01-29:201_obj20,8442d3a337eb39f00fe89b9c84e886dcd7fffcaa69fca53da4b01d6c9c3aaced
training/2025-01-29/objects_parts/201_obj20_tile_3284_972.png,train,good,0,2025-01-29,normal:2025-01-29:201,normal:2025-01-29:201_obj20,79e693be08d916728a872ecaa61a4f14271af28ca6201497706f64bb522819d9
training/2025-01-29/objects_parts/201_obj6_centered.png,train,good,0,2025-01-29,normal:2025-01-29:201,normal:2025-01-29:201_obj6,8a7e88fb073941c1cfb00717c3ead1c1d36166158c57fadc34a30aa8b302d3d9
training/2025-01-29/objects_parts/255_obj1_centered.png,train,good,0,2025-01-29,normal:2025-01-29:255,normal:2025-01-29:255_obj1,0799d7b89a37996aeab216feaf1d6b60fed425e3b02fbd04bbaf3d3d7b1a176f
training/2025-01-29/objects_parts/255_obj20_tile_3097_1168.png,train,good,0,2025-01-29,normal:2025-01-29:255,normal:2025-01-29:255_obj20,043a579b5315f0eda9a2fd4932daee7b11a89766144e3036b30bfd8b7e19cc2b
training/2025-01-29/objects_parts/255_obj20_tile_3097_976.png,train,good,0,2025-01-29,normal:2025-01-29:255,normal:2025-01-29:255_obj20,afc24b83a22a5dd9af0af9aca39d5ddd2468e8fdab8e335e578854ad10e1a8f3
training/2025-01-29/objects_parts/255_obj20_tile_3289_1168.png,train,good,0,2025-01-29,normal:2025-01-29:255,normal:2025-01-29:255_obj20,5d7ad1eaf5e110a0a6809c0df99768d96be0c2b19fd518ddbdb91b7f0c6c3562
training/2025-01-29/objects_parts/255_obj20_tile_3289_976.png,train,good,0,2025-01-29,normal:2025-01-29:255,normal:2025-01-29:255_obj20,9d60ccce236fe0f374669b18ffe381725fcbf4803ef0e45ead79403febdd6c04
training/2025-01-29/objects_parts/255_obj6_centered.png,train,good,0,2025-01-29,normal:2025-01-29:255,normal:2025-01-29:255_obj6,4e1a06aac7e158509a10f2376f9307d0fbe4951a51ed3adcbf1b027ef3ead674
training/2025-01-29/objects_parts/321_obj1_centered.png,train,good,0,2025-01-29,normal:2025-01-29:321,normal:2025-01-29:321_obj1,96f93616bb9bdb826cfce236ef2f8e484d1f38bb627324b714525988e0714635
training/2025-01-29/objects_parts/321_obj20_tile_3100_1171.png,train,good,0,2025-01-29,normal:2025-01-29:321,normal:2025-01-29:321_obj20,043c8cda3f962dbc07e8b60504a00f0771857ab7126a558d4f22b0bcaa6439e1
training/2025-01-29/objects_parts/321_obj20_tile_3100_979.png,train,good,0,2025-01-29,normal:2025-01-29:321,normal:2025-01-29:321_obj20,6ef8335bf4d93d01a8cc17b34cbc39385a8e1f22751d80f2909910d24fd49cbb
training/2025-01-29/objects_parts/321_obj20_tile_3292_1171.png,train,good,0,2025-01-29,normal:2025-01-29:321,normal:2025-01-29:321_obj20,7c2e3c49427e360cff857d99f885f77177c7868852a5bcb2fe9fac8dc5301755
training/2025-01-29/objects_parts/321_obj20_tile_3292_979.png,train,good,0,2025-01-29,normal:2025-01-29:321,normal:2025-01-29:321_obj20,aca9c7e34182edc8b924bc83bc9cd0840b99dc9d26c1c73ccea61176a8bfc1c0
training/2025-01-29/objects_parts/321_obj6_centered.png,train,good,0,2025-01-29,normal:2025-01-29:321,normal:2025-01-29:321_obj6,1f7d6b4aab78bffe8acb2a3e5e93cd0670b32d9436ae80fedf9032722187e734
training/2025-01-29/objects_parts/434_obj20_tile_3092_1162.png,train,good,0,2025-01-29,normal:2025-01-29:434,normal:2025-01-29:434_obj20,74f1cdbfecbba483cdc087009629c3af2046b92a038475cfb23ec79f974a3457
training/2025-01-29/objects_parts/434_obj20_tile_3092_970.png,train,good,0,2025-01-29,normal:2025-01-29:434,normal:2025-01-29:434_obj20,fb55df9bc3acba59046516875d91f670e43a1a428f047d03b0979e5cbf6d8ff7
training/2025-01-29/objects_parts/434_obj20_tile_3284_1162.png,train,good,0,2025-01-29,normal:2025-01-29:434,normal:2025-01-29:434_obj20,3444a0aec7dabc2f75d26e5826e1cb6e25c72663fed1829a8cf72224435bf106
training/2025-01-29/objects_parts/434_obj20_tile_3284_970.png,train,good,0,2025-01-29,normal:2025-01-29:434,normal:2025-01-29:434_obj20,d10523301bb91c13e5ca49046fedc43936f7de9c03ab06f4d421e7edad32c4af
training/2025-04-02/objects_parts/1012_obj5_tile_3228_1536.png,train,good,0,2025-04-02,normal:2025-04-02:1012,normal:2025-04-02:1012_obj5,df737526e916474df794ed6cc5456021366fc2f1937657a9812da72d9aca7262
training/2025-04-02/objects_parts/1012_obj5_tile_3228_1728.png,train,good,0,2025-04-02,normal:2025-04-02:1012,normal:2025-04-02:1012_obj5,f50517f93c72b785199cf40132220b4f0dd89c31bc618d1b1b430bd8c16fc57c
training/2025-04-02/objects_parts/1012_obj5_tile_3420_1728.png,train,good,0,2025-04-02,normal:2025-04-02:1012,normal:2025-04-02:1012_obj5,bfbb7807b5a4b27234918049f216be6ee63a36988c8f8c8f03704b8396e0066f
training/2025-04-02/objects_parts/134_obj5_tile_3165_1525.png,train,good,0,2025-04-02,normal:2025-04-02:134,normal:2025-04-02:134_obj5,390a14f3353a9dd0009d25c9ad08b4a8c35b341a653e293f157f88fdf0f1bdbd
training/2025-04-02/objects_parts/134_obj5_tile_3165_1717.png,train,good,0,2025-04-02,normal:2025-04-02:134,normal:2025-04-02:134_obj5,d202b530d2fba621c821829de19a922bb7f067fe6456c981f87e69f51b438951
training/2025-04-02/objects_parts/134_obj5_tile_3357_1525.png,train,good,0,2025-04-02,normal:2025-04-02:134,normal:2025-04-02:134_obj5,d55f86924a57c87d4093139d3039abe8be9a388b6785fcf5876869d187963905
training/2025-04-02/objects_parts/134_obj6_tile_1773_2148.png,train,good,0,2025-04-02,normal:2025-04-02:134,normal:2025-04-02:134_obj6,e60e806953b054e05f155602875c54cf41a3afee7abc8a2483827ecc8610ee68
training/2025-04-02/objects_parts/134_obj6_tile_2157_1956.png,train,good,0,2025-04-02,normal:2025-04-02:134,normal:2025-04-02:134_obj6,76f63bd8c13e81c69126bc2a3c27828d29fc5933c46ab6d240f214829b6e4bef
training/2025-04-02/objects_parts/134_obj6_tile_2349_1956.png,train,good,0,2025-04-02,normal:2025-04-02:134,normal:2025-04-02:134_obj6,f8280a981436348b8c9aa079b185c01ce9f9a7fdc11b21fbf441fd0e90d0db2a
training/2025-04-02/objects_parts/134_obj7_tile_2972_2063.png,train,good,0,2025-04-02,normal:2025-04-02:134,normal:2025-04-02:134_obj7,c2ec8ad634d4320e2013d05d7f12640257010b3cf2cbeb1bc9a0cd9dbb2df5a0
training/2025-04-02/objects_parts/134_obj7_tile_3164_2447.png,train,good,0,2025-04-02,normal:2025-04-02:134,normal:2025-04-02:134_obj7,cd3f1d1e13dd91f17a04cda0c9720b250c196872cd72a96f62df1c011c4527fe
training/2025-04-02/objects_parts/134_obj7_tile_3356_2447.png,train,good,0,2025-04-02,normal:2025-04-02:134,normal:2025-04-02:134_obj7,8901b805cb63ebf5e2b04487684c9c00f7f000c42e1cebb10ccb17edbab8f537
training/2025-04-02/objects_parts/136_obj5_tile_3165_1717.png,train,good,0,2025-04-02,normal:2025-04-02:136,normal:2025-04-02:136_obj5,36cf45ff0b82dc2da803cbebb5f73e25d20787fb763293849b393281c46ee0d9
training/2025-04-02/objects_parts/136_obj5_tile_3357_1525.png,train,good,0,2025-04-02,normal:2025-04-02:136,normal:2025-04-02:136_obj5,fe2617d27c00ab207289d8b5a4be7d7b0d0350ea39d131caf68959bfbed69c96
training/2025-04-02/objects_parts/136_obj5_tile_3357_1717.png,train,good,0,2025-04-02,normal:2025-04-02:136,normal:2025-04-02:136_obj5,0e833517fbf5df2c093bd17b517ad1eb7029d6f7af67469a485f6e8989c0ff14
training/2025-04-02/objects_parts/136_obj6_tile_1965_2339.png,train,good,0,2025-04-02,normal:2025-04-02:136,normal:2025-04-02:136_obj6,1592480970a4d005d51261680759096ae6ae6e141cfcc6f694cbe623f5075384
training/2025-04-02/objects_parts/136_obj6_tile_2157_2531.png,train,good,0,2025-04-02,normal:2025-04-02:136,normal:2025-04-02:136_obj6,589faed099700708f7f69410f7fc0e22a2130e259479d50aee882e7458d468fe
training/2025-04-02/objects_parts/136_obj6_tile_2541_1763.png,train,good,0,2025-04-02,normal:2025-04-02:136,normal:2025-04-02:136_obj6,2ba78035446e659c9d84b3b0e884601b0dcb61c20ac3ea47fa639f1eaddd2a7e
training/2025-04-02/objects_parts/136_obj7_tile_2972_2063.png,train,good,0,2025-04-02,normal:2025-04-02:136,normal:2025-04-02:136_obj7,bc6bcfdc8f53d6f76df4ed924f19ff82d717189f8f8d179c34cb9c2efc3941ff
training/2025-04-02/objects_parts/136_obj7_tile_3164_2255.png,train,good,0,2025-04-02,normal:2025-04-02:136,normal:2025-04-02:136_obj7,fcacd95d951ad8866f53224bacea3eb0be4ef927ea37dca0421b0784088bc4e4
training/2025-04-02/objects_parts/136_obj7_tile_3164_2447.png,train,good,0,2025-04-02,normal:2025-04-02:136,normal:2025-04-02:136_obj7,9e4e3acc002645d905e2d9119ed014bf2112c77ae5bcbc85aa83db2b1441b018
training/2025-04-02/objects_parts/138_obj5_tile_3165_1525.png,train,good,0,2025-04-02,normal:2025-04-02:138,normal:2025-04-02:138_obj5,e806b110bcd3afd99a564991bdc7be965a9c59861ec34f69cd07ccedc5f01a32
training/2025-04-02/objects_parts/138_obj5_tile_3165_1717.png,train,good,0,2025-04-02,normal:2025-04-02:138,normal:2025-04-02:138_obj5,53634b44a7a89713f5ef793ca9ff5a24166431b025e3e791c6c2a6089910544f
training/2025-04-02/objects_parts/138_obj5_tile_3357_1717.png,train,good,0,2025-04-02,normal:2025-04-02:138,normal:2025-04-02:138_obj5,48d9b5698c03812823b1183181e2d1a42884abc59f191ca08b93c6e1596fe614
training/2025-04-02/objects_parts/138_obj6_tile_1966_1955.png,train,good,0,2025-04-02,normal:2025-04-02:138,normal:2025-04-02:138_obj6,9dbbd4bc15702386a57a6a62b1ae7f7fa494fbd93e8e2dc1a6e1b32b57dfffba
training/2025-04-02/objects_parts/138_obj6_tile_2350_2147.png,train,good,0,2025-04-02,normal:2025-04-02:138,normal:2025-04-02:138_obj6,5c31bdfaef2d720dbb161b3f757d90712b079b387f262ff4d0c538769994f141
training/2025-04-02/objects_parts/138_obj6_tile_2350_2339.png,train,good,0,2025-04-02,normal:2025-04-02:138,normal:2025-04-02:138_obj6,853aa65e83f79643a86a2a7204b202b905a73dbea71712a8c8a2c655dc20b822
training/2025-04-02/objects_parts/138_obj7_tile_2972_2063.png,train,good,0,2025-04-02,normal:2025-04-02:138,normal:2025-04-02:138_obj7,fc5f34f7f5c191540a6e61537758a51fb7a896355ce03d4655115e6494cd0153
training/2025-04-02/objects_parts/138_obj7_tile_2972_2447.png,train,good,0,2025-04-02,normal:2025-04-02:138,normal:2025-04-02:138_obj7,10d95ae67665e2693f1c41242a1a1779a78c6331ddf5354f3c71d5363524e91e
training/2025-04-02/objects_parts/138_obj7_tile_3164_2063.png,train,good,0,2025-04-02,normal:2025-04-02:138,normal:2025-04-02:138_obj7,55b8b18a2aa92e9a96552a8cc021ba0a35917056b30cd406642a91254eb55163
training/2025-04-02/objects_parts/178_obj5_tile_3166_1525.png,train,good,0,2025-04-02,normal:2025-04-02:178,normal:2025-04-02:178_obj5,34696279d4db01097a16f5b03de192bb1ed5992ab0dda9bbf1ccf447b344d04e
training/2025-04-02/objects_parts/178_obj5_tile_3166_1717.png,train,good,0,2025-04-02,normal:2025-04-02:178,normal:2025-04-02:178_obj5,d137623b99256ba71bca96aaf63e741328b4bcea18ddb29ae61ceae2d5ab1e54
training/2025-04-02/objects_parts/178_obj5_tile_3358_1525.png,train,good,0,2025-04-02,normal:2025-04-02:178,normal:2025-04-02:178_obj5,e298eba70ffabb7a42cf89f068da73fceeca3208da43235ebaa60f5591681039
training/2025-04-02/objects_parts/178_obj6_tile_1965_1956.png,train,good,0,2025-04-02,normal:2025-04-02:178,normal:2025-04-02:178_obj6,c81f2524709e31e441653d4e44ef853ad02a584cef0e21bf5948f9f64436881b
training/2025-04-02/objects_parts/178_obj6_tile_2349_1956.png,train,good,0,2025-04-02,normal:2025-04-02:178,normal:2025-04-02:178_obj6,2111887ace15c0c7967251b2e8ce8120f9750072a4f5a4df18dff94cbd7e4d31
training/2025-04-02/objects_parts/178_obj6_tile_2541_2148.png,train,good,0,2025-04-02,normal:2025-04-02:178,normal:2025-04-02:178_obj6,d1204fb13df1009f624081361d633f2fcd43642968c3b36d0e964737a8797dc4
training/2025-04-02/objects_parts/178_obj7_tile_2972_2255.png,train,good,0,2025-04-02,normal:2025-04-02:178,normal:2025-04-02:178_obj7,e38acf63eb056ef58768882d1e8e8b4a89c84ae37b73b4a529cef4dc51211d28
training/2025-04-02/objects_parts/178_obj7_tile_3164_2255.png,train,good,0,2025-04-02,normal:2025-04-02:178,normal:2025-04-02:178_obj7,e60e358a1a24c241e48f4380c77969b021671db634dbbcb060db3aa06df0454f
training/2025-04-02/objects_parts/178_obj7_tile_3356_2255.png,train,good,0,2025-04-02,normal:2025-04-02:178,normal:2025-04-02:178_obj7,7f00da33db6379f4f7c973fe4610f70ebe9f58003ecdfbde6e388270df5efd1c
training/2025-04-02/objects_parts/216_obj5_tile_3167_1526.png,train,good,0,2025-04-02,normal:2025-04-02:216,normal:2025-04-02:216_obj5,8fc254bfe8bd94cf17412d45523f1f610d14e9178c143dcce5bfbd180cdd3abd
training/2025-04-02/objects_parts/216_obj5_tile_3359_1526.png,train,good,0,2025-04-02,normal:2025-04-02:216,normal:2025-04-02:216_obj5,8bcf605d35745f583a20a3b14ed5e7168bc76aa56d7ede3afa6bda75d9b69c02
training/2025-04-02/objects_parts/216_obj7_tile_2975_2066.png,train,good,0,2025-04-02,normal:2025-04-02:216,normal:2025-04-02:216_obj7,24d8c89dfd07db8c2587d2d8189ad2bc822ea317bccfda61065be161a660d5e7
training/2025-04-02/objects_parts/216_obj7_tile_2975_2450.png,train,good,0,2025-04-02,normal:2025-04-02:216,normal:2025-04-02:216_obj7,578eea06601ff65b71b4fbb249b8d2a94397483982f02d2065b6dddd35012f3f
training/2025-04-02/objects_parts/216_obj7_tile_3167_2066.png,train,good,0,2025-04-02,normal:2025-04-02:216,normal:2025-04-02:216_obj7,cf3924af85f33680e45521689ca5ae8b5ac91858bf0d3d31e28ae746260e9072
training/2025-04-02/objects_parts/217_obj5_tile_3167_1526.png,train,good,0,2025-04-02,normal:2025-04-02:217,normal:2025-04-02:217_obj5,eec15c0599765cde7158a56d3ea0969c945d0845cddc4ac5dcb2b9efd479a4a5
training/2025-04-02/objects_parts/217_obj5_tile_3359_1526.png,train,good,0,2025-04-02,normal:2025-04-02:217,normal:2025-04-02:217_obj5,64953961a383832467e4b68cca693eacd9ed1278ec845c51052e2bd6435004af
training/2025-04-02/objects_parts/217_obj7_tile_2975_2450.png,train,good,0,2025-04-02,normal:2025-04-02:217,normal:2025-04-02:217_obj7,9d65f445410b2f35b9eface43eaeb222149b014c292957da486554659d9b007d
training/2025-04-02/objects_parts/217_obj7_tile_3167_2258.png,train,good,0,2025-04-02,normal:2025-04-02:217,normal:2025-04-02:217_obj7,9ebc9e39fbe1cf730d0d349cf8e58713d229438a0654847246aa1b0c23b289c7
training/2025-04-02/objects_parts/217_obj7_tile_3359_2450.png,train,good,0,2025-04-02,normal:2025-04-02:217,normal:2025-04-02:217_obj7,dcb5bc79d32dff470e195c031472ef2ac2653d94aeb6d009dbafe7e1edf607cd
training/2025-04-02/objects_parts/228_obj5_tile_3167_1527.png,train,good,0,2025-04-02,normal:2025-04-02:228,normal:2025-04-02:228_obj5,d39f56d9b991328ca87bf1924c3d20c19b76ff2596e7f02b68aa9a1a8b0465a9
training/2025-04-02/objects_parts/228_obj5_tile_3167_1719.png,train,good,0,2025-04-02,normal:2025-04-02:228,normal:2025-04-02:228_obj5,0ab383f450f5f5127f13c632f45ca62fc47b982fe047a8d77a0d83f88891b764
training/2025-04-02/objects_parts/228_obj5_tile_3359_1527.png,train,good,0,2025-04-02,normal:2025-04-02:228,normal:2025-04-02:228_obj5,7695bedb336653f2e9f1af3a8fcace725575cf7d46a36fa6d2cea6139ee7ad97
training/2025-04-02/objects_parts/228_obj7_tile_2977_2066.png,train,good,0,2025-04-02,normal:2025-04-02:228,normal:2025-04-02:228_obj7,e6bcb195b8735456e17cce7d5c1b8a13a490c013ded7be070a2e9f1850f84261
training/2025-04-02/objects_parts/228_obj7_tile_3169_2258.png,train,good,0,2025-04-02,normal:2025-04-02:228,normal:2025-04-02:228_obj7,088b46f1f70c663431278aefbee90abab091e2cb39457713327aef5c5a5b41e7
training/2025-04-02/objects_parts/228_obj7_tile_3361_2258.png,train,good,0,2025-04-02,normal:2025-04-02:228,normal:2025-04-02:228_obj7,660555b35d11e61dc99bd79a15af1f788dbf519d4a58a9dff344507d70ba01d9
training/2025-04-02/objects_parts/240_obj5_tile_3167_1526.png,train,good,0,2025-04-02,normal:2025-04-02:240,normal:2025-04-02:240_obj5,f9b3c15449e7b6f3353a1f1c106b1443ce95d4cf73c188a8e083406a2c155b2b
training/2025-04-02/objects_parts/240_obj5_tile_3167_1718.png,train,good,0,2025-04-02,normal:2025-04-02:240,normal:2025-04-02:240_obj5,ea102d4a000a5f50681e57f2ce276b5bc3ea8ebb7dd0f2eefba1d5362b410e9c
training/2025-04-02/objects_parts/240_obj5_tile_3359_1526.png,train,good,0,2025-04-02,normal:2025-04-02:240,normal:2025-04-02:240_obj5,92e83b795a0b7251e8bb556598f1ba07d9539afcfee2e77f9451b6fb27742dab
training/2025-04-02/objects_parts/240_obj7_tile_2979_2261.png,train,good,0,2025-04-02,normal:2025-04-02:240,normal:2025-04-02:240_obj7,34449cbe6817581a444b4a15d789916ea6903b99a0f55555c5e2b4a34a585143
training/2025-04-02/objects_parts/240_obj7_tile_3171_2453.png,train,good,0,2025-04-02,normal:2025-04-02:240,normal:2025-04-02:240_obj7,be67a4f143535b46ea7d07f0ce713b41595ada189b85c461a38f6fac3ed8662b
training/2025-04-02/objects_parts/240_obj7_tile_3363_2069.png,train,good,0,2025-04-02,normal:2025-04-02:240,normal:2025-04-02:240_obj7,fb784982adc973172fce752539d261fb142b4e0291f90b2c2a51f75ed887d279
training/2025-04-02/objects_parts/257_obj5_tile_3166_1526.png,train,good,0,2025-04-02,normal:2025-04-02:257,normal:2025-04-02:257_obj5,19cef905e4a16f0c0c2cdfc0271a601178f00ef88a4168011d28dfaded7e9fc5
training/2025-04-02/objects_parts/257_obj5_tile_3166_1718.png,train,good,0,2025-04-02,normal:2025-04-02:257,normal:2025-04-02:257_obj5,89e608982e4d664ae5719b65d6c7f298e80b87555d77bc4dcc466d27f37c01ef
training/2025-04-02/objects_parts/257_obj5_tile_3358_1526.png,train,good,0,2025-04-02,normal:2025-04-02:257,normal:2025-04-02:257_obj5,bcbca48946427d35a3f9e21c3b4e70275893bc445fbdf4f8b23abbe9b34a018e
training/2025-04-02/objects_parts/257_obj5_tile_3358_1718.png,train,good,0,2025-04-02,normal:2025-04-02:257,normal:2025-04-02:257_obj5,794d936f22589bd6bd0e49d7fa676c2689c518e950a23ed64bd0b0be7ba34665
training/2025-04-02/objects_parts/257_obj7_tile_2985_2268.png,train,good,0,2025-04-02,normal:2025-04-02:257,normal:2025-04-02:257_obj7,a96953cf79cc977acf87385385058caccfbfaef4657abd0520909f471ca17ce2
training/2025-04-02/objects_parts/257_obj7_tile_3177_2460.png,train,good,0,2025-04-02,normal:2025-04-02:257,normal:2025-04-02:257_obj7,c6ec9bdc69771f2a5130b93d3e2750d955af64d8ab84c06633aaa3445d80f3de
training/2025-04-02/objects_parts/257_obj7_tile_3369_2268.png,train,good,0,2025-04-02,normal:2025-04-02:257,normal:2025-04-02:257_obj7,f7295fb54b27bb0e08f150783ec1f081a422249c2bf3a60fb44c496b5fef1ff1
training/2025-04-02/objects_parts/303_obj5_tile_3164_1514.png,train,good,0,2025-04-02,normal:2025-04-02:303,normal:2025-04-02:303_obj5,24aae4028a14f7038a3400c0bc4cf6b788a1cbce486a156353b094a7bdaacfac
training/2025-04-02/objects_parts/303_obj5_tile_3164_1706.png,train,good,0,2025-04-02,normal:2025-04-02:303,normal:2025-04-02:303_obj5,b578eb6c69b7ab90b10eea713d090b4fc0fb85c6ba0ee2cb3e4cc90466d54618
training/2025-04-02/objects_parts/303_obj5_tile_3356_1514.png,train,good,0,2025-04-02,normal:2025-04-02:303,normal:2025-04-02:303_obj5,f0eede79e75442cbb065d0d2704ae16e4dc80dd7b8b1f81553a797791a01e59e
training/2025-04-02/objects_parts/303_obj5_tile_3356_1706.png,train,good,0,2025-04-02,normal:2025-04-02:303,normal:2025-04-02:303_obj5,868f094f2c0714847ebbb8fac18e2ad783ddd91ae5c77e39574ecd931e0f0d8d
training/2025-04-02/objects_parts/358_obj5_tile_3164_1509.png,train,good,0,2025-04-02,normal:2025-04-02:358,normal:2025-04-02:358_obj5,b92528797259d59fec5345d8e1a0422f508c1bd36ff2381dee99bb2abae640ba
training/2025-04-02/objects_parts/358_obj5_tile_3356_1509.png,train,good,0,2025-04-02,normal:2025-04-02:358,normal:2025-04-02:358_obj5,7f63cc490531dfe1cef49ae895b2881ea3feef19a1efc207e3756ced7363e97d
training/2025-04-02/objects_parts/358_obj5_tile_3356_1701.png,train,good,0,2025-04-02,normal:2025-04-02:358,normal:2025-04-02:358_obj5,9cd0d5216fcf01f3446156f04fad0417c6843020d1359d2c9a9dafbaa2419667
training/2025-04-02/objects_parts/358_obj8_centered.png,train,good,0,2025-04-02,normal:2025-04-02:358,normal:2025-04-02:358_obj8,c049d77d1d462b6799377d90ed312fa976701ab1690d7be1f5212a901e3442f4
training/2025-04-02/objects_parts/359_obj5_tile_3164_1700.png,train,good,0,2025-04-02,normal:2025-04-02:359,normal:2025-04-02:359_obj5,41f100d153855fb6f444d5a8b5072a659569a41e68f83d1325334807afaad7f8
training/2025-04-02/objects_parts/359_obj5_tile_3356_1508.png,train,good,0,2025-04-02,normal:2025-04-02:359,normal:2025-04-02:359_obj5,c63d211f3239e3461e015190536b18586129e2390fb1e57b6729e4e39efc8d89
training/2025-04-02/objects_parts/359_obj5_tile_3356_1700.png,train,good,0,2025-04-02,normal:2025-04-02:359,normal:2025-04-02:359_obj5,1ff5e8e8249e71f3f152dbb3f0f3f374bbdf093d197c3785a05403a42ba0e299
training/2025-04-02/objects_parts/359_obj8_centered.png,train,good,0,2025-04-02,normal:2025-04-02:359,normal:2025-04-02:359_obj8,7195760c1b50a4ea34fc9075eb34e9c7b8f15d2d0020f9710cdb92ed20ce59e1
training/2025-04-02/objects_parts/360_obj5_tile_3164_1508.png,train,good,0,2025-04-02,normal:2025-04-02:360,normal:2025-04-02:360_obj5,20506a894a899ab7ae4cfd6ccd07458359a4455c4f82434132082aab5df4052d
training/2025-04-02/objects_parts/360_obj5_tile_3164_1700.png,train,good,0,2025-04-02,normal:2025-04-02:360,normal:2025-04-02:360_obj5,f1e352e79e2db98d0e4561345abcc43ee74d5bdff78016697de3ee7ad4108ff8
training/2025-04-02/objects_parts/360_obj5_tile_3356_1700.png,train,good,0,2025-04-02,normal:2025-04-02:360,normal:2025-04-02:360_obj5,299442b189ff5c8e8f112b62bbf5e39b89096c62dcc1e6391acda243f7d727ba
training/2025-04-02/objects_parts/360_obj8_centered.png,train,good,0,2025-04-02,normal:2025-04-02:360,normal:2025-04-02:360_obj8,3821e62f0284c791c5ff490fa75a1487a62891fb8ecfbe8387c6aa5ea7abb590
training/2025-04-02/objects_parts/361_obj5_tile_3164_1508.png,train,good,0,2025-04-02,normal:2025-04-02:361,normal:2025-04-02:361_obj5,4c8090f1c1a167a086f838ea7469aae9dc26a625aefafd3bac382ce8f82cf671
training/2025-04-02/objects_parts/361_obj5_tile_3356_1508.png,train,good,0,2025-04-02,normal:2025-04-02:361,normal:2025-04-02:361_obj5,7c86c69fb7f7954d6b466b612fc80ddfcadf6b91c3efd14af75c1e4904297eec
training/2025-04-02/objects_parts/361_obj5_tile_3356_1700.png,train,good,0,2025-04-02,normal:2025-04-02:361,normal:2025-04-02:361_obj5,75fe02d3b621070d3174aea19aee3302b8dad7219bc1044039169a0f6a085216
training/2025-04-02/objects_parts/361_obj8_centered.png,train,good,0,2025-04-02,normal:2025-04-02:361,normal:2025-04-02:361_obj8,02fb41b6c9758fdddc76a20835f89757e5017211a9ad518bdc29bcf6d10938e7
training/2025-04-02/objects_parts/363_obj5_tile_3164_1507.png,train,good,0,2025-04-02,normal:2025-04-02:363,normal:2025-04-02:363_obj5,d5e924571b11fac4f0dcec54704a902c58533258f0d1182999812a197d718547
training/2025-04-02/objects_parts/363_obj5_tile_3164_1699.png,train,good,0,2025-04-02,normal:2025-04-02:363,normal:2025-04-02:363_obj5,dc5fc0e74aebe09a3fa1cd4ed0891d09f4886e3a381fc5fddfe47c99f8c75481
training/2025-04-02/objects_parts/363_obj5_tile_3356_1507.png,train,good,0,2025-04-02,normal:2025-04-02:363,normal:2025-04-02:363_obj5,5b82fa6a3a729a84fb5d0c2b1394a0fcf761bb3c859a1a0636f6184dc14adec5
training/2025-04-02/objects_parts/363_obj8_centered.png,train,good,0,2025-04-02,normal:2025-04-02:363,normal:2025-04-02:363_obj8,b5047b935f5bda021f6c066a1287164dc599d3faf4d559f6b2bbb365b7f7c31b
training/2025-04-02/objects_parts/364_obj5_tile_3164_1505.png,train,good,0,2025-04-02,normal:2025-04-02:364,normal:2025-04-02:364_obj5,09f235660011c6bff05c260cbeef891e79cf73b599118a7c6689a352e90eb733
training/2025-04-02/objects_parts/364_obj5_tile_3164_1697.png,train,good,0,2025-04-02,normal:2025-04-02:364,normal:2025-04-02:364_obj5,49fe747eb13fe9e111f71df37294df53f671f1b097e2a08e1671f0984721a92d
training/2025-04-02/objects_parts/364_obj5_tile_3356_1505.png,train,good,0,2025-04-02,normal:2025-04-02:364,normal:2025-04-02:364_obj5,ce88390fadcd569442626754f754d1ce2c38b34d472d0944ee097532fc3b4130
training/2025-04-02/objects_parts/364_obj5_tile_3356_1697.png,train,good,0,2025-04-02,normal:2025-04-02:364,normal:2025-04-02:364_obj5,838bedec2ea52e4026f9ab766f276622cc00416147ecf8ea09ef9f725a948672
training/2025-04-02/objects_parts/364_obj8_centered.png,train,good,0,2025-04-02,normal:2025-04-02:364,normal:2025-04-02:364_obj8,37d9e1187fc6ea64c3d5078cf925b4d9ed466c9552624506ebe983f1e48eb33a
training/2025-04-02/objects_parts/458_obj5_tile_3166_1670.png,train,good,0,2025-04-02,normal:2025-04-02:458,normal:2025-04-02:458_obj5,d29617a453095dd6632bb7c66ffd17905ac28adaebb7533368ba56eec4b5bff4
training/2025-04-02/objects_parts/458_obj5_tile_3358_1478.png,train,good,0,2025-04-02,normal:2025-04-02:458,normal:2025-04-02:458_obj5,7e9dd092c7ad7b7689d78aec1dec96fc1e44320e247f890bc35a975549e19755
training/2025-04-02/objects_parts/458_obj5_tile_3358_1670.png,train,good,0,2025-04-02,normal:2025-04-02:458,normal:2025-04-02:458_obj5,2f260c925717a5d958554495c574755e749e39c762c3ee8e27d0bbdb8ed352fb
training/2025-04-02/objects_parts/458_obj8_centered.png,train,good,0,2025-04-02,normal:2025-04-02:458,normal:2025-04-02:458_obj8,44cea82e8b57d9a5f20534f793ca0f901ad691840da571d8ffa058be2ae369da
training/2025-04-02/objects_parts/45_obj8_centered.png,train,good,0,2025-04-02,normal:2025-04-02:45,normal:2025-04-02:45_obj8,abee8e4c530fa6c3dcf8b299816544f372d65ca6e3e025bb3d1ab1e03d632d1a
training/2025-04-02/objects_parts/460_obj5_tile_3166_1669.png,train,good,0,2025-04-02,normal:2025-04-02:460,normal:2025-04-02:460_obj5,f758c3b86bfc14f6169f9691a6c1e77be16d3e38059d6c01f3eb055d773563ec
training/2025-04-02/objects_parts/460_obj5_tile_3358_1477.png,train,good,0,2025-04-02,normal:2025-04-02:460,normal:2025-04-02:460_obj5,e9341beb3d1744054df658a88439fa3d5b603aee493e13a1224b4e65b1a37152
training/2025-04-02/objects_parts/460_obj5_tile_3358_1669.png,train,good,0,2025-04-02,normal:2025-04-02:460,normal:2025-04-02:460_obj5,3981552e63df09d5decc7d08970452f6ad69f5978db3499fdb290466fd0c1733
training/2025-04-02/objects_parts/460_obj8_centered.png,train,good,0,2025-04-02,normal:2025-04-02:460,normal:2025-04-02:460_obj8,80eec5051aa67165cbfdf2b0d2438081de7a506d2427ef05260ea7515b1dc8f8
training/2025-04-02/objects_parts/461_obj5_tile_3166_1477.png,train,good,0,2025-04-02,normal:2025-04-02:461,normal:2025-04-02:461_obj5,036d60e64a1398041f84f76db9bc60bf99a239449f7d0a58d725c52b28ccc8c3
training/2025-04-02/objects_parts/461_obj5_tile_3166_1669.png,train,good,0,2025-04-02,normal:2025-04-02:461,normal:2025-04-02:461_obj5,fcb0fda62300246fb6245b220593e38f40a2d04f6a0900d9add9f3222a9d3298
training/2025-04-02/objects_parts/461_obj5_tile_3358_1477.png,train,good,0,2025-04-02,normal:2025-04-02:461,normal:2025-04-02:461_obj5,8765d03fa0bfbe5503610a06133d3a0c947090f994fe99bf827292b6c46b45fd
training/2025-04-02/objects_parts/461_obj8_centered.png,train,good,0,2025-04-02,normal:2025-04-02:461,normal:2025-04-02:461_obj8,e16796b82d040ae22f1b091f459fde39d54c415336d95e561a0f88e2be8b3bb7
training/2025-04-02/objects_parts/462_obj5_tile_3166_1477.png,train,good,0,2025-04-02,normal:2025-04-02:462,normal:2025-04-02:462_obj5,e8b4e57fbad6fb14d8b1e00c2e54359968701c010ac9d839a122b425d787c650
training/2025-04-02/objects_parts/462_obj5_tile_3358_1477.png,train,good,0,2025-04-02,normal:2025-04-02:462,normal:2025-04-02:462_obj5,acdb50cc036f201a5986f9c1a7e1a28d8a57c5a4b5171ddda875c9d399464e92
training/2025-04-02/objects_parts/462_obj5_tile_3358_1669.png,train,good,0,2025-04-02,normal:2025-04-02:462,normal:2025-04-02:462_obj5,5a3a68a2532013e0da9a19364ac96b45a743bb8902754f12204ef922b11ed837
training/2025-04-02/objects_parts/462_obj8_centered.png,train,good,0,2025-04-02,normal:2025-04-02:462,normal:2025-04-02:462_obj8,f60f3d56ed114a79149a0ee3ac8b2d7f8d603dbf4481b96d1fcc980ff6d3138a
training/2025-04-02/objects_parts/463_obj5_tile_3166_1477.png,train,good,0,2025-04-02,normal:2025-04-02:463,normal:2025-04-02:463_obj5,d661b59d6a9184050bb92eb3ecea7e4891c73ef0c557a1c3a4785fb86eaceacf
training/2025-04-02/objects_parts/463_obj5_tile_3166_1669.png,train,good,0,2025-04-02,normal:2025-04-02:463,normal:2025-04-02:463_obj5,83cbb0988a617dfb37c443d2ab28ad328b0628635b2e1d4192e55efcbfcf67e4
training/2025-04-02/objects_parts/463_obj5_tile_3358_1477.png,train,good,0,2025-04-02,normal:2025-04-02:463,normal:2025-04-02:463_obj5,562ec6a6fd62eb4f28e8b4904e224ff60a77ca96e3d04c14a8cf28931437d4fc
training/2025-04-02/objects_parts/463_obj8_centered.png,train,good,0,2025-04-02,normal:2025-04-02:463,normal:2025-04-02:463_obj8,485f26d67bebefc822d629ef7ac4bc3a84b6daf266fb664c12a784d19cded369
training/2025-04-02/objects_parts/464_obj5_tile_3167_1477.png,train,good,0,2025-04-02,normal:2025-04-02:464,normal:2025-04-02:464_obj5,96fade03ab3ae718614149361e0751c08705b21c622445384912b6702f5403c9
training/2025-04-02/objects_parts/464_obj5_tile_3167_1669.png,train,good,0,2025-04-02,normal:2025-04-02:464,normal:2025-04-02:464_obj5,1fbe67201ce688afc0ea45aae6c149733d06abfad7fcd1706b3f3e520df1d881
training/2025-04-02/objects_parts/464_obj5_tile_3359_1669.png,train,good,0,2025-04-02,normal:2025-04-02:464,normal:2025-04-02:464_obj5,dc3d2f6cd9c023cb46da1c23742eb3a13a6c52e7c4a14423f8fd117f820b95cb
training/2025-04-02/objects_parts/464_obj8_centered.png,train,good,0,2025-04-02,normal:2025-04-02:464,normal:2025-04-02:464_obj8,88e0b92b4db0b7c1693c4b33c9f5f5eb23a98a1dc604097b8154485fac2f8824
training/2025-04-02/objects_parts/466_obj5_tile_3167_1476.png,train,good,0,2025-04-02,normal:2025-04-02:466,normal:2025-04-02:466_obj5,67848fa83dd070fddf80a7baa2d9e6b29a0a06c35995602bacbbdb1e92d30dbc
training/2025-04-02/objects_parts/466_obj5_tile_3167_1668.png,train,good,0,2025-04-02,normal:2025-04-02:466,normal:2025-04-02:466_obj5,c59d65c7fa7bc8ced17e84528712c963f40d7ba4cc538b118a42773d7e2dc6c7
training/2025-04-02/objects_parts/466_obj5_tile_3359_1476.png,train,good,0,2025-04-02,normal:2025-04-02:466,normal:2025-04-02:466_obj5,bcad7506df5c38ea1d4089c355a4d1f92a88631e255458ae82c2a6e673f63808
training/2025-04-02/objects_parts/466_obj8_centered.png,train,good,0,2025-04-02,normal:2025-04-02:466,normal:2025-04-02:466_obj8,d7dcfad1410b99517799392f0f1a8b5ce17a685930806fd4f5fe6848b9289164
training/2025-04-02/objects_parts/468_obj5_tile_3167_1477.png,train,good,0,2025-04-02,normal:2025-04-02:468,normal:2025-04-02:468_obj5,6b466b9f4321598b7b76f2f9ace236b62418e1474cabd73b2757877793dcaabf
training/2025-04-02/objects_parts/468_obj5_tile_3167_1669.png,train,good,0,2025-04-02,normal:2025-04-02:468,normal:2025-04-02:468_obj5,339557db4dfe2021466ef4d588b9a44cfcf90cf0642a9bc36c0a1434ef50541f
training/2025-04-02/objects_parts/468_obj5_tile_3359_1669.png,train,good,0,2025-04-02,normal:2025-04-02:468,normal:2025-04-02:468_obj5,c34558f2cef0f3bfda0a5e0423f90784d80c6ca0c20fd90dc7a5ee2a33c23380
training/2025-04-02/objects_parts/468_obj8_centered.png,train,good,0,2025-04-02,normal:2025-04-02:468,normal:2025-04-02:468_obj8,c2e2208650367ab71ebf22c3589f71268857d8001e558a6d7bebeeefbfbb92e5
training/2025-04-02/objects_parts/469_obj5_tile_3168_1476.png,train,good,0,2025-04-02,normal:2025-04-02:469,normal:2025-04-02:469_obj5,0c024ad6b1b94281a04064538bfb41824bab9b406824e324806b535b0e63e9dc
training/2025-04-02/objects_parts/469_obj5_tile_3360_1476.png,train,good,0,2025-04-02,normal:2025-04-02:469,normal:2025-04-02:469_obj5,e475b609f4eb1e55aedbc03af0505f46e498d1b2d2e3056f900dd39509ba245e
training/2025-04-02/objects_parts/469_obj5_tile_3360_1668.png,train,good,0,2025-04-02,normal:2025-04-02:469,normal:2025-04-02:469_obj5,b48ed22c1444a9763731de8d27d79c8cf2a1fdfc5e48241c833ececd6ff054ea
training/2025-04-02/objects_parts/469_obj8_centered.png,train,good,0,2025-04-02,normal:2025-04-02:469,normal:2025-04-02:469_obj8,071f1f1d10b6df7ee05c4042db9707815ab586102f7a242dbc0d9461135645f5
training/2025-04-02/objects_parts/491_obj5_tile_3193_1479.png,train,good,0,2025-04-02,normal:2025-04-02:491,normal:2025-04-02:491_obj5,3e743ea5c8cfa60cbbf990a8e8ceeda74507d355b3141d6000c25ed3c87d200a
training/2025-04-02/objects_parts/491_obj5_tile_3193_1671.png,train,good,0,2025-04-02,normal:2025-04-02:491,normal:2025-04-02:491_obj5,5b27cec1d9f4852180fa60e901d14d410c3d71db882416e34cdf01b50488ab5f
training/2025-04-02/objects_parts/491_obj5_tile_3385_1479.png,train,good,0,2025-04-02,normal:2025-04-02:491,normal:2025-04-02:491_obj5,93c7100a1a56657cd1f62bc44139a2011d0e7a829e945f95d4fa2e260094c1f5
training/2025-04-02/objects_parts/491_obj8_centered.png,train,good,0,2025-04-02,normal:2025-04-02:491,normal:2025-04-02:491_obj8,28b2fa21a585a7f98992b1bda2ea2387ee6e387649dadc74ea5fe78612fb7860
training/2025-04-02/objects_parts/492_obj5_tile_3193_1479.png,train,good,0,2025-04-02,normal:2025-04-02:492,normal:2025-04-02:492_obj5,bb38e3e4075037c68e3a1a30d49e1581527206ef74d6aef714599b8ed411b676
training/2025-04-02/objects_parts/492_obj5_tile_3193_1671.png,train,good,0,2025-04-02,normal:2025-04-02:492,normal:2025-04-02:492_obj5,5883f89d9b6d3c224ca8f348d98c682b60b0b71d337f6d5d0f313a289c31aab5
training/2025-04-02/objects_parts/492_obj5_tile_3385_1671.png,train,good,0,2025-04-02,normal:2025-04-02:492,normal:2025-04-02:492_obj5,c2febb710c3c39d72b72b958e87f1a116f33acc5f347376151620659b3e38a63
training/2025-04-02/objects_parts/492_obj8_centered.png,train,good,0,2025-04-02,normal:2025-04-02:492,normal:2025-04-02:492_obj8,039534d72c6d19517da6485c65e38a42595d27b61b96802f2dc1f460370c8e0e
training/2025-04-02/objects_parts/493_obj5_tile_3193_1479.png,train,good,0,2025-04-02,normal:2025-04-02:493,normal:2025-04-02:493_obj5,507e52ac3eb2f8a7496e8f26cfdf9f956cb6d8cabf42c5a03497f527abee78cf
training/2025-04-02/objects_parts/493_obj5_tile_3193_1671.png,train,good,0,2025-04-02,normal:2025-04-02:493,normal:2025-04-02:493_obj5,430f3ccc7c34e2a935ff66063f320f43c3b462f5d29d593506db22161349a904
training/2025-04-02/objects_parts/493_obj5_tile_3385_1671.png,train,good,0,2025-04-02,normal:2025-04-02:493,normal:2025-04-02:493_obj5,daeba94ecae425195eca1a2c7253ec8750de259b6897c03f42a392ae88f779ec
training/2025-04-02/objects_parts/493_obj8_centered.png,train,good,0,2025-04-02,normal:2025-04-02:493,normal:2025-04-02:493_obj8,666ac429b80541162715c4cfd8d88e273de12af8a41d9b802ea1e8c39ab37184
training/2025-04-02/objects_parts/525_obj5_tile_3182_1473.png,train,good,0,2025-04-02,normal:2025-04-02:525,normal:2025-04-02:525_obj5,0661f2dccad153c1131f8e2d0016e989602462bda46cb45a3ba0e514cfed6daa
training/2025-04-02/objects_parts/525_obj5_tile_3374_1473.png,train,good,0,2025-04-02,normal:2025-04-02:525,normal:2025-04-02:525_obj5,22d4ab68f1db4897fd114b669f8f5c187a39f8868c28a11da8d90082c0b099db
training/2025-04-02/objects_parts/525_obj5_tile_3374_1665.png,train,good,0,2025-04-02,normal:2025-04-02:525,normal:2025-04-02:525_obj5,a73dfd295004035d03556135107ae3e62054fc46245e3e5e01a81fe9ebbc35f4
training/2025-04-02/objects_parts/525_obj8_centered.png,train,good,0,2025-04-02,normal:2025-04-02:525,normal:2025-04-02:525_obj8,24cc6bb3565b836976a312fef10a2432f433ee403d51621424366e62a7cfa0a9
training/2025-04-02/objects_parts/526_obj5_tile_3182_1474.png,train,good,0,2025-04-02,normal:2025-04-02:526,normal:2025-04-02:526_obj5,d2206cf0cd0c4bdcbc235522a824ef0096f2613d9b0f94e3c61700ab5a08d8a4
training/2025-04-02/objects_parts/526_obj5_tile_3374_1474.png,train,good,0,2025-04-02,normal:2025-04-02:526,normal:2025-04-02:526_obj5,838e3cfe046d953c18b0fe64c59262150caf83d3be7c9d5bdc93c3a5733a04ee
training/2025-04-02/objects_parts/526_obj5_tile_3374_1666.png,train,good,0,2025-04-02,normal:2025-04-02:526,normal:2025-04-02:526_obj5,fffb5797f65acb3f6a58ed5b1b312ce8f06f8fe26a57cafe851afb62d3c437c5
training/2025-04-02/objects_parts/526_obj8_centered.png,train,good,0,2025-04-02,normal:2025-04-02:526,normal:2025-04-02:526_obj8,5bedb3578668f0ed22c29fd95c1887807ec42c033fbd1333ea99fa972829eb74
training/2025-04-02/objects_parts/527_obj5_tile_3183_1475.png,train,good,0,2025-04-02,normal:2025-04-02:527,normal:2025-04-02:527_obj5,b2bdf924b86b7af80dc567f94ecc40061bb544ff00c62e708d06689b0bb9a466
training/2025-04-02/objects_parts/527_obj5_tile_3375_1475.png,train,good,0,2025-04-02,normal:2025-04-02:527,normal:2025-04-02:527_obj5,93604c68345cea9adfa950176abf278a8ed41cd99b376c19dbedf969b67d2ed2
training/2025-04-02/objects_parts/527_obj5_tile_3375_1667.png,train,good,0,2025-04-02,normal:2025-04-02:527,normal:2025-04-02:527_obj5,7e5b5124b9980ecb3b9bc4d37289da346c34bd4efe6714aaa394be0db3746c92
training/2025-04-02/objects_parts/527_obj8_centered.png,train,good,0,2025-04-02,normal:2025-04-02:527,normal:2025-04-02:527_obj8,aa760c5576e31edcd701ee635d1986cfd3199400f6bef3b1b7ef6605ba81a157
training/2025-04-02/objects_parts/528_obj5_tile_3183_1666.png,train,good,0,2025-04-02,normal:2025-04-02:528,normal:2025-04-02:528_obj5,248e8a7c7e4e9e08166db115dc83053d033305f56d9f620a43dcf64738f9f3fe
training/2025-04-02/objects_parts/528_obj5_tile_3375_1474.png,train,good,0,2025-04-02,normal:2025-04-02:528,normal:2025-04-02:528_obj5,7356656dc0fe1a3f0212a3cd66bae53760b02ecfc71e12dd19cc2461f9cc3e96
training/2025-04-02/objects_parts/528_obj5_tile_3375_1666.png,train,good,0,2025-04-02,normal:2025-04-02:528,normal:2025-04-02:528_obj5,432836af453ccba87bbb413b0a35e9f965dfbabd7462dd9276bd92387962885e
training/2025-04-02/objects_parts/528_obj8_centered.png,train,good,0,2025-04-02,normal:2025-04-02:528,normal:2025-04-02:528_obj8,e1831f9879934e7adcb9d6819cf5d29ba0ddd5c084091435eac44585f7ba418c
training/2025-04-02/objects_parts/530_obj5_tile_3183_1666.png,train,good,0,2025-04-02,normal:2025-04-02:530,normal:2025-04-02:530_obj5,2f2cf5c84b692411ff8fc937fdc2f66f8148ee254e608f5cc025c7dbfe921b09
training/2025-04-02/objects_parts/530_obj5_tile_3375_1474.png,train,good,0,2025-04-02,normal:2025-04-02:530,normal:2025-04-02:530_obj5,b331b46cd9ca87e72df7df1c7214c87ff92b18c2166da009e77bb01ef6935687
training/2025-04-02/objects_parts/530_obj5_tile_3375_1666.png,train,good,0,2025-04-02,normal:2025-04-02:530,normal:2025-04-02:530_obj5,89f9b9ab3b532a6c582f79b22f3b8ad20ab20407cbe514c5ebf3d3d67fe2567d
training/2025-04-02/objects_parts/530_obj8_centered.png,train,good,0,2025-04-02,normal:2025-04-02:530,normal:2025-04-02:530_obj8,20538c645c578a8f528e451c3e5549d74cd3bf1769e0c03bb77f52423a2731cb
training/2025-04-02/objects_parts/531_obj5_tile_3183_1667.png,train,good,0,2025-04-02,normal:2025-04-02:531,normal:2025-04-02:531_obj5,86aff10a57ee3a9720d071b24814a83bb3df239f4978130a49e33e5b92e647f3
training/2025-04-02/objects_parts/531_obj5_tile_3375_1475.png,train,good,0,2025-04-02,normal:2025-04-02:531,normal:2025-04-02:531_obj5,e4e5af33c6df957fa85f0982ce1447105400b96036f1c32a46dd8a2a08400026
training/2025-04-02/objects_parts/531_obj5_tile_3375_1667.png,train,good,0,2025-04-02,normal:2025-04-02:531,normal:2025-04-02:531_obj5,a2e383d2ca7e338610ec302543861c9c316c6206bf4efc029b84a89152ec24f5
training/2025-04-02/objects_parts/531_obj8_centered.png,train,good,0,2025-04-02,normal:2025-04-02:531,normal:2025-04-02:531_obj8,5133e2c15e8eb31c4ca3cf5df3984f0e44c42b236503eacf58b8e7e06be4adf4
training/2025-04-02/objects_parts/555_obj5_tile_3184_1669.png,train,good,0,2025-04-02,normal:2025-04-02:555,normal:2025-04-02:555_obj5,3a0a9a6fb99c7b2df8d3fca3befadbed4b565541e2fb9b3f289a59d719b4aa03
training/2025-04-02/objects_parts/555_obj5_tile_3376_1477.png,train,good,0,2025-04-02,normal:2025-04-02:555,normal:2025-04-02:555_obj5,c0109cf5e154212305a8bd43c740e48bf4a11006a57bdd2d65852a2d499f7d75
training/2025-04-02/objects_parts/555_obj5_tile_3376_1669.png,train,good,0,2025-04-02,normal:2025-04-02:555,normal:2025-04-02:555_obj5,8ae0503458f4fd2e5dcea9aff6a4be2a7ed4391a6e0429f121a464b92c79aded
training/2025-04-02/objects_parts/555_obj8_centered.png,train,good,0,2025-04-02,normal:2025-04-02:555,normal:2025-04-02:555_obj8,66a64a5cf10a3807213a4eb6ec55e1bad4e801a163e8e67cd245b850cb2c797a
training/2025-04-02/objects_parts/578_obj5_tile_3183_1473.png,train,good,0,2025-04-02,normal:2025-04-02:578,normal:2025-04-02:578_obj5,faaf109dd864754c9a049aafac3edfda884abadcbc9eb9660460c2587c1032f0
training/2025-04-02/objects_parts/578_obj5_tile_3183_1665.png,train,good,0,2025-04-02,normal:2025-04-02:578,normal:2025-04-02:578_obj5,bad4b2a7eaa5e7f51451b94a70cedd15ae02d738d09a338649e670a677fb80b2
training/2025-04-02/objects_parts/578_obj5_tile_3375_1473.png,train,good,0,2025-04-02,normal:2025-04-02:578,normal:2025-04-02:578_obj5,5fdb6e637b55b1c05e3b2da62dc2cb576b5c113761b20a9b95c828f91d81d9cc
training/2025-04-02/objects_parts/578_obj8_centered.png,train,good,0,2025-04-02,normal:2025-04-02:578,normal:2025-04-02:578_obj8,86b60b4e5a5c4ba5e2071152cc82c232d6c65cb63f62ea897d8c7f0e6c8c0826
training/2025-04-02/objects_parts/615_obj5_tile_3179_1474.png,train,good,0,2025-04-02,normal:2025-04-02:615,normal:2025-04-02:615_obj5,5ed2d4902814afc266212d8534c72e49c2f39f4b13188ff81a108debe7a49d22
training/2025-04-02/objects_parts/615_obj5_tile_3179_1666.png,train,good,0,2025-04-02,normal:2025-04-02:615,normal:2025-04-02:615_obj5,6c3620cf34fdbcbf56fd587ca81b82c755771d4bef6d36f34387b8c79e9be1d0
training/2025-04-02/objects_parts/615_obj5_tile_3371_1474.png,train,good,0,2025-04-02,normal:2025-04-02:615,normal:2025-04-02:615_obj5,7e3097fcd9fdd4fd2f9dbd7339835dc058ed4c88317f3c8e3aad760e6c0a2526
training/2025-04-02/objects_parts/615_obj5_tile_3371_1666.png,train,good,0,2025-04-02,normal:2025-04-02:615,normal:2025-04-02:615_obj5,d84d751e946f0e20b94aaebdd2a03c6ee2d380785b8343ef3d7d22eb4378a8d5
training/2025-04-02/objects_parts/615_obj8_centered.png,train,good,0,2025-04-02,normal:2025-04-02:615,normal:2025-04-02:615_obj8,ccf15c28fa91c816aaed28996a1da2d4662277d15770300b62b01b5ea043cc88
training/2025-04-02/objects_parts/616_obj5_tile_3179_1474.png,train,good,0,2025-04-02,normal:2025-04-02:616,normal:2025-04-02:616_obj5,d7754849a4a188322a378e26b57fc83ffb36fea96dc8531d12554bb2989886e6
training/2025-04-02/objects_parts/616_obj5_tile_3179_1666.png,train,good,0,2025-04-02,normal:2025-04-02:616,normal:2025-04-02:616_obj5,5a4a716dc3fb777d830c8c2855a750a4fca8bee5f22f4330e842f4be34aec3ae
training/2025-04-02/objects_parts/616_obj5_tile_3371_1666.png,train,good,0,2025-04-02,normal:2025-04-02:616,normal:2025-04-02:616_obj5,2a08473636e5a2d0e764132fc5badd137d11c25534a163a1ea6dc09147efbc5a
training/2025-04-02/objects_parts/616_obj8_centered.png,train,good,0,2025-04-02,normal:2025-04-02:616,normal:2025-04-02:616_obj8,ded2bb9ac687d67193e5662ec7c22c1084fc7cb6d8e37d68db1dc7a11e37a206
training/2025-04-02/objects_parts/617_obj5_tile_3179_1474.png,train,good,0,2025-04-02,normal:2025-04-02:617,normal:2025-04-02:617_obj5,97e10000628b305b347681284ab9b41dbfde665332f95e1a1379ce1477538c5e
training/2025-04-02/objects_parts/617_obj5_tile_3179_1666.png,train,good,0,2025-04-02,normal:2025-04-02:617,normal:2025-04-02:617_obj5,410619734d53cb3df489b16531a6a9f0e1bb95d0edf9c82ca70a396ea496e4a9
training/2025-04-02/objects_parts/617_obj5_tile_3371_1474.png,train,good,0,2025-04-02,normal:2025-04-02:617,normal:2025-04-02:617_obj5,790edc9a57b6948a3479dd5b29306b1583f5b915875cd5baf7ef2be91ab182aa
training/2025-04-02/objects_parts/617_obj8_centered.png,train,good,0,2025-04-02,normal:2025-04-02:617,normal:2025-04-02:617_obj8,1cf7fdbcdf38f58f26078f45abd2dab193c7bfd0f7b208ec747e052c79516d6f
training/2025-04-02/objects_parts/618_obj5_tile_3179_1666.png,train,good,0,2025-04-02,normal:2025-04-02:618,normal:2025-04-02:618_obj5,02c6557a95de3b366e04bf2050e82a35b12ac0e64814c6a9c3c0c2615e42219e
training/2025-04-02/objects_parts/618_obj5_tile_3371_1474.png,train,good,0,2025-04-02,normal:2025-04-02:618,normal:2025-04-02:618_obj5,ec767e7a7d230b264ba2792df14c2f41b3704f34c0a11dcfa725716a25721fe3
training/2025-04-02/objects_parts/618_obj5_tile_3371_1666.png,train,good,0,2025-04-02,normal:2025-04-02:618,normal:2025-04-02:618_obj5,25fd83927fdd638bea3c0192356848f9a3c7f9caabbc2a94a6b724917f0e63da
training/2025-04-02/objects_parts/618_obj8_centered.png,train,good,0,2025-04-02,normal:2025-04-02:618,normal:2025-04-02:618_obj8,7038e6d25b68ad04c33ff3a44df344306acdb9c534fd99f56badd4937dab2286
training/2025-04-02/objects_parts/619_obj5_tile_3179_1475.png,train,good,0,2025-04-02,normal:2025-04-02:619,normal:2025-04-02:619_obj5,88d3b723363809f74581aa8999c585f98242f5eb7b8aa0f18b88fc196559d57d
training/2025-04-02/objects_parts/619_obj5_tile_3371_1475.png,train,good,0,2025-04-02,normal:2025-04-02:619,normal:2025-04-02:619_obj5,354b7d65eb6eee7e14a88f5910bd3d61f65d82dd3dd5098fc95d5d264c34d0e2
training/2025-04-02/objects_parts/619_obj5_tile_3371_1667.png,train,good,0,2025-04-02,normal:2025-04-02:619,normal:2025-04-02:619_obj5,93236259a7a3fba26d12ce86af663038287a819e707cfb9533f78e1bc7cc1454
training/2025-04-02/objects_parts/619_obj8_centered.png,train,good,0,2025-04-02,normal:2025-04-02:619,normal:2025-04-02:619_obj8,7b9d46ad45bda716f5ec7b811ebb3b066d930bdd958ec1edb6bcd85a56695817
training/2025-04-02/objects_parts/620_obj5_tile_3179_1475.png,train,good,0,2025-04-02,normal:2025-04-02:620,normal:2025-04-02:620_obj5,63ff65f8a7947a72eae854632ba4ddad495fdc0c310af07b533b4a26199e0d6a
training/2025-04-02/objects_parts/620_obj5_tile_3371_1475.png,train,good,0,2025-04-02,normal:2025-04-02:620,normal:2025-04-02:620_obj5,7c7502d7ffdaa997330f30da77dbe09cdf19e9a6840e0c0debcb936e846cd56a
training/2025-04-02/objects_parts/620_obj5_tile_3371_1667.png,train,good,0,2025-04-02,normal:2025-04-02:620,normal:2025-04-02:620_obj5,31e547527768034f88f442fee6277db8f55ad34d9f60e3e5b828ee09ef62aa9c
training/2025-04-02/objects_parts/620_obj8_centered.png,train,good,0,2025-04-02,normal:2025-04-02:620,normal:2025-04-02:620_obj8,bf22bc106906ff86f6be907dd96419251866b7abaf3aab8c1cd24d26456a993f
training/2025-04-02/objects_parts/622_obj5_tile_3178_1475.png,train,good,0,2025-04-02,normal:2025-04-02:622,normal:2025-04-02:622_obj5,060d9a81616e95de7d52a25437a94f1db971b6dfd21516da331fef1a8631f6c1
training/2025-04-02/objects_parts/622_obj5_tile_3178_1667.png,train,good,0,2025-04-02,normal:2025-04-02:622,normal:2025-04-02:622_obj5,f6191895e0880043b4784015801d1d15bf29663a99db8c60a2dd598e93e1e792
training/2025-04-02/objects_parts/622_obj5_tile_3370_1475.png,train,good,0,2025-04-02,normal:2025-04-02:622,normal:2025-04-02:622_obj5,da9250c37c4f87c8138f5ed5089c3a80cfc5e999051b898cca7587e588e0e3a2
training/2025-04-02/objects_parts/622_obj5_tile_3370_1667.png,train,good,0,2025-04-02,normal:2025-04-02:622,normal:2025-04-02:622_obj5,230b73a199f15cd5d9a7b8b1e4b90af2595095c6c06fbacd14200e81f03eea4d
training/2025-04-02/objects_parts/622_obj8_centered.png,train,good,0,2025-04-02,normal:2025-04-02:622,normal:2025-04-02:622_obj8,23c9aca81c95aeb0d25bf4b6dab69f2a2a4441f990f98a3cb64cead2b65a60f6
training/2025-04-02/objects_parts/623_obj5_tile_3178_1475.png,train,good,0,2025-04-02,normal:2025-04-02:623,normal:2025-04-02:623_obj5,8e2097716ba9493db9ade538472a254f6c2f29d85ccba01bd943bcbdebd485d4
training/2025-04-02/objects_parts/623_obj5_tile_3178_1667.png,train,good,0,2025-04-02,normal:2025-04-02:623,normal:2025-04-02:623_obj5,cb7a1bb9c124be5948de3ef61401afc5da17040e9972e8286e295e9d09125aaf
training/2025-04-02/objects_parts/623_obj5_tile_3370_1667.png,train,good,0,2025-04-02,normal:2025-04-02:623,normal:2025-04-02:623_obj5,e086dd2da8ed03f65ddc4d74d2fb833939a63aa9b8cac98a1eaf708e7991a7f6
training/2025-04-02/objects_parts/623_obj8_centered.png,train,good,0,2025-04-02,normal:2025-04-02:623,normal:2025-04-02:623_obj8,cdb2a9736b951d64f1065a69d3fa5670bf9affd41c80aeb9a0271f26e054105a
training/2025-04-02/objects_parts/624_obj5_tile_3178_1476.png,train,good,0,2025-04-02,normal:2025-04-02:624,normal:2025-04-02:624_obj5,fbc923dc8f4ab436f3d08103bda8f1ba9ac4301f27facd4e5fee6a97f0d3b67e
training/2025-04-02/objects_parts/624_obj5_tile_3178_1668.png,train,good,0,2025-04-02,normal:2025-04-02:624,normal:2025-04-02:624_obj5,9c82f68f1cc45be6997a72ad993045079e0b2dfe6d1c6738de955f181edd7838
training/2025-04-02/objects_parts/624_obj5_tile_3370_1668.png,train,good,0,2025-04-02,normal:2025-04-02:624,normal:2025-04-02:624_obj5,79eefe05ac780027d39db4dda083cc75a7a14e8e91218a9005b7b9a0ed9b59e3
training/2025-04-02/objects_parts/624_obj8_centered.png,train,good,0,2025-04-02,normal:2025-04-02:624,normal:2025-04-02:624_obj8,d1ad2a9f7c6538746e84345243a448c7af8f2546b151ea1f516bde1e81bdfb54
training/2025-04-02/objects_parts/625_obj5_tile_3177_1476.png,train,good,0,2025-04-02,normal:2025-04-02:625,normal:2025-04-02:625_obj5,fa82dca53b073e9c188f549a88d7b830ec1c17a083525b36d672e6254832292f
training/2025-04-02/objects_parts/625_obj5_tile_3177_1668.png,train,good,0,2025-04-02,normal:2025-04-02:625,normal:2025-04-02:625_obj5,95796033ce4b8b95e2894c6042677504e320f5a793c40514c3e55ae0fee9757e
training/2025-04-02/objects_parts/625_obj5_tile_3369_1476.png,train,good,0,2025-04-02,normal:2025-04-02:625,normal:2025-04-02:625_obj5,7cfc559dc334ec734b73587e2aa36eb51bb145c4309aa14af04d64b7bfd48a80
training/2025-04-02/objects_parts/625_obj8_centered.png,train,good,0,2025-04-02,normal:2025-04-02:625,normal:2025-04-02:625_obj8,1e783315394cf27923da12c02577217d44dc05f1a6c6c1f1438010e6d91a9d05
training/2025-04-02/objects_parts/626_obj5_tile_3177_1476.png,train,good,0,2025-04-02,normal:2025-04-02:626,normal:2025-04-02:626_obj5,0af13122d5e7a77f6222b548510be8a1a980c01a77f84526c6d9c972dcb2632f
training/2025-04-02/objects_parts/626_obj5_tile_3177_1668.png,train,good,0,2025-04-02,normal:2025-04-02:626,normal:2025-04-02:626_obj5,6b374dbf83f6cccc2f09c2c7f003842beabfd8b276896b2564d09c33d2b562e1
training/2025-04-02/objects_parts/626_obj5_tile_3369_1476.png,train,good,0,2025-04-02,normal:2025-04-02:626,normal:2025-04-02:626_obj5,3455ab5f1ba0c264def3f2a194c301e12d45fc17e3fe5ed086b775a4dc5968b5
training/2025-04-02/objects_parts/626_obj5_tile_3369_1668.png,train,good,0,2025-04-02,normal:2025-04-02:626,normal:2025-04-02:626_obj5,322d83346aba5f927f2cd247850b85f677b51dd9c0a539fbe5fe7ec16b92cb43
training/2025-04-02/objects_parts/626_obj8_centered.png,train,good,0,2025-04-02,normal:2025-04-02:626,normal:2025-04-02:626_obj8,b5a9857a99c949c360276880965927b75eae353c3b5f7ecc866ca513ddbf479c
training/2025-04-02/objects_parts/628_obj5_tile_3177_1669.png,train,good,0,2025-04-02,normal:2025-04-02:628,normal:2025-04-02:628_obj5,6f1b61a64d5a07c53a3aa71c11441cf5b97fc97b0bedb9f814d477321479fe74
training/2025-04-02/objects_parts/628_obj5_tile_3369_1477.png,train,good,0,2025-04-02,normal:2025-04-02:628,normal:2025-04-02:628_obj5,15dddafeb15337a87d690bd2f7dc2d1c904f293f082c6a58d98246790d9527ad
training/2025-04-02/objects_parts/628_obj5_tile_3369_1669.png,train,good,0,2025-04-02,normal:2025-04-02:628,normal:2025-04-02:628_obj5,4ec977584c27faf29095fa24824232120841935520ad130f6a4b027f0fd548d6
training/2025-04-02/objects_parts/628_obj8_centered.png,train,good,0,2025-04-02,normal:2025-04-02:628,normal:2025-04-02:628_obj8,3f3252503a846fe15937ab807536b277a078f2ff310a9a4fe2a561468ed8e48e
training/2025-04-02/objects_parts/629_obj5_tile_3175_1477.png,train,good,0,2025-04-02,normal:2025-04-02:629,normal:2025-04-02:629_obj5,ba1b6bd851d3fb832b613d3e7459f6fc56f239fc9dfbaa07b42e3e327c139671
training/2025-04-02/objects_parts/629_obj5_tile_3367_1477.png,train,good,0,2025-04-02,normal:2025-04-02:629,normal:2025-04-02:629_obj5,7f3d64ee00b269794fa5957cc74bd007b1c4e60e6e4cbbc0e02c70bdad96fbcd
training/2025-04-02/objects_parts/629_obj5_tile_3367_1669.png,train,good,0,2025-04-02,normal:2025-04-02:629,normal:2025-04-02:629_obj5,5c29248e59ddad7f5f42fe5c32b08b1b89111d42a7aff31b1bd3ac69773562eb
training/2025-04-02/objects_parts/629_obj8_centered.png,train,good,0,2025-04-02,normal:2025-04-02:629,normal:2025-04-02:629_obj8,e394c498482935f21d253a031380453010da309077e272874573c47866c174a6
training/2025-04-02/objects_parts/630_obj5_tile_3175_1669.png,train,good,0,2025-04-02,normal:2025-04-02:630,normal:2025-04-02:630_obj5,a28e53ae32a3893075cc200aaf304e5bf4dcb02cbc6d9faa7a306d8f3939774f
training/2025-04-02/objects_parts/630_obj5_tile_3367_1477.png,train,good,0,2025-04-02,normal:2025-04-02:630,normal:2025-04-02:630_obj5,c6b65a064ee30fb5864f4792dc84054521b74fd56cef4b78872da4c1ea4ac199
training/2025-04-02/objects_parts/630_obj5_tile_3367_1669.png,train,good,0,2025-04-02,normal:2025-04-02:630,normal:2025-04-02:630_obj5,e7474f763bd403350337e3fe8df530b6341421de0f4e819acc75c700aa143e2d
training/2025-04-02/objects_parts/630_obj8_centered.png,train,good,0,2025-04-02,normal:2025-04-02:630,normal:2025-04-02:630_obj8,47b6eedcebc57521bbd6232f3d7803c55a1ca21f27bd70dec01a86258b403424
training/2025-04-02/objects_parts/632_obj5_tile_3175_1478.png,train,good,0,2025-04-02,normal:2025-04-02:632,normal:2025-04-02:632_obj5,4f868e001a49bb0cce2d0676ff84dd53521cad7b6c20b2dd5a39ea0ca8596e23
training/2025-04-02/objects_parts/632_obj5_tile_3175_1670.png,train,good,0,2025-04-02,normal:2025-04-02:632,normal:2025-04-02:632_obj5,f026db6187550ae7a5f9bfb1507bad58362d9e6887148272b3d138aba35bed94
training/2025-04-02/objects_parts/632_obj5_tile_3367_1478.png,train,good,0,2025-04-02,normal:2025-04-02:632,normal:2025-04-02:632_obj5,5a9c63c7a0b43954d213ee479d9d5f7276ae0748acaba96d4decdf8d7e9efd21
training/2025-04-02/objects_parts/632_obj5_tile_3367_1670.png,train,good,0,2025-04-02,normal:2025-04-02:632,normal:2025-04-02:632_obj5,af40b7519797efcab5083b0e5490f3a0d3311bee659e847ac51f9ba379a097ea
training/2025-04-02/objects_parts/632_obj8_centered.png,train,good,0,2025-04-02,normal:2025-04-02:632,normal:2025-04-02:632_obj8,f40a1844fef70b1e4daa61d5ddddfdff984c2078cbbdcbf6a015e91bbed0c63e
training/2025-04-02/objects_parts/633_obj5_tile_3174_1478.png,train,good,0,2025-04-02,normal:2025-04-02:633,normal:2025-04-02:633_obj5,36bdc74ba0a0f5f8ef1996851251269c7dfc4d98f332e73dd1295d8f115e2509
training/2025-04-02/objects_parts/633_obj5_tile_3174_1670.png,train,good,0,2025-04-02,normal:2025-04-02:633,normal:2025-04-02:633_obj5,c187491f08882d0ed80f0530faf0879a2491c2148273a13a5b78201f883d9396
training/2025-04-02/objects_parts/633_obj5_tile_3366_1670.png,train,good,0,2025-04-02,normal:2025-04-02:633,normal:2025-04-02:633_obj5,3d372e0c55715292d94b0a34b73bdc438a7bfe9bd7de296b68ab022a4871af4c
training/2025-04-02/objects_parts/633_obj8_centered.png,train,good,0,2025-04-02,normal:2025-04-02:633,normal:2025-04-02:633_obj8,6681d4d74cab47138cee8bb704887dab4de59fe8cf81c53749895b1dd64bf409
training/2025-04-02/objects_parts/635_obj5_tile_3174_1478.png,train,good,0,2025-04-02,normal:2025-04-02:635,normal:2025-04-02:635_obj5,0667b8bf9c393122f5596257b8bfde5281b0a6bd415bc86889a38353377d67c1
training/2025-04-02/objects_parts/635_obj5_tile_3174_1670.png,train,good,0,2025-04-02,normal:2025-04-02:635,normal:2025-04-02:635_obj5,13854fa0c1b0a60bed223d4ebe546f741329add4a72bd557c49032a17b5ca8fc
training/2025-04-02/objects_parts/635_obj5_tile_3366_1478.png,train,good,0,2025-04-02,normal:2025-04-02:635,normal:2025-04-02:635_obj5,57c6e2969daebf84c143c7e0fe06455d9cfd88ac7a3fa158599139c1400f7414
training/2025-04-02/objects_parts/635_obj8_centered.png,train,good,0,2025-04-02,normal:2025-04-02:635,normal:2025-04-02:635_obj8,9ce65dcb48ae2aa70dc4790b620e5f6b693e67e21e1ae38603ba5700da945d46
training/2025-04-02/objects_parts/637_obj5_tile_3173_1671.png,train,good,0,2025-04-02,normal:2025-04-02:637,normal:2025-04-02:637_obj5,3981b7022098fb545d5010954300d0282b2a6caf280418cabf9ca1e508ecf0a0
training/2025-04-02/objects_parts/637_obj5_tile_3365_1479.png,train,good,0,2025-04-02,normal:2025-04-02:637,normal:2025-04-02:637_obj5,d5b965bf3e5403eeda49934e9455614b2f3eb5ca8eaabc678907aa8c75b013a5
training/2025-04-02/objects_parts/637_obj5_tile_3365_1671.png,train,good,0,2025-04-02,normal:2025-04-02:637,normal:2025-04-02:637_obj5,b327c1857ce8882147e52874f7280c097d9d5b7daa8e5db19e37927f9fac9ef2
training/2025-04-02/objects_parts/637_obj8_centered.png,train,good,0,2025-04-02,normal:2025-04-02:637,normal:2025-04-02:637_obj8,f5d3a309bbb15caee1e4a48452f2234be32c95ef67e7bcb3f64a5adc2fff4a6c
training/2025-04-02/objects_parts/638_obj5_tile_3173_1479.png,train,good,0,2025-04-02,normal:2025-04-02:638,normal:2025-04-02:638_obj5,f73bf29224a0a7c0208392f89b770e31c5686dfa52ec0e6891acca2d72032477
training/2025-04-02/objects_parts/638_obj5_tile_3365_1479.png,train,good,0,2025-04-02,normal:2025-04-02:638,normal:2025-04-02:638_obj5,b1ed15099ad7d247f7f4186621cc71ec3ef8d43e2f02a54f728cd051f90cd0dd
training/2025-04-02/objects_parts/638_obj5_tile_3365_1671.png,train,good,0,2025-04-02,normal:2025-04-02:638,normal:2025-04-02:638_obj5,be03ea2fec39a50efa45f49243ba927f3fb5dfd5376071ca12fad37b4d6a67b8
training/2025-04-02/objects_parts/638_obj8_centered.png,train,good,0,2025-04-02,normal:2025-04-02:638,normal:2025-04-02:638_obj8,1ea5bc9764521fd915415967245f8702f9b1a4675a27cafacb80f873135d8c47
training/2025-04-02/objects_parts/639_obj5_tile_3173_1480.png,train,good,0,2025-04-02,normal:2025-04-02:639,normal:2025-04-02:639_obj5,1c3996ca1122b00351cdc1d88bc9d1c2a94e557da302c6a26dac0909f639c391
training/2025-04-02/objects_parts/639_obj5_tile_3173_1672.png,train,good,0,2025-04-02,normal:2025-04-02:639,normal:2025-04-02:639_obj5,60c05ec6ffd1405f776bd090d503d3cd829402296b8f04366b83c0a17352d8b5
training/2025-04-02/objects_parts/639_obj5_tile_3365_1480.png,train,good,0,2025-04-02,normal:2025-04-02:639,normal:2025-04-02:639_obj5,714a69a0345e55abb47dcf896f0d6205821f29dab8ba8f0c9fa54d5186a4cd17
training/2025-04-02/objects_parts/639_obj8_centered.png,train,good,0,2025-04-02,normal:2025-04-02:639,normal:2025-04-02:639_obj8,b55254efb2e05f0172c5bb30b19dec1cf20856d1f69a0948595acbfaab672ad6
training/2025-04-02/objects_parts/640_obj5_tile_3173_1480.png,train,good,0,2025-04-02,normal:2025-04-02:640,normal:2025-04-02:640_obj5,2bc8f5b65ea6aa87430bb00ff58b57480aeb41301ee01edf777f9f046d99aaf3
training/2025-04-02/objects_parts/640_obj5_tile_3173_1672.png,train,good,0,2025-04-02,normal:2025-04-02:640,normal:2025-04-02:640_obj5,42da94ecfe0c2db18f723951e6589865107264ad6b239e01e977809e7f8d1f68
training/2025-04-02/objects_parts/640_obj5_tile_3365_1480.png,train,good,0,2025-04-02,normal:2025-04-02:640,normal:2025-04-02:640_obj5,5b3347a2ac8398a81fad20fff316bf29efa8ba595a0d956bfe98b0053cf98a82
training/2025-04-02/objects_parts/640_obj5_tile_3365_1672.png,train,good,0,2025-04-02,normal:2025-04-02:640,normal:2025-04-02:640_obj5,b8c6566cde7d5ea68ccb13d9104e46c81e26c133caed239a1e52f37a36540786
training/2025-04-02/objects_parts/640_obj8_centered.png,train,good,0,2025-04-02,normal:2025-04-02:640,normal:2025-04-02:640_obj8,5a2f5c33c32db332f0358f6a8eefb33eca3e4b5a511b0d302ea8415bf2db5ddc
training/2025-04-02/objects_parts/641_obj5_tile_3173_1480.png,train,good,0,2025-04-02,normal:2025-04-02:641,normal:2025-04-02:641_obj5,ffeb4e64bc8485c377e4c832c3b520f0e90f35a818655a3a564c86e4a334de22
training/2025-04-02/objects_parts/641_obj5_tile_3365_1480.png,train,good,0,2025-04-02,normal:2025-04-02:641,normal:2025-04-02:641_obj5,90664064d0a1f23b13550d9c3168aa3fa29768bce74ce14a10333ee94623a131
training/2025-04-02/objects_parts/641_obj5_tile_3365_1672.png,train,good,0,2025-04-02,normal:2025-04-02:641,normal:2025-04-02:641_obj5,c344aaad2a65a9c48cda81443dbb388edb9a0d0625a1fa5bb20194c64a7a2a15
training/2025-04-02/objects_parts/641_obj8_centered.png,train,good,0,2025-04-02,normal:2025-04-02:641,normal:2025-04-02:641_obj8,717c404b5bdeb807c247a55eea117bec5dafdb41b8a86bb626e6b54f87fd13bf
training/2025-04-02/objects_parts/642_obj5_tile_3173_1480.png,train,good,0,2025-04-02,normal:2025-04-02:642,normal:2025-04-02:642_obj5,b3627f877c5db96c85af67e02202c13d364599f5e42775fd247f4da61f6a4f2c
training/2025-04-02/objects_parts/642_obj5_tile_3173_1672.png,train,good,0,2025-04-02,normal:2025-04-02:642,normal:2025-04-02:642_obj5,5c9b6cdd4929e428459e4e50828229da4a560b28d4f5590d65e8de7639e8826e
training/2025-04-02/objects_parts/642_obj5_tile_3365_1480.png,train,good,0,2025-04-02,normal:2025-04-02:642,normal:2025-04-02:642_obj5,c0fcc8588ded2e342aa0a14841322da0db944b2bccb9d9acefebc05424df9e5a
training/2025-04-02/objects_parts/642_obj8_centered.png,train,good,0,2025-04-02,normal:2025-04-02:642,normal:2025-04-02:642_obj8,a1e098071b4e30549f4f0da7745b247bd12f0e517eb6621f43b3e9ac5b2f068d
training/2025-04-02/objects_parts/645_obj11_tile_3101_1077.png,train,good,0,2025-04-02,normal:2025-04-02:645,normal:2025-04-02:645_obj11,9197c5e441fe6a05cf2eb802077c2004782da56a84808800fb532d6ed5d40c1e
training/2025-04-02/objects_parts/645_obj11_tile_3101_1269.png,train,good,0,2025-04-02,normal:2025-04-02:645,normal:2025-04-02:645_obj11,86f1ff3a9732ed2fded8c2ec09f7a1ad852c5434851ef68b673b6b6be8074b01
training/2025-04-02/objects_parts/645_obj11_tile_3293_1077.png,train,good,0,2025-04-02,normal:2025-04-02:645,normal:2025-04-02:645_obj11,b1b190b74d03fedd7debc56317089a9610fc4c0189f2aef45b4ac5c723ad1fe5
training/2025-04-02/objects_parts/645_obj5_tile_3171_1481.png,train,good,0,2025-04-02,normal:2025-04-02:645,normal:2025-04-02:645_obj5,6c52e45d79f332eb13642de5f9dbf1e1bfe7095bf7f3be982ced7a370c3beb8f
training/2025-04-02/objects_parts/645_obj5_tile_3171_1673.png,train,good,0,2025-04-02,normal:2025-04-02:645,normal:2025-04-02:645_obj5,e3358fce81af0b2a5466cd12ee1755d0b474df50e531bcbf2788f01dc04708d9
training/2025-04-02/objects_parts/645_obj5_tile_3363_1481.png,train,good,0,2025-04-02,normal:2025-04-02:645,normal:2025-04-02:645_obj5,00d9d051848f6b9b82077f1930ad55786ba771341c367770e20166525727f017
training/2025-04-02/objects_parts/645_obj8_centered.png,train,good,0,2025-04-02,normal:2025-04-02:645,normal:2025-04-02:645_obj8,31c4396613c15705a3d456ac3679234c7f9c9b98c459d24bf9f027cf02a2a290
training/2025-04-02/objects_parts/646_obj11_tile_3100_1269.png,train,good,0,2025-04-02,normal:2025-04-02:646,normal:2025-04-02:646_obj11,1b9c3ed386259fcbb4903aa69594e531c86ccf0df62bef58e31c34ab55463390
training/2025-04-02/objects_parts/646_obj11_tile_3292_1269.png,train,good,0,2025-04-02,normal:2025-04-02:646,normal:2025-04-02:646_obj11,8c802141dcbf46e2dacd6734d43a7622c6a95a101e5f92949c499c62d611d616
training/2025-04-02/objects_parts/646_obj11_tile_3484_1269.png,train,good,0,2025-04-02,normal:2025-04-02:646,normal:2025-04-02:646_obj11,00124916db5ccd7b64946c5fa819574fa612e3fc67a7ddbde920d073c4d12258
training/2025-04-02/objects_parts/646_obj5_tile_3171_1674.png,train,good,0,2025-04-02,normal:2025-04-02:646,normal:2025-04-02:646_obj5,3d2acb0109ab448900ce229d49b42cdb0492513a0e3050204536735430644380
training/2025-04-02/objects_parts/646_obj5_tile_3363_1482.png,train,good,0,2025-04-02,normal:2025-04-02:646,normal:2025-04-02:646_obj5,524a9f5b7142c3577e5e88a03ac9f19690b2dac7328dc1f2ed179cc4c16a64e0
training/2025-04-02/objects_parts/646_obj5_tile_3363_1674.png,train,good,0,2025-04-02,normal:2025-04-02:646,normal:2025-04-02:646_obj5,be1a8d5df43badbd69e7aa4f4d73e528a64a8ef0bc686747b8dc367901ec0415
training/2025-04-02/objects_parts/646_obj8_centered.png,train,good,0,2025-04-02,normal:2025-04-02:646,normal:2025-04-02:646_obj8,359ffbbb54b168e664a4305f8e1611f621b6a75bcd8bd259a64116ef7fe3efdd
training/2025-04-02/objects_parts/647_obj11_tile_3099_1077.png,train,good,0,2025-04-02,normal:2025-04-02:647,normal:2025-04-02:647_obj11,fa79637422d6719e554b6cfc81eea3dbfdb2dac5fbfdc210f01e319fb1f3975b
training/2025-04-02/objects_parts/647_obj11_tile_3291_885.png,train,good,0,2025-04-02,normal:2025-04-02:647,normal:2025-04-02:647_obj11,d5f7635fd47ef99af7aec6dbf0487312b93a3f27cff29baedd286685cafbf647
training/2025-04-02/objects_parts/647_obj11_tile_3483_1269.png,train,good,0,2025-04-02,normal:2025-04-02:647,normal:2025-04-02:647_obj11,070dcf8130fb40e808d5375dffd6b81a0912d7d58822b96d9c3f4ced258eabdf
training/2025-04-02/objects_parts/647_obj5_tile_3170_1482.png,train,good,0,2025-04-02,normal:2025-04-02:647,normal:2025-04-02:647_obj5,2bd5c81eef678e7be3f72a12ba4e3e7cff5c05cc8802029c12aace6b34c424f3
training/2025-04-02/objects_parts/647_obj5_tile_3170_1674.png,train,good,0,2025-04-02,normal:2025-04-02:647,normal:2025-04-02:647_obj5,d2e34aed182b6cfc86d637f35ee88568bdd6e20b4492d58dadbbaf45e9cec5ff
training/2025-04-02/objects_parts/647_obj5_tile_3362_1482.png,train,good,0,2025-04-02,normal:2025-04-02:647,normal:2025-04-02:647_obj5,d266013cdd91e72ef955e2ef86002ea5361c9aecd13ca19ca170934d9e22f8c3
training/2025-04-02/objects_parts/647_obj8_centered.png,train,good,0,2025-04-02,normal:2025-04-02:647,normal:2025-04-02:647_obj8,7a74cbdc665cb5063e2a109c455e06c0a52ac805f48576101ac11712f500d9c4
training/2025-04-02/objects_parts/648_obj11_tile_3100_884.png,train,good,0,2025-04-02,normal:2025-04-02:648,normal:2025-04-02:648_obj11,2fd34f0f1e38c2a9649e81921caaa46690985dfc7d98f1f085cca988ce1204a3
training/2025-04-02/objects_parts/648_obj11_tile_3292_1268.png,train,good,0,2025-04-02,normal:2025-04-02:648,normal:2025-04-02:648_obj11,713e3c010191d16cfb4c9e65ca7ebb97a6edec3188a29bfdaaa34c192eb71d93
training/2025-04-02/objects_parts/648_obj11_tile_3484_1076.png,train,good,0,2025-04-02,normal:2025-04-02:648,normal:2025-04-02:648_obj11,66ebad99a02863d33a80f79fd03ba99e83e7bf91ebfab16720512c75c7ddfa51
training/2025-04-02/objects_parts/648_obj5_tile_3170_1482.png,train,good,0,2025-04-02,normal:2025-04-02:648,normal:2025-04-02:648_obj5,ee041e19420ef0b51076324626dc6d3f0597b2077cd14c73f10ed7375993eab0
training/2025-04-02/objects_parts/648_obj5_tile_3170_1674.png,train,good,0,2025-04-02,normal:2025-04-02:648,normal:2025-04-02:648_obj5,b0f01e737ef395c7baf65b218b9b18460c81b2a5d5f99e7ec9d3ef4d6db76243
training/2025-04-02/objects_parts/648_obj5_tile_3362_1674.png,train,good,0,2025-04-02,normal:2025-04-02:648,normal:2025-04-02:648_obj5,43cb997893f02b2f8782dc2dce93703ed979e40941b77969cccfd6e6ccbcb323
training/2025-04-02/objects_parts/648_obj8_centered.png,train,good,0,2025-04-02,normal:2025-04-02:648,normal:2025-04-02:648_obj8,46350c6f0acf60b05f8a8fa13ea98f5832c9423ac1be01ece6c8ce8ecd4c60ce
training/2025-04-02/objects_parts/649_obj11_tile_3102_885.png,train,good,0,2025-04-02,normal:2025-04-02:649,normal:2025-04-02:649_obj11,037483496a2b343e43077e4943f3aa8198a65ed7bc30ea6fed97098e8a62147d
training/2025-04-02/objects_parts/649_obj11_tile_3294_1077.png,train,good,0,2025-04-02,normal:2025-04-02:649,normal:2025-04-02:649_obj11,8c8ba2bd44256cc82d4f81ba681283737ceceea136309b1377a82445b67b3680
training/2025-04-02/objects_parts/649_obj11_tile_3294_885.png,train,good,0,2025-04-02,normal:2025-04-02:649,normal:2025-04-02:649_obj11,cb89c55ad038f2ec0617337f6fbb19fe3383397f470a8568967bd5b1cf2a27fb
training/2025-04-02/objects_parts/649_obj5_tile_3169_1482.png,train,good,0,2025-04-02,normal:2025-04-02:649,normal:2025-04-02:649_obj5,485cb777ea6db7fdb0351835844aeb5e800c65e8d9695068b7351ec171554570
training/2025-04-02/objects_parts/649_obj5_tile_3169_1674.png,train,good,0,2025-04-02,normal:2025-04-02:649,normal:2025-04-02:649_obj5,1c03d807cbaabdfd3e0d6324e693d070a35ed1c4f0ffca3b0e7c507d08b3d31d
training/2025-04-02/objects_parts/649_obj5_tile_3361_1482.png,train,good,0,2025-04-02,normal:2025-04-02:649,normal:2025-04-02:649_obj5,d1507ad890be0d892c293065bb41d0bb1d5a28b50ac7eb0a83a97773be0a713a
training/2025-04-02/objects_parts/649_obj8_centered.png,train,good,0,2025-04-02,normal:2025-04-02:649,normal:2025-04-02:649_obj8,12a5146d159b96651eaa7da71ff7f4831704db80d13e5401f27c0ad19a5e2faf
training/2025-04-02/objects_parts/650_obj11_tile_3101_1078.png,train,good,0,2025-04-02,normal:2025-04-02:650,normal:2025-04-02:650_obj11,43109a232bcf07d024bb3b986cf86c99a24473173feb888b927acda67d447877
training/2025-04-02/objects_parts/650_obj11_tile_3101_886.png,train,good,0,2025-04-02,normal:2025-04-02:650,normal:2025-04-02:650_obj11,40cf1298b3f444a61ead429407e315af969d3762e56ba0d1e0987a9ce338cd19
training/2025-04-02/objects_parts/650_obj11_tile_3293_886.png,train,good,0,2025-04-02,normal:2025-04-02:650,normal:2025-04-02:650_obj11,907bc4600fbac87363b83c7b5f0ce6213aa1bcf8da95fbd1541064e154136bdc
training/2025-04-02/objects_parts/650_obj5_tile_3169_1482.png,train,good,0,2025-04-02,normal:2025-04-02:650,normal:2025-04-02:650_obj5,3ca9565e780fc281f39c4b82a6a8c1e6d3ff30aec67b81c76c66f2f782f21f80
training/2025-04-02/objects_parts/650_obj5_tile_3169_1674.png,train,good,0,2025-04-02,normal:2025-04-02:650,normal:2025-04-02:650_obj5,b026911f3f3b5feb9559a86b534fc2af7328b8562b93d5a923ed365ed6cc937a
training/2025-04-02/objects_parts/650_obj5_tile_3361_1482.png,train,good,0,2025-04-02,normal:2025-04-02:650,normal:2025-04-02:650_obj5,ef8fede491b7917081b543c739235fc4a9b402b5fe0b8fd5568748b677840e98
training/2025-04-02/objects_parts/650_obj5_tile_3361_1674.png,train,good,0,2025-04-02,normal:2025-04-02:650,normal:2025-04-02:650_obj5,d0e259d3f5fb834add1022f10217ce1043fa03581aa25751c4a0f84d3c465acb
training/2025-04-02/objects_parts/650_obj8_centered.png,train,good,0,2025-04-02,normal:2025-04-02:650,normal:2025-04-02:650_obj8,e617c1fd77a39d851c15825f65b4da4b5840a3a51ee88958c17ba5440f5e91a1
training/2025-04-02/objects_parts/677_obj5_tile_3161_1668.png,train,good,0,2025-04-02,normal:2025-04-02:677,normal:2025-04-02:677_obj5,eda6557f006bdedf5e175fc77d729792184e04834907fe3677461bd7c9a35109
training/2025-04-02/objects_parts/677_obj5_tile_3353_1476.png,train,good,0,2025-04-02,normal:2025-04-02:677,normal:2025-04-02:677_obj5,689eeaacd530a96d2615254854fd95d7b4f63b6148c2cc915ef09ca2a256171f
training/2025-04-02/objects_parts/677_obj5_tile_3353_1668.png,train,good,0,2025-04-02,normal:2025-04-02:677,normal:2025-04-02:677_obj5,86f45fbf68de1c042149e40ec9f695461b55dec1439dbfb2d03c067cb0ce57ea
training/2025-04-02/objects_parts/677_obj8_centered.png,train,good,0,2025-04-02,normal:2025-04-02:677,normal:2025-04-02:677_obj8,12031ffb64edc4fbf3e4269b198e887f3fe1e43aa10c4df02daa391502ec61db
training/2025-04-02/objects_parts/754_obj5_tile_3187_1518.png,train,good,0,2025-04-02,normal:2025-04-02:754,normal:2025-04-02:754_obj5,d9efd94e37901139cb471dffe0f23856c6c772cfc40c46b5be4f5aa4555401f0
training/2025-04-02/objects_parts/754_obj5_tile_3187_1710.png,train,good,0,2025-04-02,normal:2025-04-02:754,normal:2025-04-02:754_obj5,2ae6fd71e29627d45ada52409bf00f2379af48dfd05d84bf947532c4be1e64e4
training/2025-04-02/objects_parts/754_obj5_tile_3379_1518.png,train,good,0,2025-04-02,normal:2025-04-02:754,normal:2025-04-02:754_obj5,242e3871cbb7582bae27024946f29400915ed97ff6e805a840319126df7dbb47
training/2025-04-02/objects_parts/754_obj5_tile_3379_1710.png,train,good,0,2025-04-02,normal:2025-04-02:754,normal:2025-04-02:754_obj5,3d459204d09173235b52c90a6649b8b9e51cb6c63433de01a859e6ad2c274240
training/2025-04-02/objects_parts/754_obj8_centered.png,train,good,0,2025-04-02,normal:2025-04-02:754,normal:2025-04-02:754_obj8,78a1cb467660fd61c4de4103a61f474723237a967d54595f5c41de2e589b3e88
training/2025-04-02/objects_parts/80_obj5_tile_3166_1526.png,train,good,0,2025-04-02,normal:2025-04-02:80,normal:2025-04-02:80_obj5,cf1e013cd7750cf7cccdb2f88b4adb18d879368fadb1a0964286f4a552d8636a
training/2025-04-02/objects_parts/80_obj5_tile_3166_1718.png,train,good,0,2025-04-02,normal:2025-04-02:80,normal:2025-04-02:80_obj5,fa71559174214f9e72b1a308eaf985c1481753c6e3335e4633cf7f0b693b3424
training/2025-04-02/objects_parts/80_obj5_tile_3358_1526.png,train,good,0,2025-04-02,normal:2025-04-02:80,normal:2025-04-02:80_obj5,88b5771da93298cba1b810f812c9fa88f6ddee5cc511d230c8a8b0aa48313e26
training/2025-04-02/objects_parts/80_obj6_tile_1774_1955.png,train,good,0,2025-04-02,normal:2025-04-02:80,normal:2025-04-02:80_obj6,475c2f56230acfd564a31868dd76c4715d4785585e77c42c8d07f5d1e5b993ac
training/2025-04-02/objects_parts/80_obj6_tile_1774_2339.png,train,good,0,2025-04-02,normal:2025-04-02:80,normal:2025-04-02:80_obj6,f143cb3556fcc3820216a71439808a9b83bed3dff1d452e85d83b7d2a94a4060
training/2025-04-02/objects_parts/80_obj6_tile_2350_1955.png,train,good,0,2025-04-02,normal:2025-04-02:80,normal:2025-04-02:80_obj6,552551b868e32f38649208be8f8377c6ae052f434e416f623ef5935f680a48a2
training/2025-04-02/objects_parts/80_obj7_tile_2978_2068.png,train,good,0,2025-04-02,normal:2025-04-02:80,normal:2025-04-02:80_obj7,7fe5468541bb1581b0ed913ab75e0fd26a9fdae1c810fc93f93aa67cb672f464
training/2025-04-02/objects_parts/80_obj7_tile_3170_2068.png,train,good,0,2025-04-02,normal:2025-04-02:80,normal:2025-04-02:80_obj7,3cc073482dbeab3a9ff24784b2a978ff5f012857127b607c0dce6b3331401fa5
training/2025-04-02/objects_parts/80_obj7_tile_3362_2068.png,train,good,0,2025-04-02,normal:2025-04-02:80,normal:2025-04-02:80_obj7,800fc0f7a63bfd1595ce2dcb34ae8a3731fc3618ec48223ed22053cfc8bcd476
training/2025-04-02/objects_parts/80_obj8_centered.png,train,good,0,2025-04-02,normal:2025-04-02:80,normal:2025-04-02:80_obj8,9e2b634740e815c4d4d1e535276a2d3d7b795dddcc52ff9beeb4112d8c60ee90
training/2025-04-02/objects_parts/838_obj5_tile_3183_1523.png,train,good,0,2025-04-02,normal:2025-04-02:838,normal:2025-04-02:838_obj5,6734159e0cea06920bbea23c8e86bbe9808b4011b2d612b4963014b2200768bd
training/2025-04-02/objects_parts/838_obj5_tile_3183_1715.png,train,good,0,2025-04-02,normal:2025-04-02:838,normal:2025-04-02:838_obj5,6df8dba22405252d96a5923b4738f5ad56404ba8cce1a95468f6bae2f08e376b
training/2025-04-02/objects_parts/838_obj5_tile_3375_1523.png,train,good,0,2025-04-02,normal:2025-04-02:838,normal:2025-04-02:838_obj5,091a4b63a1cb5b4746de6b4a521dcd26c014b3ba835e9c5ebff97642f892825b
training/2025-04-02/objects_parts/838_obj8_centered.png,train,good,0,2025-04-02,normal:2025-04-02:838,normal:2025-04-02:838_obj8,5fa04069f8145eb1ea3d317859ac1848904873abc3ed1edc55c6e22325cbd8dc
training/2025-04-02/objects_parts/897_obj5_tile_3204_1533.png,train,good,0,2025-04-02,normal:2025-04-02:897,normal:2025-04-02:897_obj5,4d7b3f8e8d3c5f37535ec6a0f57e37ba9b6fee9d4d52f05ab7f916315ff3d168
training/2025-04-02/objects_parts/897_obj5_tile_3204_1725.png,train,good,0,2025-04-02,normal:2025-04-02:897,normal:2025-04-02:897_obj5,ebf59dd2e6f0a4dd4b1bc08c8b184439e65c3e83d573658f2c2fa0e370b0ec02
training/2025-04-02/objects_parts/897_obj5_tile_3396_1533.png,train,good,0,2025-04-02,normal:2025-04-02:897,normal:2025-04-02:897_obj5,3cdcf0cf056c07858412f14d1632c068ce152d76bf0c8df45f543322e8fedb9c
training/2025-04-02/objects_parts/897_obj5_tile_3396_1725.png,train,good,0,2025-04-02,normal:2025-04-02:897,normal:2025-04-02:897_obj5,b9ce2532452c9939ac6766a98aa521bb1e90505a508553589c565473cb2460cb
training/2025-04-02/objects_parts/897_obj8_centered.png,train,good,0,2025-04-02,normal:2025-04-02:897,normal:2025-04-02:897_obj8,18ad4a8f44df46ed74c16f4a2b6f79e1f4d9a8d9d721bd8ad9f1aa3add8321bb
training/2025-04-02/objects_parts/89_obj11_tile_3104_1080.png,train,good,0,2025-04-02,normal:2025-04-02:89,normal:2025-04-02:89_obj11,b2ad67efe0bdfddaddb509a742a7acd9124f0b4f05bca4e7436e1d1de4a338c7
training/2025-04-02/objects_parts/89_obj11_tile_3104_888.png,train,good,0,2025-04-02,normal:2025-04-02:89,normal:2025-04-02:89_obj11,18d19afe3bc210d8ea1a6f41aacb58327814aae88ea9f9f68c62f7532cdec7a4
training/2025-04-02/objects_parts/89_obj11_tile_3296_1080.png,train,good,0,2025-04-02,normal:2025-04-02:89,normal:2025-04-02:89_obj11,f818478aea738a70acf534eaecf7494298e2fc94e4d72f58e3fcd120b6d7817c
training/2025-04-02/objects_parts/89_obj11_tile_3296_888.png,train,good,0,2025-04-02,normal:2025-04-02:89,normal:2025-04-02:89_obj11,757bfd3f2563bcb7820d9795479a9652bf9df3b4415933b293f038c983251535
training/2025-04-02/objects_parts/89_obj5_tile_3165_1525.png,train,good,0,2025-04-02,normal:2025-04-02:89,normal:2025-04-02:89_obj5,acfcc4d026efcee47f535df30b0d50ee3203542e1f156ed45ffa3c1588fb3169
training/2025-04-02/objects_parts/89_obj5_tile_3165_1717.png,train,good,0,2025-04-02,normal:2025-04-02:89,normal:2025-04-02:89_obj5,e0318e34551813ee9a508d2298aa3cc1a1cba950cb039b01fa85272a2832dc6b
training/2025-04-02/objects_parts/89_obj5_tile_3357_1525.png,train,good,0,2025-04-02,normal:2025-04-02:89,normal:2025-04-02:89_obj5,b3146b14d713f1c26f827f27b6425eec0bebbc67377da35f63ded06efde9291d
training/2025-04-02/objects_parts/89_obj6_tile_1775_2146.png,train,good,0,2025-04-02,normal:2025-04-02:89,normal:2025-04-02:89_obj6,524f8e438f6b2c113488a66f7765f31ac02adc6468b721e78a76ab4a53de9bef
training/2025-04-02/objects_parts/89_obj6_tile_1967_2338.png,train,good,0,2025-04-02,normal:2025-04-02:89,normal:2025-04-02:89_obj6,8891eef56f59d2a4cbfb4dc5eaeb1722e32363d5647fd0458160b66c8bfb9013
training/2025-04-02/objects_parts/89_obj6_tile_2159_2530.png,train,good,0,2025-04-02,normal:2025-04-02:89,normal:2025-04-02:89_obj6,802d155d44217375e9d97ed55ce74fc195d6422e2b30276c8ba3e5f3b9015bc7
training/2025-04-02/objects_parts/89_obj7_tile_3170_2450.png,train,good,0,2025-04-02,normal:2025-04-02:89,normal:2025-04-02:89_obj7,79c119240236f285daad6bdc8d194740c36e21c42fc463696f5aa6f7ed4a227c
training/2025-04-02/objects_parts/89_obj7_tile_3362_2066.png,train,good,0,2025-04-02,normal:2025-04-02:89,normal:2025-04-02:89_obj7,6bf6a7dbf0e2cd00fe5140dcc1ed1e73ac1816855ca271860925846b902cfccc
training/2025-04-02/objects_parts/89_obj7_tile_3362_2258.png,train,good,0,2025-04-02,normal:2025-04-02:89,normal:2025-04-02:89_obj7,3418c36fc5664727c3bdef6e852394238f77be2c9bca90832c62c974148355ff
training/2025-04-02/objects_parts/89_obj8_centered.png,train,good,0,2025-04-02,normal:2025-04-02:89,normal:2025-04-02:89_obj8,dfd5edfbaac71f1e7a3be0f15e94c5349bd2a6dc6d8fa5a84c80303084987ee0
training/2025-04-02/objects_parts/90_obj5_tile_3165_1524.png,train,good,0,2025-04-02,normal:2025-04-02:90,normal:2025-04-02:90_obj5,95fae6383a6603e2ea90e80fb290a860f2e4c3a62a0f5321e6bec1faca9ad97f
training/2025-04-02/objects_parts/90_obj5_tile_3165_1716.png,train,good,0,2025-04-02,normal:2025-04-02:90,normal:2025-04-02:90_obj5,9dbde3543f7aabb4dae733a3fe9368f55c60a457cf80e7fa93399a8bf60b0848
training/2025-04-02/objects_parts/90_obj5_tile_3357_1524.png,train,good,0,2025-04-02,normal:2025-04-02:90,normal:2025-04-02:90_obj5,f9860667def34d3614d4a720de4945ce990b1ee7824a5814f7b83bea26c3c9df
training/2025-04-02/objects_parts/90_obj6_tile_1967_2339.png,train,good,0,2025-04-02,normal:2025-04-02:90,normal:2025-04-02:90_obj6,571ea39833ac4be6c6ab3599131f37c422c076090e87d74bbc6c7968a0687c94
training/2025-04-02/objects_parts/90_obj6_tile_2159_2147.png,train,good,0,2025-04-02,normal:2025-04-02:90,normal:2025-04-02:90_obj6,91ac405a6d42a331a0c046fe15173cf8b823872b9df3360b5edb1ad01e6445f2
training/2025-04-02/objects_parts/90_obj6_tile_2159_2531.png,train,good,0,2025-04-02,normal:2025-04-02:90,normal:2025-04-02:90_obj6,dc376db6c0651fcb5ff007927459e2256c1b06e5b12c8a634e24aa72f81fd89f
training/2025-04-02/objects_parts/90_obj7_tile_2977_2067.png,train,good,0,2025-04-02,normal:2025-04-02:90,normal:2025-04-02:90_obj7,a67906d012639498fe200ce6ced5fe9dfe28c8ab98c904bf48e723fc8edbabac
training/2025-04-02/objects_parts/90_obj7_tile_2977_2259.png,train,good,0,2025-04-02,normal:2025-04-02:90,normal:2025-04-02:90_obj7,c61a86f68f42d09a8f78ba0b2ee3faaf2b661397117998643827b7008800dc51
training/2025-04-02/objects_parts/90_obj7_tile_3169_2451.png,train,good,0,2025-04-02,normal:2025-04-02:90,normal:2025-04-02:90_obj7,2284fdc9aa2bfeb7145e2a25aa83272fa5e3eaa9eb6fba967b7943d87d5054da
training/2025-04-02/objects_parts/90_obj8_centered.png,train,good,0,2025-04-02,normal:2025-04-02:90,normal:2025-04-02:90_obj8,237696c017e023258b3b49ccfc1023bb86df772972d21c7fc494b8e4bc6395d7
training/2025-04-02/objects_parts/953_obj5_tile_3218_1528.png,train,good,0,2025-04-02,normal:2025-04-02:953,normal:2025-04-02:953_obj5,9d3da7c6097a4b1a78e6be47d956cbbe8cc17d507c63458c8a0d7e125e7375e5
training/2025-04-02/objects_parts/953_obj5_tile_3218_1720.png,train,good,0,2025-04-02,normal:2025-04-02:953,normal:2025-04-02:953_obj5,4c57f162c3aecca333e4cd36bc3f5c14cf94c90ab7adcd1f33b7c48c7e634ba9
training/2025-04-02/objects_parts/953_obj5_tile_3410_1720.png,train,good,0,2025-04-02,normal:2025-04-02:953,normal:2025-04-02:953_obj5,699b1aec42e58f9215dfbb740fba7ff94312a95ce98cfc26fc819029107382ff
training/2025-04-02/objects_parts/953_obj8_centered.png,train,good,0,2025-04-02,normal:2025-04-02:953,normal:2025-04-02:953_obj8,beadd56c4d5613d49f25ffda3d4c21be1cc225398eb645414fdc1c9fd1b9ca71
training/2025-05-26/objects_parts/135_obj1_centered.png,train,good,0,2025-05-26,normal:2025-05-26:135,normal:2025-05-26:135_obj1,1a7910113490127c8e40baa9c7faa0b9195f83467629d71e1c009f91b3288e8d
training/2025-05-26/objects_parts/135_obj2_tile_2283_1530.png,train,good,0,2025-05-26,normal:2025-05-26:135,normal:2025-05-26:135_obj2,1b7e2481b29b2d1014a7c110b2c15b802ab4962fd99c770a4e56f07aebc1a8d2
training/2025-05-26/objects_parts/135_obj3_centered.png,train,good,0,2025-05-26,normal:2025-05-26:135,normal:2025-05-26:135_obj3,b0107616c6c5275367ce6e265efcafd5ebc689db67df5418642e3155c15af814
training/2025-05-26/objects_parts/188_obj1_tile_2848_2230.png,train,good,0,2025-05-26,normal:2025-05-26:188,normal:2025-05-26:188_obj1,9e7f9e9b92b3192007aeb1222b12010a4c0fa9b4925e50d55a596cc839e8862c
training/2025-05-26/objects_parts/188_obj1_tile_2848_2422.png,train,good,0,2025-05-26,normal:2025-05-26:188,normal:2025-05-26:188_obj1,8d1ba422dfb3545582f0fe866e75f833dbe7e4b5b407d4c0aebe5e9aa3093378
training/2025-05-26/objects_parts/188_obj1_tile_3040_2230.png,train,good,0,2025-05-26,normal:2025-05-26:188,normal:2025-05-26:188_obj1,ad130dfd96db5a327aa27f4fa6da6b75adb23c15d9f239987b60aac6e502ff66
training/2025-05-26/objects_parts/188_obj1_tile_3040_2422.png,train,good,0,2025-05-26,normal:2025-05-26:188,normal:2025-05-26:188_obj1,04e9aa5842dd83edb007c4b56cd501501c8a97373daefcbe74e57a560061fb09
training/2025-05-26/objects_parts/188_obj1_tile_3232_2230.png,train,good,0,2025-05-26,normal:2025-05-26:188,normal:2025-05-26:188_obj1,efd1ef74e8ab086c184086b461212053576227bf113bc1ad113f3be137ea3a30
training/2025-05-26/objects_parts/188_obj1_tile_3232_2422.png,train,good,0,2025-05-26,normal:2025-05-26:188,normal:2025-05-26:188_obj1,27ea13c156f1d162022d617d4d7622899ee6eac0dcf411366eec48759e6fbe26
training/2025-05-26/objects_parts/188_obj2_tile_2281_1532.png,train,good,0,2025-05-26,normal:2025-05-26:188,normal:2025-05-26:188_obj2,f631988a798b84da4b1803428336943b4a93c6e0132db9e56042527c5a91bdea
training/2025-05-26/objects_parts/188_obj2_tile_2281_1724.png,train,good,0,2025-05-26,normal:2025-05-26:188,normal:2025-05-26:188_obj2,6f8cbc7bc714b2a2b74807f089a3330aef349cc818810482fcc06f0b178aed58
training/2025-05-26/objects_parts/188_obj2_tile_2473_1532.png,train,good,0,2025-05-26,normal:2025-05-26:188,normal:2025-05-26:188_obj2,cbeed64b1c4c13eec28c28b5d94fbbcf0be00b41b5a81d798405f43df12952e0
training/2025-05-26/objects_parts/188_obj3_tile_2093_2230.png,train,good,0,2025-05-26,normal:2025-05-26:188,normal:2025-05-26:188_obj3,89e81f0914ba9978208dce72ebd4e434540e7ab2d3ce5e822329ad4f524deac7
training/2025-05-26/objects_parts/188_obj3_tile_2093_2422.png,train,good,0,2025-05-26,normal:2025-05-26:188,normal:2025-05-26:188_obj3,d41922c247e417a2a6b15ead722f86f1b5a49944067e18207cd326749125a6a7
training/2025-05-26/objects_parts/188_obj3_tile_2285_2230.png,train,good,0,2025-05-26,normal:2025-05-26:188,normal:2025-05-26:188_obj3,2b3a088deea5a47ff742e0daf4834804bd0d90997de4e784aede380039540f63
training/2025-05-26/objects_parts/188_obj3_tile_2285_2422.png,train,good,0,2025-05-26,normal:2025-05-26:188,normal:2025-05-26:188_obj3,179f2cb762762af15b8ca598d269d3dcb2122cb5e61059733f16f3c7a20991e5
training/2025-05-26/objects_parts/189_obj1_tile_2847_2230.png,train,good,0,2025-05-26,normal:2025-05-26:189,normal:2025-05-26:189_obj1,aecc1879a324d674894adaa712d4ecf735c0757188fbf76b089524be3c33efc9
training/2025-05-26/objects_parts/189_obj1_tile_2847_2422.png,train,good,0,2025-05-26,normal:2025-05-26:189,normal:2025-05-26:189_obj1,db7872c05fccaecf5be8ae7014420b1a6ebe111a1ec2e93427339abb668c2159
training/2025-05-26/objects_parts/189_obj1_tile_3039_2230.png,train,good,0,2025-05-26,normal:2025-05-26:189,normal:2025-05-26:189_obj1,e2747d8bf636c128272ffe4c69843da37bd66cebd431516c398f5477f5be6a04
training/2025-05-26/objects_parts/189_obj1_tile_3039_2422.png,train,good,0,2025-05-26,normal:2025-05-26:189,normal:2025-05-26:189_obj1,2d896a6ee67e8de81ef0cc206d6a5efc8ead62eac1ed76f2c6087a46fcd61c08
training/2025-05-26/objects_parts/189_obj1_tile_3231_2230.png,train,good,0,2025-05-26,normal:2025-05-26:189,normal:2025-05-26:189_obj1,af04f6e09d3fafd4f0c3bcf7904ebda9da861779f1537991aa75379f38cda39e
training/2025-05-26/objects_parts/189_obj1_tile_3231_2422.png,train,good,0,2025-05-26,normal:2025-05-26:189,normal:2025-05-26:189_obj1,4d1607e8605d899471481e4e4b5d8b15622ff71b9638240ea82a7ff6f3cdf554
training/2025-05-26/objects_parts/189_obj2_tile_2281_1532.png,train,good,0,2025-05-26,normal:2025-05-26:189,normal:2025-05-26:189_obj2,a9d2803ae607b8aa3ceb30d90e1049a4301b6e691bab07d75d0eabd96f4c6fdf
training/2025-05-26/objects_parts/189_obj2_tile_2281_1724.png,train,good,0,2025-05-26,normal:2025-05-26:189,normal:2025-05-26:189_obj2,20f098cd56f31411a2f8e26568983544bae5cee1cd9d5c1501ae388aeec5d3d6
training/2025-05-26/objects_parts/189_obj2_tile_2473_1532.png,train,good,0,2025-05-26,normal:2025-05-26:189,normal:2025-05-26:189_obj2,87a65ea0fc2bf37ddfa8b485fd4b1a9ca9c77850a32efa39eae0e3f320792103
training/2025-05-26/objects_parts/189_obj3_tile_2092_2230.png,train,good,0,2025-05-26,normal:2025-05-26:189,normal:2025-05-26:189_obj3,c6904b44d382bfd13cdf5ed0d4b8f31d4a8e3b17b06bf2e3b667879588d721e8
training/2025-05-26/objects_parts/189_obj3_tile_2092_2422.png,train,good,0,2025-05-26,normal:2025-05-26:189,normal:2025-05-26:189_obj3,dcba9960e5484d7e63501c3ac14f44e293d99fddb41fd06a32c381afa0787c6d
training/2025-05-26/objects_parts/189_obj3_tile_2284_2230.png,train,good,0,2025-05-26,normal:2025-05-26:189,normal:2025-05-26:189_obj3,108aafdd59d4c3b4a4c431e8ca4e1d42312abac4d40c7b7bcc4a31bdac060afd
training/2025-05-26/objects_parts/189_obj3_tile_2284_2422.png,train,good,0,2025-05-26,normal:2025-05-26:189,normal:2025-05-26:189_obj3,64b3cc538d2a91532378229f1a91757577a5e825136441f050d6732f07c8901f
training/2025-05-26/objects_parts/190_obj1_tile_2847_2230.png,train,good,0,2025-05-26,normal:2025-05-26:190,normal:2025-05-26:190_obj1,4471b2a7a82b943e31b8129d576ba220e4d15a94bb41ff3b8e27979908dbc70c
training/2025-05-26/objects_parts/190_obj1_tile_2847_2422.png,train,good,0,2025-05-26,normal:2025-05-26:190,normal:2025-05-26:190_obj1,bd84e3022e84ac27f6e8adbe6f03dac70d32852bf19faf2993f294bab2159012
training/2025-05-26/objects_parts/190_obj1_tile_3039_2230.png,train,good,0,2025-05-26,normal:2025-05-26:190,normal:2025-05-26:190_obj1,dd800f192e93c1ce97a5973374878b4ab6053353e32cfd8045627384530edd55
training/2025-05-26/objects_parts/190_obj1_tile_3039_2422.png,train,good,0,2025-05-26,normal:2025-05-26:190,normal:2025-05-26:190_obj1,97f16f7cad6c07ddf322ec67062903dd8f8828508ab48382b432227747cd396a
training/2025-05-26/objects_parts/190_obj1_tile_3231_2230.png,train,good,0,2025-05-26,normal:2025-05-26:190,normal:2025-05-26:190_obj1,6b6e37a582dddee769ef6fc8c94364163087ab9a3e8a3b44e10333cef89be4b0
training/2025-05-26/objects_parts/190_obj1_tile_3231_2422.png,train,good,0,2025-05-26,normal:2025-05-26:190,normal:2025-05-26:190_obj1,48957ed19b183773108c6c94577bdd45f80556e5fb36f7f6ca29c5af3c26ac57
training/2025-05-26/objects_parts/190_obj2_tile_2281_1532.png,train,good,0,2025-05-26,normal:2025-05-26:190,normal:2025-05-26:190_obj2,c88c9f53f54f86d200d5e3eb5e6fdc0ef9d972b0dd1d5ea0dc727fa930d20b14
training/2025-05-26/objects_parts/190_obj2_tile_2281_1724.png,train,good,0,2025-05-26,normal:2025-05-26:190,normal:2025-05-26:190_obj2,6ae2bb007d10139229e48b866dabb5ad45f988a3646b1bac28331c6b074f2c43
training/2025-05-26/objects_parts/190_obj2_tile_2473_1532.png,train,good,0,2025-05-26,normal:2025-05-26:190,normal:2025-05-26:190_obj2,a8d8ef521c8a1dd8f4140ce757f207b0d1eed8a1f7bebdc46d6952e49088fde4
training/2025-05-26/objects_parts/190_obj3_tile_2092_2230.png,train,good,0,2025-05-26,normal:2025-05-26:190,normal:2025-05-26:190_obj3,7d0f68c550da3ec2f2089d23fc07a2e9ffcfe8525bf7296a87a5c39ef5d1c68f
training/2025-05-26/objects_parts/190_obj3_tile_2092_2422.png,train,good,0,2025-05-26,normal:2025-05-26:190,normal:2025-05-26:190_obj3,5a90fe71fb20412db5eb3b97157cd2f0e28d13a954bf82336086de039b6b9925
training/2025-05-26/objects_parts/190_obj3_tile_2284_2230.png,train,good,0,2025-05-26,normal:2025-05-26:190,normal:2025-05-26:190_obj3,661ecce592145dbab66138335f93320f6e0e979b4b4dd907e86df3c34f74edbd
training/2025-05-26/objects_parts/190_obj3_tile_2284_2422.png,train,good,0,2025-05-26,normal:2025-05-26:190,normal:2025-05-26:190_obj3,c8d0a356cf280a4c5475f541f8f3e96f39a7597e714c04a48176e2d99f05f2c4
training/2025-05-26/objects_parts/225_obj1_centered.png,train,good,0,2025-05-26,normal:2025-05-26:225,normal:2025-05-26:225_obj1,fbfaf09472f604d566f2243eb6d43cef741df518d3bb9b3fe0b08ea3167fd5d0
training/2025-05-26/objects_parts/225_obj2_tile_2348_1598.png,train,good,0,2025-05-26,normal:2025-05-26:225,normal:2025-05-26:225_obj2,f18d12d5a5025c2fdb143baf5ce933a2b75b85717c361d11f44b6d29b3a39d35
training/2025-05-26/objects_parts/225_obj3_centered.png,train,good,0,2025-05-26,normal:2025-05-26:225,normal:2025-05-26:225_obj3,f6ad15069b104bf5ad7d44c8f79db739dfa87e19ed27ef73f171ec8859375b06
training/2025-05-26/objects_parts/226_obj1_centered.png,train,good,0,2025-05-26,normal:2025-05-26:226,normal:2025-05-26:226_obj1,9ce7359ba68a4527cc2c957666331cd2b06835fef5658293a00ac784d685fb62
training/2025-05-26/objects_parts/226_obj2_tile_2350_1601.png,train,good,0,2025-05-26,normal:2025-05-26:226,normal:2025-05-26:226_obj2,d82cbac02d687dc8c07853872f1a64750fe1772374a48b164b76cb00419a6205
training/2025-05-26/objects_parts/226_obj3_centered.png,train,good,0,2025-05-26,normal:2025-05-26:226,normal:2025-05-26:226_obj3,9bc9846a93cba2131626ae6be47c9cf25e89aade852a175d76f97a8e4c10e6dd
training/2025-05-26/objects_parts/227_obj1_centered.png,train,good,0,2025-05-26,normal:2025-05-26:227,normal:2025-05-26:227_obj1,6860156f286dd0514b4af8fdce5e345d2e3e3527ee17b1e0db430eb38ef12103
training/2025-05-26/objects_parts/227_obj2_tile_2353_1603.png,train,good,0,2025-05-26,normal:2025-05-26:227,normal:2025-05-26:227_obj2,55e148181bfd86426ebf16b3627c34e808d3633f0d5617ca1e8dd49b4073a322
training/2025-05-26/objects_parts/227_obj3_centered.png,train,good,0,2025-05-26,normal:2025-05-26:227,normal:2025-05-26:227_obj3,c321419d9d2aec799c665207ce215a7f6b33c1898f7835ab7b1a57e7bdaa0f67
training/2025-05-26/objects_parts/246_obj1_centered.png,train,good,0,2025-05-26,normal:2025-05-26:246,normal:2025-05-26:246_obj1,8a4765e5057dfb9c8b9888aad17885711d5c38d71c192cbdee5e67268124c819
training/2025-05-26/objects_parts/246_obj3_centered.png,train,good,0,2025-05-26,normal:2025-05-26:246,normal:2025-05-26:246_obj3,c50d3effa9727b586d82a25b8e2b1b8768e59298287ef706818fc81148ca0597
training/2025-05-26/objects_parts/247_obj1_centered.png,train,good,0,2025-05-26,normal:2025-05-26:247,normal:2025-05-26:247_obj1,d4f17be11e2114896e9b9505dc3e5e4066e406b5aeeb515ac6c015c35e24710c
training/2025-05-26/objects_parts/247_obj3_centered.png,train,good,0,2025-05-26,normal:2025-05-26:247,normal:2025-05-26:247_obj3,6a4c3dee5b9c36945e6837a35d33686cd14b07120da137d4e48f66b65eee5b22
training/2025-05-26/objects_parts/248_obj1_centered.png,train,good,0,2025-05-26,normal:2025-05-26:248,normal:2025-05-26:248_obj1,946f016eb80914419e393f07bb9118aadcf45926506b39fbe132fd02e2632ef2
training/2025-05-26/objects_parts/248_obj3_centered.png,train,good,0,2025-05-26,normal:2025-05-26:248,normal:2025-05-26:248_obj3,37dfd251096a13681f065ca017de59611becc89c392acd0c94379f5bbd891e29
training/2025-05-26/objects_parts/249_obj1_centered.png,train,good,0,2025-05-26,normal:2025-05-26:249,normal:2025-05-26:249_obj1,baaffb7aa8a0f93e94a16dd7a029412b0ffd4f80016c3fecb9ddf76dd83a7a23
training/2025-05-26/objects_parts/249_obj3_centered.png,train,good,0,2025-05-26,normal:2025-05-26:249,normal:2025-05-26:249_obj3,0cb111eb646732ad562210b69d8ce24fc87056477975c5f2a367ca71d286d0a8
training/2025-05-26/objects_parts/250_obj1_centered.png,train,good,0,2025-05-26,normal:2025-05-26:250,normal:2025-05-26:250_obj1,4166549cdfdd12f513f6edc0b94e22aeac176a59fe642900c7dee3eb439c853c
training/2025-05-26/objects_parts/250_obj3_centered.png,train,good,0,2025-05-26,normal:2025-05-26:250,normal:2025-05-26:250_obj3,fc813064e90a12770e1f13d2af4dc98bb102587f90157390227e4871dc3c246b
training/2025-05-26/objects_parts/251_obj1_centered.png,train,good,0,2025-05-26,normal:2025-05-26:251,normal:2025-05-26:251_obj1,eeb9a2f7bf13f2cdfc7af8cde457b63ff16c99470c602e9e16746a4865f5774f
training/2025-05-26/objects_parts/251_obj3_centered.png,train,good,0,2025-05-26,normal:2025-05-26:251,normal:2025-05-26:251_obj3,a85748c9b1da4be2c7f4ad262e476d502cc382da6014b6ba8e58acf46bee31c1
training/2025-05-26/objects_parts/252_obj1_centered.png,train,good,0,2025-05-26,normal:2025-05-26:252,normal:2025-05-26:252_obj1,0a8f4ada5b7d1fa0bb0a1d6b333fab3672363a01c89b3ca97ab1c43dcac0da08
training/2025-05-26/objects_parts/252_obj3_centered.png,train,good,0,2025-05-26,normal:2025-05-26:252,normal:2025-05-26:252_obj3,cd83b523020c7be8ffb905143b9fa3897789dc4861748a38b7edd62210a0d8b0
training/2025-05-26/objects_parts/253_obj1_centered.png,train,good,0,2025-05-26,normal:2025-05-26:253,normal:2025-05-26:253_obj1,48307029222fb6c9f9896050545865a5c1720512a71228c883b080e5949fae96
training/2025-05-26/objects_parts/253_obj3_centered.png,train,good,0,2025-05-26,normal:2025-05-26:253,normal:2025-05-26:253_obj3,f95c83b5b2e9951dc569f4aadb1d832e9067eddd91ac50790111b845f6968ac0
training/2025-05-26/objects_parts/254_obj1_centered.png,train,good,0,2025-05-26,normal:2025-05-26:254,normal:2025-05-26:254_obj1,e8f067755b6746301178df06c95a38689ebeae392fdf2c09218cbf7674c30d05
training/2025-05-26/objects_parts/254_obj3_centered.png,train,good,0,2025-05-26,normal:2025-05-26:254,normal:2025-05-26:254_obj3,269870fd326d076842087cae432e3b44822a642217261a4b8c4fbeaafc8dfed4
training/2025-05-26/objects_parts/255_obj1_centered.png,train,good,0,2025-05-26,normal:2025-05-26:255,normal:2025-05-26:255_obj1,55c77d4b7e490437221771f270bdb0ba513f5a0fa7ef2d595ac86f215a19338c
training/2025-05-26/objects_parts/255_obj3_centered.png,train,good,0,2025-05-26,normal:2025-05-26:255,normal:2025-05-26:255_obj3,cd124257cfe1649587d64aee293839f49526f72541079f95c03193583b93f41b
training/2025-05-26/objects_parts/257_obj1_centered.png,train,good,0,2025-05-26,normal:2025-05-26:257,normal:2025-05-26:257_obj1,3b6916777d001f6272909e525cc8421dc12796dd3e1e5790bb13ece36868fdc9
training/2025-05-26/objects_parts/257_obj3_centered.png,train,good,0,2025-05-26,normal:2025-05-26:257,normal:2025-05-26:257_obj3,72907c9aaba8a5407e591d660ded6dba0a0b6a7f12e6fd02d2659d7537463126
training/2025-05-26/objects_parts/258_obj1_centered.png,train,good,0,2025-05-26,normal:2025-05-26:258,normal:2025-05-26:258_obj1,df5af669ad20b8cf04eda995cc304eb94b5a66d37e87e168473775a14557539e
training/2025-05-26/objects_parts/258_obj3_centered.png,train,good,0,2025-05-26,normal:2025-05-26:258,normal:2025-05-26:258_obj3,01a4d5613968c09fbd7a33fdc252aa9988307fb72c37d887d5ac2a147cb4900e
training/2025-05-26/objects_parts/259_obj1_centered.png,train,good,0,2025-05-26,normal:2025-05-26:259,normal:2025-05-26:259_obj1,de6ebcffc083b63a79287e9991d1975fbad89a5dc018ecff59a1c2e15f6b0be2
training/2025-05-26/objects_parts/259_obj3_centered.png,train,good,0,2025-05-26,normal:2025-05-26:259,normal:2025-05-26:259_obj3,86e0f28f198cd58f2acbba168852ba8294cfc626a3b4d5c00e3a0cec2f2b4856
training/2025-05-26/objects_parts/262_obj1_centered.png,train,good,0,2025-05-26,normal:2025-05-26:262,normal:2025-05-26:262_obj1,51b0d0ae2a9bd12e02416c6ca3ca56e6e9258bf43e603a6037c091ea6bd2fa95
training/2025-05-26/objects_parts/262_obj3_centered.png,train,good,0,2025-05-26,normal:2025-05-26:262,normal:2025-05-26:262_obj3,4180645eb5ef1d5a59a590124ca554d429ac431a58219104cd3cb5855c4fc75d
training/2025-05-26/objects_parts/263_obj1_centered.png,train,good,0,2025-05-26,normal:2025-05-26:263,normal:2025-05-26:263_obj1,601245a8502c2922141b6c3041c2864b45104d726b24d4c57ed71b815dfe1f48
training/2025-05-26/objects_parts/263_obj3_centered.png,train,good,0,2025-05-26,normal:2025-05-26:263,normal:2025-05-26:263_obj3,7dd9845e5827d7702fc118bd1b61ebaa545e6267500a82227dba55686c7f35d2
training/2025-05-26/objects_parts/59_obj1_centered.png,train,good,0,2025-05-26,normal:2025-05-26:59,normal:2025-05-26:59_obj1,8ac2b8384c039e66b814842c171dce4af3321b458a69a138e0b8007dc32d0a5e
training/2025-05-26/objects_parts/59_obj2_tile_2282_1533.png,train,good,0,2025-05-26,normal:2025-05-26:59,normal:2025-05-26:59_obj2,2cf34696ebe195e506a3ecd43ad6fa84d8d172aa40a2e1c69974f884d4c2a87e
training/2025-05-26/objects_parts/59_obj3_centered.png,train,good,0,2025-05-26,normal:2025-05-26:59,normal:2025-05-26:59_obj3,9722c0e182599083d50be5a6694a12c16133680e2019b6321cfc13ba3ba459f1
training/2025-05-26/objects_parts/60_obj1_centered.png,train,good,0,2025-05-26,normal:2025-05-26:60,normal:2025-05-26:60_obj1,03cdb7b297c730b74df799b98d999e91b16c6606b2fc156596562898296a832e
training/2025-05-26/objects_parts/60_obj2_tile_2282_1534.png,train,good,0,2025-05-26,normal:2025-05-26:60,normal:2025-05-26:60_obj2,7df71d370ca59d8efbae78a63cb54ccf73e927c2b30b222b1b4a59ac7cda8b68
training/2025-05-26/objects_parts/60_obj3_centered.png,train,good,0,2025-05-26,normal:2025-05-26:60,normal:2025-05-26:60_obj3,06e7e5703138e54868c81f8ac3c3ea5dfbbe556ab71843eeabe9d30eec4d72f1
training/2025-05-26/objects_parts/62_obj1_centered.png,train,good,0,2025-05-26,normal:2025-05-26:62,normal:2025-05-26:62_obj1,45da4358b68e9bb7fa3dd1c8987e5b20ecea90833477ea72564470a5c75222c8
training/2025-05-26/objects_parts/62_obj2_tile_2282_1533.png,train,good,0,2025-05-26,normal:2025-05-26:62,normal:2025-05-26:62_obj2,84cb2ce883fe7f0e8351d32c2d41ea3d31dd8bdafa03a670c95d4b0fd6e76ec8
training/2025-05-26/objects_parts/62_obj3_centered.png,train,good,0,2025-05-26,normal:2025-05-26:62,normal:2025-05-26:62_obj3,9731163fb30c7a095fb5656da62353f8b2c56749cc86deeb319fe2de99a6fbec
training/2025-05-26/objects_parts/64_obj1_centered.png,train,good,0,2025-05-26,normal:2025-05-26:64,normal:2025-05-26:64_obj1,f6c63797d0cf56ee0b99ccddca39c350ab56f86bf9b79108ceb1efab2eb37bcd
training/2025-05-26/objects_parts/64_obj2_tile_2282_1534.png,train,good,0,2025-05-26,normal:2025-05-26:64,normal:2025-05-26:64_obj2,4f4842b168fb92e74918db36278b1dc533adde9b9707d8a063ee3cfbe04ef92e
training/2025-05-26/objects_parts/64_obj3_centered.png,train,good,0,2025-05-26,normal:2025-05-26:64,normal:2025-05-26:64_obj3,6a51168217cd3396be2c594b65b5ca8becadf87e076525578fac3bcf4d92ef48
training/2025-05-26/objects_parts/66_obj1_centered.png,train,good,0,2025-05-26,normal:2025-05-26:66,normal:2025-05-26:66_obj1,426798542cd35982282aafe9f6960137f53fc6c5657f088c40960d9d7591f824
training/2025-05-26/objects_parts/66_obj2_tile_2282_1533.png,train,good,0,2025-05-26,normal:2025-05-26:66,normal:2025-05-26:66_obj2,2fd018826e9c42fef21a304ad8a16575329ede755a1c1318a2339f9131f8c5aa
training/2025-05-26/objects_parts/66_obj3_centered.png,train,good,0,2025-05-26,normal:2025-05-26:66,normal:2025-05-26:66_obj3,7e56f5c24a649572e5c148639ba37b4d7a6e0a581120d184eb6d6ca6128b8e41
training/2025-05-26/objects_parts/67_obj1_centered.png,train,good,0,2025-05-26,normal:2025-05-26:67,normal:2025-05-26:67_obj1,2e3304b0f0379af5f759d9c123ed14f39b39c4398b984bf820007d831168ac02
training/2025-05-26/objects_parts/67_obj2_tile_2282_1533.png,train,good,0,2025-05-26,normal:2025-05-26:67,normal:2025-05-26:67_obj2,39b120ded36e8019355a62f2a94c5e714fb866b9b5815bc6b6cf2ceb80ef0b9e
training/2025-05-26/objects_parts/67_obj3_centered.png,train,good,0,2025-05-26,normal:2025-05-26:67,normal:2025-05-26:67_obj3,2887400feea165ef67a1ff9bf998a34e134a5cdcb64fcdf442fefafdca4eeaf6
training/2025-05-26/objects_parts/68_obj1_centered.png,train,good,0,2025-05-26,normal:2025-05-26:68,normal:2025-05-26:68_obj1,b3248b070256f9322511f6f0661e5e15f377d62b16425f15ec6e51bb1034c0df
training/2025-05-26/objects_parts/68_obj2_tile_2282_1533.png,train,good,0,2025-05-26,normal:2025-05-26:68,normal:2025-05-26:68_obj2,e88d96fdfd143abbeadb956168f45239b86384d3d7c414bbd434539d7c899a93
training/2025-05-26/objects_parts/68_obj3_centered.png,train,good,0,2025-05-26,normal:2025-05-26:68,normal:2025-05-26:68_obj3,7df87c5104470a9f1ae08607f53d99b42ac80b75928805aabb9d385e728ea252
training/2025-05-26/objects_parts/69_obj1_centered.png,train,good,0,2025-05-26,normal:2025-05-26:69,normal:2025-05-26:69_obj1,24d590d0076e99878c96a108bfd845f433492e5877ff5dfea980d62e7b0a8f63
training/2025-05-26/objects_parts/69_obj2_tile_2282_1533.png,train,good,0,2025-05-26,normal:2025-05-26:69,normal:2025-05-26:69_obj2,df4d19c0a3bb2cb7505ed7b0609c8c263084c7fdce762df9387478a9bf902992
training/2025-05-26/objects_parts/69_obj3_centered.png,train,good,0,2025-05-26,normal:2025-05-26:69,normal:2025-05-26:69_obj3,f8a2c565917388e567504c52e4d2633c9c4f6524e6546d7c0cf947d9f2e1ad3f
training/2025-05-26/objects_parts/70_obj1_centered.png,train,good,0,2025-05-26,normal:2025-05-26:70,normal:2025-05-26:70_obj1,0061e88112283bff831a525a284cc005daff41d5cbc954692b8ca588db9cf9a7
training/2025-05-26/objects_parts/70_obj2_tile_2282_1533.png,train,good,0,2025-05-26,normal:2025-05-26:70,normal:2025-05-26:70_obj2,2f1ea7e20b989ee31210fbd442d60e002db36801720d25c17ae6769f17fb9150
training/2025-05-26/objects_parts/70_obj3_centered.png,train,good,0,2025-05-26,normal:2025-05-26:70,normal:2025-05-26:70_obj3,3e86f13dce9e8da797d3f1ad86791d47550eba557e07000afe0ad7449909e1c6
training/2025-05-28/objects_parts/100_obj10_centered.png,train,good,0,2025-05-28,normal:2025-05-28:100,normal:2025-05-28:100_obj10,78ecd19563116cae61a2dc4a6ef6af8b006eaaea9d0aa3a2e32beba228069592
training/2025-05-28/objects_parts/101_obj10_centered.png,train,good,0,2025-05-28,normal:2025-05-28:101,normal:2025-05-28:101_obj10,a883a2a5c924cfd921526abdbda4f712905adad6a80a35dba2c443b3041d664c
training/2025-05-28/objects_parts/103_obj10_centered.png,train,good,0,2025-05-28,normal:2025-05-28:103,normal:2025-05-28:103_obj10,de5967cabc34f8a5a085fb5d28ee840fc5e76c5f34aeb2a0bc9db238c7d59bfe
training/2025-05-28/objects_parts/158_obj10_centered.png,train,good,0,2025-05-28,normal:2025-05-28:158,normal:2025-05-28:158_obj10,476cea93f9d50883af35adb1a1a188f2fecff9e7d49d5b04b1bc28971e3cb74e
training/2025-05-28/objects_parts/159_obj10_centered.png,train,good,0,2025-05-28,normal:2025-05-28:159,normal:2025-05-28:159_obj10,3d675127adf178c4ccd51741041f62b8832cec4ae28314c7c3ce900a9d1abc9d
training/2025-05-28/objects_parts/160_obj10_centered.png,train,good,0,2025-05-28,normal:2025-05-28:160,normal:2025-05-28:160_obj10,b6b9093a93dd235b5d51496088f17d55a47072070ad58f8af9fbd22591d510ce
training/2025-05-28/objects_parts/161_obj10_centered.png,train,good,0,2025-05-28,normal:2025-05-28:161,normal:2025-05-28:161_obj10,35ff6ef12d9f39d16dddf50f1140c11fc6f50e63e64dc0777889f30241967a44
training/2025-05-28/objects_parts/164_obj10_centered.png,train,good,0,2025-05-28,normal:2025-05-28:164,normal:2025-05-28:164_obj10,07d28c7fda20a2f234acf3fd7e2988b5630faf75b49b39eeefab37ad2e4a9180
training/2025-05-28/objects_parts/165_obj10_centered.png,train,good,0,2025-05-28,normal:2025-05-28:165,normal:2025-05-28:165_obj10,6895a565578de5904b40629d66a80d457adc3f3f2668c4b7a23eeffa5125124f
training/2025-05-28/objects_parts/166_obj10_centered.png,train,good,0,2025-05-28,normal:2025-05-28:166,normal:2025-05-28:166_obj10,b18c1b0bc5c06ea1e553e10d3a9dd9ea9f2dafcd88a8ef0ce5a73cc781fe5cf8
training/2025-05-28/objects_parts/167_obj10_centered.png,train,good,0,2025-05-28,normal:2025-05-28:167,normal:2025-05-28:167_obj10,bba3144df66872354949f8c349e6c483f2f46694d67b6e91ee2c3928207740f6
training/2025-05-28/objects_parts/176_obj10_centered.png,train,good,0,2025-05-28,normal:2025-05-28:176,normal:2025-05-28:176_obj10,8a90dd03225483851daa7f183869d3b10ac77f31429659db7e16b817baa8c5b1
training/2025-05-28/objects_parts/178_obj10_centered.png,train,good,0,2025-05-28,normal:2025-05-28:178,normal:2025-05-28:178_obj10,88e800a6cbc06e1fffc87bc5d6f3ce5e0f8a7d71e8481ae4f8bcac40b434b1c1
training/2025-05-28/objects_parts/184_obj10_centered.png,train,good,0,2025-05-28,normal:2025-05-28:184,normal:2025-05-28:184_obj10,aed6e5f2813db91d2e1356d4f5e421da64368c02a443947219f7207646843071
training/2025-05-28/objects_parts/185_obj10_centered.png,train,good,0,2025-05-28,normal:2025-05-28:185,normal:2025-05-28:185_obj10,3b72ce521d1e5ae71948582eed37bba151e399583e74aed8374536d794324b82
training/2025-05-28/objects_parts/187_obj10_centered.png,train,good,0,2025-05-28,normal:2025-05-28:187,normal:2025-05-28:187_obj10,a67b67b56a8e3a9c6d29d05af1f72fe90ccc687efc105444d0056438daf2ca5f
training/2025-05-28/objects_parts/189_obj10_centered.png,train,good,0,2025-05-28,normal:2025-05-28:189,normal:2025-05-28:189_obj10,f85188558e7d56577d86c3383419895edc0472cd495068d34f56d9560eff1993
training/2025-05-28/objects_parts/191_obj10_centered.png,train,good,0,2025-05-28,normal:2025-05-28:191,normal:2025-05-28:191_obj10,991ecbc54e4a4051c06507e8e2a5b2eda438c8d0f936c2bb92a32b1e16396c3b
training/2025-05-28/objects_parts/192_obj10_centered.png,train,good,0,2025-05-28,normal:2025-05-28:192,normal:2025-05-28:192_obj10,e14f376d68ec0572b132a15ed262bb4852c4e953affccbc03626db506389886f
training/2025-05-28/objects_parts/193_obj10_centered.png,train,good,0,2025-05-28,normal:2025-05-28:193,normal:2025-05-28:193_obj10,0d99362770a309a82c7999f4ed84c584259917e3ce8861d9909ce995895bf7fd
training/2025-05-28/objects_parts/194_obj10_centered.png,train,good,0,2025-05-28,normal:2025-05-28:194,normal:2025-05-28:194_obj10,cdccec31c4035449538a37828d9d733564d81dd12b28a5f93b45d0e04b4da07c
training/2025-05-28/objects_parts/195_obj10_centered.png,train,good,0,2025-05-28,normal:2025-05-28:195,normal:2025-05-28:195_obj10,4c1195ca503f4a42c98d93b919af283be545b1b2d1426c6ee168e7cd912197d5
training/2025-05-28/objects_parts/232_obj10_tile_3210_1457.png,train,good,0,2025-05-28,normal:2025-05-28:232,normal:2025-05-28:232_obj10,26e4c57eacd8a1d46ea35a857078197550e2b3d460e8479abce8ebe0fe9c9d0e
training/2025-05-28/objects_parts/234_obj10_tile_3402_1648.png,train,good,0,2025-05-28,normal:2025-05-28:234,normal:2025-05-28:234_obj10,bd15ab6aa4c8fa9957e4f8e86e583825a9c5cbbf0b4564934e151bf5044d938a
training/2025-05-28/objects_parts/235_obj10_tile_3211_1646.png,train,good,0,2025-05-28,normal:2025-05-28:235,normal:2025-05-28:235_obj10,594d781804f7940a2192b053887c42f17da4efd3540a9f80146c03b804e56bc3
training/2025-05-28/objects_parts/236_obj10_tile_3211_1454.png,train,good,0,2025-05-28,normal:2025-05-28:236,normal:2025-05-28:236_obj10,bbca30f2a0d90acba6a92217f31e5ca568f679961ca6b0d326bfd10dca5fdee2
training/2025-05-28/objects_parts/245_obj10_tile_3406_1635.png,train,good,0,2025-05-28,normal:2025-05-28:245,normal:2025-05-28:245_obj10,a6915bafdb9d407dc4619db533e029f4a093c73f9f63c1734def99411f55e6ba
training/2025-05-28/objects_parts/246_obj10_tile_3215_1442.png,train,good,0,2025-05-28,normal:2025-05-28:246,normal:2025-05-28:246_obj10,981e85be9f07069e30e6b5035b4d01ffa25250d82fc770340c19efaef3f9b6fd
training/2025-05-28/objects_parts/248_obj10_tile_3216_1440.png,train,good,0,2025-05-28,normal:2025-05-28:248,normal:2025-05-28:248_obj10,27b3155ed3fab966dd6b89faa68b0343499e6b00b1a010c2f993d7e1b3570b78
training/2025-05-28/objects_parts/250_obj10_tile_3410_1438.png,train,good,0,2025-05-28,normal:2025-05-28:250,normal:2025-05-28:250_obj10,7484b1a9a002d34c7cddd369520d3fc4eb9101027a0fd01b7cc309d7bd85a801
training/2025-05-28/objects_parts/253_obj10_tile_3412_1626.png,train,good,0,2025-05-28,normal:2025-05-28:253,normal:2025-05-28:253_obj10,220a2c6104517079abb64739a832e5da4c7f64b7c723531021056e236b5ba12c
training/2025-05-28/objects_parts/254_obj10_tile_3221_1624.png,train,good,0,2025-05-28,normal:2025-05-28:254,normal:2025-05-28:254_obj10,fcf4ba5242661e2121c17fb8bfe1fdd7db797a6e44db42c3a9915cf2106a35cd
training/2025-05-28/objects_parts/257_obj10_tile_3417_1621.png,train,good,0,2025-05-28,normal:2025-05-28:257,normal:2025-05-28:257_obj10,8f45a7634a0a577b3e175734f1cafd53b7793e407f8fa7d50583a28e80d3f994
training/2025-05-28/objects_parts/258_obj10_tile_3225_1620.png,train,good,0,2025-05-28,normal:2025-05-28:258,normal:2025-05-28:258_obj10,36bf6e708a6e44b8fcd992a89d709faf9f4704f9f7b9d6fa0a0b713fde98b385
training/2025-05-28/objects_parts/259_obj10_centered.png,train,good,0,2025-05-28,normal:2025-05-28:259,normal:2025-05-28:259_obj10,cdce1fad96d32b2b3937844f39a02e260e6cefdd9254600e466a3f4eb0e475c7
training/2025-05-28/objects_parts/269_obj10_centered.png,train,good,0,2025-05-28,normal:2025-05-28:269,normal:2025-05-28:269_obj10,cdfef2ac31c1b96bd507a91224aaafeaf0d001fe18a9a548ab9cece9e2385e10
training/2025-05-28/objects_parts/270_obj10_centered.png,train,good,0,2025-05-28,normal:2025-05-28:270,normal:2025-05-28:270_obj10,4e793a22abd0f71ccd3a297f8ab417aad0d2fc5c0cac9cf36b5913119758efd1
training/2025-05-28/objects_parts/271_obj10_centered.png,train,good,0,2025-05-28,normal:2025-05-28:271,normal:2025-05-28:271_obj10,b9fdcd6b8da958b824a172f04954e87fde6ebb53a26046c78f2de6922cd0369f
training/2025-05-28/objects_parts/272_obj10_centered.png,train,good,0,2025-05-28,normal:2025-05-28:272,normal:2025-05-28:272_obj10,40ea9e5ad4f956209e718dd7066d5771199034c5fba8261e4d9bd1eacb3ee636
training/2025-05-28/objects_parts/273_obj10_centered.png,train,good,0,2025-05-28,normal:2025-05-28:273,normal:2025-05-28:273_obj10,c2bf677cea784e795d8f8f31d507098bdcbca83b9b08eca826bf98c164f54014
training/2025-05-28/objects_parts/274_obj10_centered.png,train,good,0,2025-05-28,normal:2025-05-28:274,normal:2025-05-28:274_obj10,2cb62077290896b35ecef0b44d72d3062c981704824fa44acf06fc6fdf705a04
training/2025-05-28/objects_parts/275_obj10_centered.png,train,good,0,2025-05-28,normal:2025-05-28:275,normal:2025-05-28:275_obj10,d8ddf99b56255212b82b523c8ea9e8809d2f0b3a0db57c649534351ed67ff6f0
training/2025-05-28/objects_parts/276_obj10_centered.png,train,good,0,2025-05-28,normal:2025-05-28:276,normal:2025-05-28:276_obj10,e69915e5593a3b3b1d07c4c78c890a17b9e776020ed8c5fb674cd05e86d05b44
training/2025-05-28/objects_parts/279_obj10_centered.png,train,good,0,2025-05-28,normal:2025-05-28:279,normal:2025-05-28:279_obj10,bf67a733299fa6850fcb8315bb5c0915c99b68e9ef07a265eb98f398295c8f8f
training/2025-05-28/objects_parts/282_obj10_centered.png,train,good,0,2025-05-28,normal:2025-05-28:282,normal:2025-05-28:282_obj10,3d651376ee13aa305aa3188518a9d3cae6d10483a2176cf2c4e4e6b2bd9911f6
training/2025-05-28/objects_parts/305_obj10_centered.png,train,good,0,2025-05-28,normal:2025-05-28:305,normal:2025-05-28:305_obj10,ce3769ae8817a37c45f9e8d2ec3cf102f8a8b8a7dae09cf4cbea7800018376f3
training/2025-05-28/objects_parts/306_obj10_centered.png,train,good,0,2025-05-28,normal:2025-05-28:306,normal:2025-05-28:306_obj10,de94b9a51900ee1c9fdc35bbfb22f5a8105099cbdd6441c294e61d7696e10411
training/2025-05-28/objects_parts/307_obj10_centered.png,train,good,0,2025-05-28,normal:2025-05-28:307,normal:2025-05-28:307_obj10,3485eb4ad2d8a58f47419ab89b9c169bae40169d1073c53f4ded76a9a0710326
training/2025-05-28/objects_parts/308_obj10_centered.png,train,good,0,2025-05-28,normal:2025-05-28:308,normal:2025-05-28:308_obj10,588f75b8bd8c7b049e0b1d673d68e1beae260ae48aced80a13fb30b22113c688
training/2025-05-28/objects_parts/311_obj10_centered.png,train,good,0,2025-05-28,normal:2025-05-28:311,normal:2025-05-28:311_obj10,2e2e7b81f4bcf114dc1957550f2ec27b17bc96bc897d83fc995dca379c6f58bc
training/2025-05-28/objects_parts/312_obj10_centered.png,train,good,0,2025-05-28,normal:2025-05-28:312,normal:2025-05-28:312_obj10,a9806bc61baff91b32538b993c9aa1dd4f5c3511e3b3f2ddde0ffb370d5bd29b
training/2025-05-28/objects_parts/365_obj10_centered.png,train,good,0,2025-05-28,normal:2025-05-28:365,normal:2025-05-28:365_obj10,ab7da762214429f782df75daadda13222fc89df086e3ce3fdb6374974f09ddec
training/2025-05-28/objects_parts/365_obj2_centered.png,train,good,0,2025-05-28,normal:2025-05-28:365,normal:2025-05-28:365_obj2,c42526f12fb922e1e8df83f43e0f3bcadaca9f97cc80bcc06b533a68b8e70e24
training/2025-05-28/objects_parts/365_obj3_centered.png,train,good,0,2025-05-28,normal:2025-05-28:365,normal:2025-05-28:365_obj3,b1c15ff32d085de0b10f7f01c35b48c6ed05ef9958b52212f0958db1ed9dc602
training/2025-05-28/objects_parts/365_obj4_centered.png,train,good,0,2025-05-28,normal:2025-05-28:365,normal:2025-05-28:365_obj4,bf0f7bc2e94e2a4d43a290aa5ca2c8139411af9c5e6d63527b680b8dcd89855c
training/2025-05-28/objects_parts/365_obj6_centered.png,train,good,0,2025-05-28,normal:2025-05-28:365,normal:2025-05-28:365_obj6,6e8499f38501bdb19aa90596f21900cc93f96338e21c3cdad949ca1ca23a4b54
training/2025-05-28/objects_parts/365_obj7_centered.png,train,good,0,2025-05-28,normal:2025-05-28:365,normal:2025-05-28:365_obj7,8d6bf5f9200890083e21d1a95bf7e0269aa0947bdcab42e2a6083693c84c57b3
training/2025-05-28/objects_parts/365_obj9_centered.png,train,good,0,2025-05-28,normal:2025-05-28:365,normal:2025-05-28:365_obj9,c8f60b2258035fa598935d122acf4157a06f6d8b972bef0446aecdca99984f23
training/2025-05-28/objects_parts/366_obj10_centered.png,train,good,0,2025-05-28,normal:2025-05-28:366,normal:2025-05-28:366_obj10,89e03231f590b857d0629e13e76a2d2bf0529dc9e3a8da2450cddb0b541484e7
training/2025-05-28/objects_parts/366_obj4_centered.png,train,good,0,2025-05-28,normal:2025-05-28:366,normal:2025-05-28:366_obj4,f244e4683b84994160a68b407a5b45c7a9822ae2be0cb136ca500ccc96c9752e
training/2025-05-28/objects_parts/366_obj6_centered.png,train,good,0,2025-05-28,normal:2025-05-28:366,normal:2025-05-28:366_obj6,74838eb564153cd85d983b06f1def1dae1edc7501a593e152a10b087674939af
training/2025-05-28/objects_parts/366_obj8_centered.png,train,good,0,2025-05-28,normal:2025-05-28:366,normal:2025-05-28:366_obj8,5206bf76fd980b0f263a3a9ddec6d224f8b9335a65a0c94bb55f30ffa997fc8d
training/2025-05-28/objects_parts/366_obj9_centered.png,train,good,0,2025-05-28,normal:2025-05-28:366,normal:2025-05-28:366_obj9,25c18c1aa933f96fb994f1197c6f2ce9e8bad2e500354b9562e823c867396727
training/2025-05-28/objects_parts/367_obj10_centered.png,train,good,0,2025-05-28,normal:2025-05-28:367,normal:2025-05-28:367_obj10,04ea828cb4ed3890e9bd1826d684085496beef4e2223e227dc48e62d083a8bc4
training/2025-05-28/objects_parts/367_obj1_centered.png,train,good,0,2025-05-28,normal:2025-05-28:367,normal:2025-05-28:367_obj1,405f4b94b54f7c6d39eb23994cfac8e8a72b82a75e112a104510b8e89a379f66
training/2025-05-28/objects_parts/367_obj4_centered.png,train,good,0,2025-05-28,normal:2025-05-28:367,normal:2025-05-28:367_obj4,bd59db0061e9f073e86e08af1d0eeecb7444b2cb138dca3ce306c708b3d59020
training/2025-05-28/objects_parts/367_obj6_centered.png,train,good,0,2025-05-28,normal:2025-05-28:367,normal:2025-05-28:367_obj6,bb6a60a1c580995d39e336db473f93b2ccf73f4bab4992d4026a19f54b713a80
training/2025-05-28/objects_parts/367_obj7_centered.png,train,good,0,2025-05-28,normal:2025-05-28:367,normal:2025-05-28:367_obj7,837b1825d7ce69116af5030a23c308bed3e113add432b3a4f157f068f0cda0de
training/2025-05-28/objects_parts/367_obj8_centered.png,train,good,0,2025-05-28,normal:2025-05-28:367,normal:2025-05-28:367_obj8,e6212b1a1055655278d3da109527a92d1c1c9e4cb8d9bf4a73bd11566c9a1274
training/2025-05-28/objects_parts/367_obj9_centered.png,train,good,0,2025-05-28,normal:2025-05-28:367,normal:2025-05-28:367_obj9,b74913413b8ec32b4318a579a615ec0432f6a6faaa34dc6c8c1a88776f9ff700
training/2025-05-28/objects_parts/369_obj10_centered.png,train,good,0,2025-05-28,normal:2025-05-28:369,normal:2025-05-28:369_obj10,c087a01232bc6957807e0e61c394c05e9f4fb2092066ed82a42dbf4add227737
training/2025-05-28/objects_parts/369_obj1_centered.png,train,good,0,2025-05-28,normal:2025-05-28:369,normal:2025-05-28:369_obj1,dd4ca04db1bd2ba17ab0b776eb4ebd102a142c48fbbc67c6f5a79af44ca2711c
training/2025-05-28/objects_parts/369_obj2_centered.png,train,good,0,2025-05-28,normal:2025-05-28:369,normal:2025-05-28:369_obj2,8a929944a989f7c9a6c4078d326581ca55734d49011ee7711278e5a70d1e4917
training/2025-05-28/objects_parts/369_obj3_centered.png,train,good,0,2025-05-28,normal:2025-05-28:369,normal:2025-05-28:369_obj3,4a4b0710e9f7463dea301ad17c89d4f8318076548bd3f2f793500c8e0855d0a0
training/2025-05-28/objects_parts/369_obj4_centered.png,train,good,0,2025-05-28,normal:2025-05-28:369,normal:2025-05-28:369_obj4,320bec9e7b22723b38144e36044b61df3b73b6430faa3270fb26494b6d075458
training/2025-05-28/objects_parts/369_obj6_centered.png,train,good,0,2025-05-28,normal:2025-05-28:369,normal:2025-05-28:369_obj6,b1bcd2bb998b12ee6edc895dae6eca18609af2a291e6c29a009b5c1f60d77023
training/2025-05-28/objects_parts/369_obj7_centered.png,train,good,0,2025-05-28,normal:2025-05-28:369,normal:2025-05-28:369_obj7,599643476f4f879991748159453dc8ec0588ccd08aa033f4548d1c3b0609d5c0
training/2025-05-28/objects_parts/369_obj8_centered.png,train,good,0,2025-05-28,normal:2025-05-28:369,normal:2025-05-28:369_obj8,32d2cb026d23cf346cb4e5335eb268b41a341a53f12cd3e77f117a94769d221b
training/2025-05-28/objects_parts/369_obj9_centered.png,train,good,0,2025-05-28,normal:2025-05-28:369,normal:2025-05-28:369_obj9,e37be878817f00872eb5e23a635cc2bc47e5bb59a263731698746072ec3b608b
training/2025-05-28/objects_parts/370_obj1_centered.png,train,good,0,2025-05-28,normal:2025-05-28:370,normal:2025-05-28:370_obj1,08bc454013faf5a8db35c2fad56597bf6f567509a1385a22f53278b9bff7d1a1
training/2025-05-28/objects_parts/370_obj2_centered.png,train,good,0,2025-05-28,normal:2025-05-28:370,normal:2025-05-28:370_obj2,cd253e2e3c559e0d8aae6e00c149d8c3e091531660f52db7d5d0327b3b48d279
training/2025-05-28/objects_parts/370_obj4_centered.png,train,good,0,2025-05-28,normal:2025-05-28:370,normal:2025-05-28:370_obj4,81155e9fbbfc11d4a7840585d75452857e3499d379f87c67fe577c342d29c120
training/2025-05-28/objects_parts/370_obj6_centered.png,train,good,0,2025-05-28,normal:2025-05-28:370,normal:2025-05-28:370_obj6,38f6a15b7a92a2720eb23cb19f15cda2198223a471c587c7f60963b6c47ca886
training/2025-05-28/objects_parts/370_obj7_centered.png,train,good,0,2025-05-28,normal:2025-05-28:370,normal:2025-05-28:370_obj7,27404c4bea41f88b9715f2e8fa5e41b354f6f6750da20bfa53ca953df7491a51
training/2025-05-28/objects_parts/370_obj9_centered.png,train,good,0,2025-05-28,normal:2025-05-28:370,normal:2025-05-28:370_obj9,872a13a8c0a40d534c029c8582c66fed4d40cc7cf4d316780ae5788c3bbdabb3
training/2025-05-28/objects_parts/371_obj10_centered.png,train,good,0,2025-05-28,normal:2025-05-28:371,normal:2025-05-28:371_obj10,ec22e30dd60486d3b0235959922f60da14160dac36ac3c4dbb3aaf4177e638b9
training/2025-05-28/objects_parts/371_obj2_centered.png,train,good,0,2025-05-28,normal:2025-05-28:371,normal:2025-05-28:371_obj2,a339bfdf944c1cfe97a970fda6f2e5d278946a36f526ba40e14ab8edf661b56f
training/2025-05-28/objects_parts/371_obj6_centered.png,train,good,0,2025-05-28,normal:2025-05-28:371,normal:2025-05-28:371_obj6,3e80ae911a39d7a27c6d2643948eeb6c1b1bb887a2a7fe44cd068a18e4577dcb
training/2025-05-28/objects_parts/371_obj7_centered.png,train,good,0,2025-05-28,normal:2025-05-28:371,normal:2025-05-28:371_obj7,6d48485d0a35d3907c4e286423734b93f0b9169ad03500de2d8bce360cac5078
training/2025-05-28/objects_parts/371_obj8_centered.png,train,good,0,2025-05-28,normal:2025-05-28:371,normal:2025-05-28:371_obj8,510100e6d53960d04af075f08b0acccb2448ea8d8cb658b40454b61f5d703a2b
training/2025-05-28/objects_parts/399_obj7_centered.png,train,good,0,2025-05-28,normal:2025-05-28:399,normal:2025-05-28:399_obj7,f9cbf28e44452707579a7bc0b37b4f6cb9fa0c5b7de859b5468b50044f08083b
training/2025-05-28/objects_parts/402_obj7_centered.png,train,good,0,2025-05-28,normal:2025-05-28:402,normal:2025-05-28:402_obj7,02d8eb13f93ef6fa53cccbe55d122ccd1feff01b2a2839c97e7ae895aecbe944
training/2025-05-28/objects_parts/403_obj7_centered.png,train,good,0,2025-05-28,normal:2025-05-28:403,normal:2025-05-28:403_obj7,a41dee6bf15612c54a38fea2faa8233b729dae74e929551d7d5e11d67aba1b76
training/2025-05-28/objects_parts/404_obj7_centered.png,train,good,0,2025-05-28,normal:2025-05-28:404,normal:2025-05-28:404_obj7,2b6e0f69ab9906f139fdcddbe88070c948add78376cebd4af3100352652e8cde
training/2025-05-28/objects_parts/405_obj7_centered.png,train,good,0,2025-05-28,normal:2025-05-28:405,normal:2025-05-28:405_obj7,2de8787822dd0eada8df8cc23147c9d5e7eca3d2c23db7a1f5abc179f083b141
training/2025-05-28/objects_parts/406_obj7_centered.png,train,good,0,2025-05-28,normal:2025-05-28:406,normal:2025-05-28:406_obj7,5f4d5646c6bbcec7b05f9221c29795966d59c825f167d12b94c7432d32487ace
training/2025-05-28/objects_parts/408_obj7_centered.png,train,good,0,2025-05-28,normal:2025-05-28:408,normal:2025-05-28:408_obj7,821aba772db4cdeb0a30d96461a4e3004c8aff5204791b29157dd34cc58ed27d
training/2025-05-28/objects_parts/409_obj7_centered.png,train,good,0,2025-05-28,normal:2025-05-28:409,normal:2025-05-28:409_obj7,53f55f230d31e7d9c4622fe35fbfc029804b41aa99c46d6c8b7939c837ec05d9
training/2025-05-28/objects_parts/58_obj14_centered.png,train,good,0,2025-05-28,normal:2025-05-28:58,normal:2025-05-28:58_obj14,4a99e7d3970b8c3b986e94d56d05fb5d79264263797079cf08a6e3a2c010e217
training/2025-05-28/objects_parts/58_obj15_centered.png,train,good,0,2025-05-28,normal:2025-05-28:58,normal:2025-05-28:58_obj15,ac32c03662aac75d57ebc1e2e51ca1146086d772847f433d633bd253781dbd1b
training/2025-05-28/objects_parts/58_obj16_tile_2479_1598.png,train,good,0,2025-05-28,normal:2025-05-28:58,normal:2025-05-28:58_obj16,ccd4537eca5980e6451972ec2f5ed3120ab3ae9b408d12355893a7a9211e4e5e
training/2025-05-28/objects_parts/58_obj1_centered.png,train,good,0,2025-05-28,normal:2025-05-28:58,normal:2025-05-28:58_obj1,a4ec27b1a24acfbe8e14ebff3be1c2a262968758eda2d8faa1497c1bf595ff75
training/2025-05-28/objects_parts/58_obj2_centered.png,train,good,0,2025-05-28,normal:2025-05-28:58,normal:2025-05-28:58_obj2,dd828580b53695e4e583cc9d223d89fe1528cd3eef1853b33e1d733f0e30e177
training/2025-05-28/objects_parts/58_obj4_centered.png,train,good,0,2025-05-28,normal:2025-05-28:58,normal:2025-05-28:58_obj4,78e47badb5010dbd357f7a81216ea3c50f4e87e144c56784b7b78b9e79a6ed80
training/2025-05-28/objects_parts/58_obj5_centered.png,train,good,0,2025-05-28,normal:2025-05-28:58,normal:2025-05-28:58_obj5,0838b9627fe31be0a8b4732f39de196690b8e00bbc3081a7e564999d5509f4a3
training/2025-05-28/objects_parts/58_obj6_tile_3273_2335.png,train,good,0,2025-05-28,normal:2025-05-28:58,normal:2025-05-28:58_obj6,6182d6e66802921fb86c5890f20e0c6a9960e5b7f2f44009513c9422f0560017
training/2025-05-28/objects_parts/58_obj7_centered.png,train,good,0,2025-05-28,normal:2025-05-28:58,normal:2025-05-28:58_obj7,cef48fbb9edb10f95eb8ae64d44e9451b70c438d9240620311de1b6060d6e30f
training/2025-05-28/objects_parts/58_obj8_centered.png,train,good,0,2025-05-28,normal:2025-05-28:58,normal:2025-05-28:58_obj8,61c128d9c48dcaa4fede043d439109e1cb39484b56a81495ddd379bce94740a1
training/2025-05-28/objects_parts/58_obj9_centered.png,train,good,0,2025-05-28,normal:2025-05-28:58,normal:2025-05-28:58_obj9,4c0d19a45dc2af24668ff95682d3aa5660db422e99ebc45522422d1213fea9c1
training/2025-05-28/objects_parts/59_obj11_centered.png,train,good,0,2025-05-28,normal:2025-05-28:59,normal:2025-05-28:59_obj11,3000fd1363f1777bcf414de4f3aac7229c1cbb0c9f6999cf44fa775378603733
training/2025-05-28/objects_parts/59_obj13_tile_3319_2202.png,train,good,0,2025-05-28,normal:2025-05-28:59,normal:2025-05-28:59_obj13,8de2899579371a35859f8439cb65f9466b466be78b7097ef1c8acfe71ec01455
training/2025-05-28/objects_parts/59_obj14_centered.png,train,good,0,2025-05-28,normal:2025-05-28:59,normal:2025-05-28:59_obj14,d64649d9c66641abc1e9b477c5eb3595a7a689fec4293cf9eb5276f05a1267d1
training/2025-05-28/objects_parts/59_obj16_tile_2480_1406.png,train,good,0,2025-05-28,normal:2025-05-28:59,normal:2025-05-28:59_obj16,819fadb0737982e42ae32403fe6923403d6d25b1b4051f8ed2507a18154e73e4
training/2025-05-28/objects_parts/59_obj2_centered.png,train,good,0,2025-05-28,normal:2025-05-28:59,normal:2025-05-28:59_obj2,8e4c5b388f615c211111e2e715cf714ad1ae602da07d69de42b593fb0a132b83
training/2025-05-28/objects_parts/59_obj5_centered.png,train,good,0,2025-05-28,normal:2025-05-28:59,normal:2025-05-28:59_obj5,2f2d09a08a8dca1155c9a7fde31e02a9e0c829fb01162eb6eeb30521377935a4
training/2025-05-28/objects_parts/59_obj6_tile_3273_2335.png,train,good,0,2025-05-28,normal:2025-05-28:59,normal:2025-05-28:59_obj6,47284631e0c08cb0a781f29691b770b9a7001d46c6705759219074c9eda1a6ac
training/2025-05-28/objects_parts/59_obj7_centered.png,train,good,0,2025-05-28,normal:2025-05-28:59,normal:2025-05-28:59_obj7,100d16bd3d93a4cc62e1c6d364a98690105bf053a100cc315bc2a71d8582899c
training/2025-05-28/objects_parts/59_obj8_centered.png,train,good,0,2025-05-28,normal:2025-05-28:59,normal:2025-05-28:59_obj8,b89cd0528972f9baf4f3c1a33f2c4b4d700ede1f4c3227dccc4b2a3189f15284
training/2025-05-28/objects_parts/59_obj9_centered.png,train,good,0,2025-05-28,normal:2025-05-28:59,normal:2025-05-28:59_obj9,b0022fb79d54fdd6ba78356925c83e371d52dea0ebdc3bfb03f06c8c8189407c
training/2025-05-28/objects_parts/60_obj10_tile_3375_1585.png,train,good,0,2025-05-28,normal:2025-05-28:60,normal:2025-05-28:60_obj10,6fb18dfbca84148f1cc0345f701dbfbf21dee85dc9adef0ef626e9417373359c
training/2025-05-28/objects_parts/60_obj11_centered.png,train,good,0,2025-05-28,normal:2025-05-28:60,normal:2025-05-28:60_obj11,0f805d0912cea7bef3b0061413bfef4c8bd5d48fa66ecda915489e9546283824
training/2025-05-28/objects_parts/60_obj13_tile_3319_2201.png,train,good,0,2025-05-28,normal:2025-05-28:60,normal:2025-05-28:60_obj13,1e98c334d41ec4ecc616fc3a9651243f0851f6b923a9d7f12ebbd60997ecec57
training/2025-05-28/objects_parts/60_obj14_centered.png,train,good,0,2025-05-28,normal:2025-05-28:60,normal:2025-05-28:60_obj14,01e32bd186058d195ad8bbfa47b29b76febd6ade77d25d14a6b94c26be5e766e
training/2025-05-28/objects_parts/60_obj15_centered.png,train,good,0,2025-05-28,normal:2025-05-28:60,normal:2025-05-28:60_obj15,059bae0961f3b7bf3a362206e607d51b2bfac3bc8b733c3daba8e0677a331196
training/2025-05-28/objects_parts/60_obj16_tile_2480_1406.png,train,good,0,2025-05-28,normal:2025-05-28:60,normal:2025-05-28:60_obj16,1ac757afef6aee6c2ac578c9b7620cbe6aeafa8b84a9e9b9bcc4a2a6e237b19d
training/2025-05-28/objects_parts/60_obj1_centered.png,train,good,0,2025-05-28,normal:2025-05-28:60,normal:2025-05-28:60_obj1,4afa32f41033a1dda4a4d0cf35bd4a2fe43164c6f319f2dc562e33724035c320
training/2025-05-28/objects_parts/60_obj2_centered.png,train,good,0,2025-05-28,normal:2025-05-28:60,normal:2025-05-28:60_obj2,7a28c51b76e6ab3bd829833f6455f1490af9dedf16413bd5f998dbb771812874
training/2025-05-28/objects_parts/60_obj4_centered.png,train,good,0,2025-05-28,normal:2025-05-28:60,normal:2025-05-28:60_obj4,e9fc82a5db4bf7a4a220601390aea2444ac07d40f2ff0238c36168c27ba2d5ab
training/2025-05-28/objects_parts/60_obj5_centered.png,train,good,0,2025-05-28,normal:2025-05-28:60,normal:2025-05-28:60_obj5,32b8f570e7fb668b2c0e2f5285f119874fb3ca2c537f7b0eb9b06c154f39ffcb
training/2025-05-28/objects_parts/60_obj6_tile_3273_2335.png,train,good,0,2025-05-28,normal:2025-05-28:60,normal:2025-05-28:60_obj6,298bee45561bd872e2299e005c62b25800648b7764b50506760a1b368ebf5cc4
training/2025-05-28/objects_parts/60_obj7_centered.png,train,good,0,2025-05-28,normal:2025-05-28:60,normal:2025-05-28:60_obj7,4b7b36df375d3045aaf244c176b1c6af25808b88999ff6abcfa9d6d171517d07
training/2025-05-28/objects_parts/60_obj9_centered.png,train,good,0,2025-05-28,normal:2025-05-28:60,normal:2025-05-28:60_obj9,d0edd691797ca2fe8f62369c0c7d6cd409abc7b64806b0c7a50b096298098f3d
training/2025-05-28/objects_parts/61_obj10_tile_3375_1585.png,train,good,0,2025-05-28,normal:2025-05-28:61,normal:2025-05-28:61_obj10,10fb5696084606eddcba3926194ef4f1dac78c639a5e19bbf074a93ecadee736
training/2025-05-28/objects_parts/61_obj11_centered.png,train,good,0,2025-05-28,normal:2025-05-28:61,normal:2025-05-28:61_obj11,e5a9a4040614a8c92f536c1e49db964c647187b4aff584d574024ac326048f24
training/2025-05-28/objects_parts/61_obj13_tile_3319_2201.png,train,good,0,2025-05-28,normal:2025-05-28:61,normal:2025-05-28:61_obj13,14ca2dabbf4802785406329196ab5fd0d61652627697e6f4e4841af37c5dc1d3
training/2025-05-28/objects_parts/61_obj14_centered.png,train,good,0,2025-05-28,normal:2025-05-28:61,normal:2025-05-28:61_obj14,cce1273b832d8aa0f21978ba8d4b5b18fbbde8aae773a219ee0e5e0d10a56825
training/2025-05-28/objects_parts/61_obj15_centered.png,train,good,0,2025-05-28,normal:2025-05-28:61,normal:2025-05-28:61_obj15,84539358b4fd44d612fb587e510a99d5ff8d67de4e6f59ca74daae7802c1a1b0
training/2025-05-28/objects_parts/61_obj1_centered.png,train,good,0,2025-05-28,normal:2025-05-28:61,normal:2025-05-28:61_obj1,0d15dd1c571bd12988ccf14e28e911fb0f3bb8adee180aa52d53e89a4623483b
training/2025-05-28/objects_parts/61_obj3_centered.png,train,good,0,2025-05-28,normal:2025-05-28:61,normal:2025-05-28:61_obj3,8609844ecf1942ad12c8a30f1ed9f2959e8c26037210de044f25c2d4bb87c18f
training/2025-05-28/objects_parts/61_obj4_centered.png,train,good,0,2025-05-28,normal:2025-05-28:61,normal:2025-05-28:61_obj4,efa63fee4aad22d67e01a21c6e18bd430396d39b841dadbe88b59f70a1014110
training/2025-05-28/objects_parts/61_obj5_centered.png,train,good,0,2025-05-28,normal:2025-05-28:61,normal:2025-05-28:61_obj5,8303c2a9a882a7df84748e216295736c1ddf78a07f07a071a133a8bea06f9dee
training/2025-05-28/objects_parts/61_obj6_tile_3273_2335.png,train,good,0,2025-05-28,normal:2025-05-28:61,normal:2025-05-28:61_obj6,1aabce3e6175992b89d2cde49ea3c5096f48cac20c311e59f50ec037156661e2
training/2025-05-28/objects_parts/61_obj7_centered.png,train,good,0,2025-05-28,normal:2025-05-28:61,normal:2025-05-28:61_obj7,0a8f0207b03baa7093ba84e0052fb157258b8d14cb4b18185367b047eabe382d
training/2025-05-28/objects_parts/61_obj8_centered.png,train,good,0,2025-05-28,normal:2025-05-28:61,normal:2025-05-28:61_obj8,ae82a5e3fd964a63a1d9ab008254635edb68bf9af7ed7e231cf56f19373b8c97
training/2025-05-28/objects_parts/61_obj9_centered.png,train,good,0,2025-05-28,normal:2025-05-28:61,normal:2025-05-28:61_obj9,8217af08693e764a1c7067e80578d9109a5921711163b9efe040c0ccce771eb5
training/2025-05-28/objects_parts/62_obj10_tile_3182_1585.png,train,good,0,2025-05-28,normal:2025-05-28:62,normal:2025-05-28:62_obj10,106e6df407aa0742a3f7bfa19d583ece953d808aa910459902845f9fd35c5797
training/2025-05-28/objects_parts/62_obj13_tile_3127_2201.png,train,good,0,2025-05-28,normal:2025-05-28:62,normal:2025-05-28:62_obj13,c9ad7ed2edb691118c5d63cab5dcc75b6869db16901b179b5b1667fe2034f4ef
training/2025-05-28/objects_parts/62_obj14_centered.png,train,good,0,2025-05-28,normal:2025-05-28:62,normal:2025-05-28:62_obj14,cd9e7fd1c39efb4f44c67633e5d8756c1731a79d984afe820e1f20a55a140cc4
training/2025-05-28/objects_parts/62_obj15_centered.png,train,good,0,2025-05-28,normal:2025-05-28:62,normal:2025-05-28:62_obj15,21f160b9ca44e34413808a4e30cf3f40e0d57b9bd11051c0ec2f089aa5843cc6
training/2025-05-28/objects_parts/62_obj1_centered.png,train,good,0,2025-05-28,normal:2025-05-28:62,normal:2025-05-28:62_obj1,f4b299653119f5bf6a5666bb126e0a6804d4866505979e3e2774434ad1affbba
training/2025-05-28/objects_parts/62_obj2_centered.png,train,good,0,2025-05-28,normal:2025-05-28:62,normal:2025-05-28:62_obj2,e51e63e9e5ab1b5d913c6a8f8e26342256c7d9e0efdbbec8d2265a68d11ed274
training/2025-05-28/objects_parts/62_obj3_centered.png,train,good,0,2025-05-28,normal:2025-05-28:62,normal:2025-05-28:62_obj3,eecf8e8a7d08ab4788f30455215e7731a189de2c2e7eb8cb7cf60028118afcc9
training/2025-05-28/objects_parts/62_obj4_centered.png,train,good,0,2025-05-28,normal:2025-05-28:62,normal:2025-05-28:62_obj4,3ca15124a52b89e2f938cc0843c5ff254564135dc0c4e029a9de78899a000d0a
training/2025-05-28/objects_parts/62_obj5_centered.png,train,good,0,2025-05-28,normal:2025-05-28:62,normal:2025-05-28:62_obj5,7241070af8a0965c41228e7fee9bdf86189f468dff7e00f04ec09dcacd9fdc00
training/2025-05-28/objects_parts/62_obj6_tile_3080_2335.png,train,good,0,2025-05-28,normal:2025-05-28:62,normal:2025-05-28:62_obj6,fe1d2b030d7d8d45928701b46563dcbd1a5463725e68924d6d849404a8ed6403
training/2025-05-28/objects_parts/63_obj10_tile_3374_1392.png,train,good,0,2025-05-28,normal:2025-05-28:63,normal:2025-05-28:63_obj10,0903fc8abe008701db78846a1b584f7e4edc31fd09651f56f464ff9b8f44772b
training/2025-05-28/objects_parts/63_obj11_centered.png,train,good,0,2025-05-28,normal:2025-05-28:63,normal:2025-05-28:63_obj11,b6ba44e12d284c9dde7f6437c351b5667cbfa3f7d4a87961da5698f0c11d8aab
training/2025-05-28/objects_parts/63_obj13_tile_3319_2201.png,train,good,0,2025-05-28,normal:2025-05-28:63,normal:2025-05-28:63_obj13,34e4835816a090920d77c42f09bd092d4b72abd804b37b73b688ffe406cdcc81
training/2025-05-28/objects_parts/63_obj14_centered.png,train,good,0,2025-05-28,normal:2025-05-28:63,normal:2025-05-28:63_obj14,486efdac59d3a85b85e9e49633f72162aa95ee741c88263b47aaec1dc341f301
training/2025-05-28/objects_parts/63_obj15_centered.png,train,good,0,2025-05-28,normal:2025-05-28:63,normal:2025-05-28:63_obj15,644ee8a3fe982b120baf9321fc10fa6d8f8657f3c818eb1b72b0e119b7cb671d
training/2025-05-28/objects_parts/63_obj16_tile_2481_1406.png,train,good,0,2025-05-28,normal:2025-05-28:63,normal:2025-05-28:63_obj16,7ed0806a9c967d85a649c4c5a9ae22a2ffc37da1755edd207e687a8bb8d3806b
training/2025-05-28/objects_parts/63_obj1_centered.png,train,good,0,2025-05-28,normal:2025-05-28:63,normal:2025-05-28:63_obj1,dd40fdb3c8e282c2d140e8412c92fc7df19207cc52402f483e116cee2510d27f
training/2025-05-28/objects_parts/63_obj2_centered.png,train,good,0,2025-05-28,normal:2025-05-28:63,normal:2025-05-28:63_obj2,107df1aed6a68cf2f60331529263492c8dd476dcc7e6b536a5e7851a223a7228
training/2025-05-28/objects_parts/63_obj6_tile_3082_2335.png,train,good,0,2025-05-28,normal:2025-05-28:63,normal:2025-05-28:63_obj6,f4bdfc0eae2f034e229ff8dcce879446fcdd02474ccac20757b3e840cc72e729
training/2025-05-28/objects_parts/63_obj7_centered.png,train,good,0,2025-05-28,normal:2025-05-28:63,normal:2025-05-28:63_obj7,c5652117e5ed5ffdf9629863a362bccfd36972294fb3c5eb7cb0034925bf6b35
training/2025-05-28/objects_parts/63_obj9_centered.png,train,good,0,2025-05-28,normal:2025-05-28:63,normal:2025-05-28:63_obj9,8fa7db8e13fa981c682f17b95f56b00ff808029e798784999dd7c45bb6247017
training/2025-05-28/objects_parts/64_obj10_tile_3374_1393.png,train,good,0,2025-05-28,normal:2025-05-28:64,normal:2025-05-28:64_obj10,ca38a21dc43f8ecfce0b56ca1e85aac1c1fef974378a300a7c65e54ad57419a0
training/2025-05-28/objects_parts/64_obj11_centered.png,train,good,0,2025-05-28,normal:2025-05-28:64,normal:2025-05-28:64_obj11,59c4a596a78edc7c9f5a47c2c4cd38b6d64a526b794ce60536bf46c548e5df07
training/2025-05-28/objects_parts/64_obj13_tile_3320_2201.png,train,good,0,2025-05-28,normal:2025-05-28:64,normal:2025-05-28:64_obj13,cb823860ea34dcf8757af3c757c254571e8b71f7bfc0bf8a3a60a4297faf25ed
training/2025-05-28/objects_parts/64_obj1_centered.png,train,good,0,2025-05-28,normal:2025-05-28:64,normal:2025-05-28:64_obj1,c7f79ffd6d238f5a50f41c0542d48936c27bad054f6ef077d4037b2f1472ef15
training/2025-05-28/objects_parts/64_obj2_centered.png,train,good,0,2025-05-28,normal:2025-05-28:64,normal:2025-05-28:64_obj2,a6f43dc2ebe8fe6b6227014ce40fee9665900f6afcfe2d742b64781fd56dcd20
training/2025-05-28/objects_parts/64_obj3_centered.png,train,good,0,2025-05-28,normal:2025-05-28:64,normal:2025-05-28:64_obj3,ea3e9b789d7eadfaff17eb554b26c399bec8c2e9f69b58662f5c84c7f23e1449
training/2025-05-28/objects_parts/64_obj4_centered.png,train,good,0,2025-05-28,normal:2025-05-28:64,normal:2025-05-28:64_obj4,1a5e3fd167bc2c9dcae6afec76f3a7434c8e6fab3fd44f6d1d9f7c7ef8b5ca50
training/2025-05-28/objects_parts/64_obj5_centered.png,train,good,0,2025-05-28,normal:2025-05-28:64,normal:2025-05-28:64_obj5,2b65a3de1a19caa324a81f1a7bba2529dd7ab451405039d11f2af1756493e53a
training/2025-05-28/objects_parts/64_obj6_tile_3081_2335.png,train,good,0,2025-05-28,normal:2025-05-28:64,normal:2025-05-28:64_obj6,9c60882577afb35b09e2c41f7afc7dcdfc374057033f2fe3124dcdc60b45b948
training/2025-05-28/objects_parts/64_obj7_centered.png,train,good,0,2025-05-28,normal:2025-05-28:64,normal:2025-05-28:64_obj7,e35510443c56fa5bf0dc10be2b0c736cacbd7ba1ccd1fdcaed9fdbca94d7f0dd
training/2025-05-28/objects_parts/64_obj9_centered.png,train,good,0,2025-05-28,normal:2025-05-28:64,normal:2025-05-28:64_obj9,17a4e93d8a1a20946fb3ff9c0fc9a9438c6ab6cf02a7ba4f6d17e68d62a1e138
training/2025-05-28/objects_parts/65_obj11_centered.png,train,good,0,2025-05-28,normal:2025-05-28:65,normal:2025-05-28:65_obj11,ac10843de9eb99252330a90aa985faf735b6d7db15256355f1b7453d7d38d951
training/2025-05-28/objects_parts/65_obj13_tile_3320_2201.png,train,good,0,2025-05-28,normal:2025-05-28:65,normal:2025-05-28:65_obj13,8591460928ed7eb6cd18225781f26b3fb29bb3a92eecb100e4bdf30294ee7ee6
training/2025-05-28/objects_parts/65_obj16_tile_2674_1406.png,train,good,0,2025-05-28,normal:2025-05-28:65,normal:2025-05-28:65_obj16,f258b2bf44e9a003f0b2caf945b82f3e4d2e41754d5d392c25b80108a7b09442
training/2025-05-28/objects_parts/65_obj1_centered.png,train,good,0,2025-05-28,normal:2025-05-28:65,normal:2025-05-28:65_obj1,b879b3f729485a6569ba3b6b848540075a77a2eb20ea95e675659841b8d4c675
training/2025-05-28/objects_parts/65_obj2_centered.png,train,good,0,2025-05-28,normal:2025-05-28:65,normal:2025-05-28:65_obj2,190fb0bbf6f403f29133ed62d3012fc13249c93f5ffc2a19229c632b9407e527
training/2025-05-28/objects_parts/65_obj3_centered.png,train,good,0,2025-05-28,normal:2025-05-28:65,normal:2025-05-28:65_obj3,bb8f1ba1f9549ab60bb245b6d363f8ee370507a6d1d65158420af275073e3808
training/2025-05-28/objects_parts/65_obj4_centered.png,train,good,0,2025-05-28,normal:2025-05-28:65,normal:2025-05-28:65_obj4,404453bc2d56a0815572f3d2b1681d6a4258624f315ee17aa2a6ff9fd999a024
training/2025-05-28/objects_parts/65_obj5_centered.png,train,good,0,2025-05-28,normal:2025-05-28:65,normal:2025-05-28:65_obj5,5ee86d109609675015b85eb3a79418d4e30371c9d01d869b94babd9582f34a3a
training/2025-05-28/objects_parts/65_obj6_tile_3082_2335.png,train,good,0,2025-05-28,normal:2025-05-28:65,normal:2025-05-28:65_obj6,ab63c474e8f67823a087c06e8d73648a9aa043ebf2f4189893be7048dadef792
training/2025-05-28/objects_parts/65_obj7_centered.png,train,good,0,2025-05-28,normal:2025-05-28:65,normal:2025-05-28:65_obj7,4b1a6bbefeb1bf173bc18d806a37bd6c4f73deea6abe0c84d906dd77231a0bd9
training/2025-05-28/objects_parts/65_obj8_centered.png,train,good,0,2025-05-28,normal:2025-05-28:65,normal:2025-05-28:65_obj8,c1012f429203213eec5e5ddf3ad8652159d79d815bbc0a101bd58ea4e612930a
training/2025-05-28/objects_parts/65_obj9_centered.png,train,good,0,2025-05-28,normal:2025-05-28:65,normal:2025-05-28:65_obj9,e0c9025af30f24da08c5e4e884f2679fa7045c562fddb9d3ae4d609a0964e109
training/2025-05-28/objects_parts/68_obj10_tile_3182_1585.png,train,good,0,2025-05-28,normal:2025-05-28:68,normal:2025-05-28:68_obj10,c249939b58ea8cf78be875b67bf6fb7135231ee10a8c2a1f1617d8da0fc35d48
training/2025-05-28/objects_parts/68_obj11_centered.png,train,good,0,2025-05-28,normal:2025-05-28:68,normal:2025-05-28:68_obj11,f682ef36821f6a239f0759348a8df5a36273c882dc3ee637c48dafe926fa12f2
training/2025-05-28/objects_parts/68_obj14_centered.png,train,good,0,2025-05-28,normal:2025-05-28:68,normal:2025-05-28:68_obj14,006559d629b9046c633d4d452a27a265f83fed74e5f94891a4a029c3b4605f68
training/2025-05-28/objects_parts/68_obj16_tile_2482_1598.png,train,good,0,2025-05-28,normal:2025-05-28:68,normal:2025-05-28:68_obj16,7d668970f68756ccf93bed55fb0bbfb06de12853b2b79aedf0d9d50d1bcca6d9
training/2025-05-28/objects_parts/68_obj1_centered.png,train,good,0,2025-05-28,normal:2025-05-28:68,normal:2025-05-28:68_obj1,66e73d9a111e7947059d684898cdeba62a1ce6f53b0642e71b95308f6143f71a
training/2025-05-28/objects_parts/68_obj2_centered.png,train,good,0,2025-05-28,normal:2025-05-28:68,normal:2025-05-28:68_obj2,6941ccab5c80b2280a40675d989f7e89dddf153ec04d8333a27025034d4fd3d6
training/2025-05-28/objects_parts/68_obj3_centered.png,train,good,0,2025-05-28,normal:2025-05-28:68,normal:2025-05-28:68_obj3,3fa3fb6c74819a29fa93483ba496325a73d24c130e264dec91c2381dcfc8b4a8
training/2025-05-28/objects_parts/68_obj4_centered.png,train,good,0,2025-05-28,normal:2025-05-28:68,normal:2025-05-28:68_obj4,a923a42690ce3c5a9b6985286f1e2f08872517afb19e08c0206cff009d0c522d
training/2025-05-28/objects_parts/68_obj5_centered.png,train,good,0,2025-05-28,normal:2025-05-28:68,normal:2025-05-28:68_obj5,24e56724cb675e86452503861d83f592d7a4208990889eb2a206e1fe8b66f86e
training/2025-05-28/objects_parts/68_obj6_tile_3274_2335.png,train,good,0,2025-05-28,normal:2025-05-28:68,normal:2025-05-28:68_obj6,9c2ab9b4885dc581d7bf45dd5c446c481b3b6021a81f9748f411751ce72ad80c
training/2025-05-28/objects_parts/68_obj7_centered.png,train,good,0,2025-05-28,normal:2025-05-28:68,normal:2025-05-28:68_obj7,5157e33756fc86544056cebe53a7bd23a3ba7f82f15e18043f040679f1f46482
training/2025-05-28/objects_parts/68_obj8_centered.png,train,good,0,2025-05-28,normal:2025-05-28:68,normal:2025-05-28:68_obj8,39570915f6ffd6d85264a31bc6416565767e49a89857dac8e01e409861f1e7b6
training/2025-05-28/objects_parts/68_obj9_centered.png,train,good,0,2025-05-28,normal:2025-05-28:68,normal:2025-05-28:68_obj9,0360dd4f1386552ddcbabb831342f931fd543d59fb15965965851fdfa0f9263c
training/2025-05-28/objects_parts/69_obj10_tile_3183_1585.png,train,good,0,2025-05-28,normal:2025-05-28:69,normal:2025-05-28:69_obj10,73eaed33a7b71a9b82444864e2649058d75232e21cd29feee7716006ee569ede
training/2025-05-28/objects_parts/69_obj11_centered.png,train,good,0,2025-05-28,normal:2025-05-28:69,normal:2025-05-28:69_obj11,c526b33604db5f4c92d3645a9dbe9c2510fe444f8d709de2f88324fa120c9b74
training/2025-05-28/objects_parts/69_obj13_tile_3322_2201.png,train,good,0,2025-05-28,normal:2025-05-28:69,normal:2025-05-28:69_obj13,abf1073834e1bad69a778ce41d3e45971c2a44636bc346963508a9984a09c0ff
training/2025-05-28/objects_parts/69_obj14_centered.png,train,good,0,2025-05-28,normal:2025-05-28:69,normal:2025-05-28:69_obj14,a447a60e2346f8920a31f53eadd8e97eed51e4a30071e0d20d1ba509d55e0ded
training/2025-05-28/objects_parts/69_obj16_tile_2483_1598.png,train,good,0,2025-05-28,normal:2025-05-28:69,normal:2025-05-28:69_obj16,1ae1ea8515a542a10533cbdde1b5adec5b0ee8b27bed234be3ea1fcb91858e7f
training/2025-05-28/objects_parts/69_obj1_centered.png,train,good,0,2025-05-28,normal:2025-05-28:69,normal:2025-05-28:69_obj1,ceb61963c18f724696f0d28c4f62167566679248b6a94ff7166b945e454772ae
training/2025-05-28/objects_parts/69_obj3_centered.png,train,good,0,2025-05-28,normal:2025-05-28:69,normal:2025-05-28:69_obj3,d0f2e133ef361ee12b544080c3e7fc900ebbe55ffd26ca1b19e35fc3e8e885f1
training/2025-05-28/objects_parts/69_obj4_centered.png,train,good,0,2025-05-28,normal:2025-05-28:69,normal:2025-05-28:69_obj4,be12eec400bc5185aec2ba14fc8698c5fc8a3a656cfc0a87c66c1542215ac3fb
training/2025-05-28/objects_parts/69_obj5_centered.png,train,good,0,2025-05-28,normal:2025-05-28:69,normal:2025-05-28:69_obj5,9e55e01e6880870477d87e808b31e6f7094b27c959afd448ce6e41179382ffc1
training/2025-05-28/objects_parts/69_obj6_tile_3084_2335.png,train,good,0,2025-05-28,normal:2025-05-28:69,normal:2025-05-28:69_obj6,ea78958370dfca0f0e7b44c582b81e4308d8c173378be66d22e5258f54485361
training/2025-05-28/objects_parts/69_obj7_centered.png,train,good,0,2025-05-28,normal:2025-05-28:69,normal:2025-05-28:69_obj7,e46667113b7154b6020b913e4f4b929fed0c04558b46a3c6b7380a24411b5e19
training/2025-05-28/objects_parts/69_obj8_centered.png,train,good,0,2025-05-28,normal:2025-05-28:69,normal:2025-05-28:69_obj8,fd2748e1e6c8b28b47ebdcd9fd8ca769b2d2e666080d296e53c9bb1c2d97e73b
training/2025-05-28/objects_parts/69_obj9_centered.png,train,good,0,2025-05-28,normal:2025-05-28:69,normal:2025-05-28:69_obj9,71f3f74a79cf8a419b2997fd61f2d33f4c74ed50b7adfae7b0033e06df931ca8
training/2025-05-28/objects_parts/71_obj10_tile_3376_1586.png,train,good,0,2025-05-28,normal:2025-05-28:71,normal:2025-05-28:71_obj10,e3c2a432feba36aad872e4d02927b6aabfe73f6f738a067501fc712965a52441
training/2025-05-28/objects_parts/71_obj11_centered.png,train,good,0,2025-05-28,normal:2025-05-28:71,normal:2025-05-28:71_obj11,ac99d975446a0937eeacdfff3552ada67d9a128d9591bb5003ca3d87b1f54154
training/2025-05-28/objects_parts/71_obj13_tile_3323_2201.png,train,good,0,2025-05-28,normal:2025-05-28:71,normal:2025-05-28:71_obj13,f5c05592c9544d20c8b0fa976f4a37659fad499d302338c1b762bb3f293f4a90
training/2025-05-28/objects_parts/71_obj14_centered.png,train,good,0,2025-05-28,normal:2025-05-28:71,normal:2025-05-28:71_obj14,ddbc0e15a6c058b2be2656307a8baee37b9684d6d1a2bfb517750e9a63ee9f9a
training/2025-05-28/objects_parts/71_obj15_centered.png,train,good,0,2025-05-28,normal:2025-05-28:71,normal:2025-05-28:71_obj15,5d5214e3ae1a2d78a06edba8af9eed7438c4109d15ac7c0fcf7fae1247a61e27
training/2025-05-28/objects_parts/71_obj16_tile_2484_1598.png,train,good,0,2025-05-28,normal:2025-05-28:71,normal:2025-05-28:71_obj16,e4616a949941faba1756a6ee2fdbac9a2128e5bcdfe1a71eccc4687f9524a628
training/2025-05-28/objects_parts/71_obj1_centered.png,train,good,0,2025-05-28,normal:2025-05-28:71,normal:2025-05-28:71_obj1,b8aa4ff8d045807d403ecaf1dce49ad50d12b0b6b1762d6d8a568eafe427e385
training/2025-05-28/objects_parts/71_obj2_centered.png,train,good,0,2025-05-28,normal:2025-05-28:71,normal:2025-05-28:71_obj2,4112489172ec7e5dcccbe44dd2d69eba9cb9e9b906d664525b53f5a849cb19da
training/2025-05-28/objects_parts/71_obj3_centered.png,train,good,0,2025-05-28,normal:2025-05-28:71,normal:2025-05-28:71_obj3,a4ef33063836efd1d7cbcfd7036ea495ef197e85872e819a029b13e578a87ab8
training/2025-05-28/objects_parts/71_obj4_centered.png,train,good,0,2025-05-28,normal:2025-05-28:71,normal:2025-05-28:71_obj4,281d97a9b79c151b99057eb454fd7786878fa147c04be0052be7e5cc7bd81578
training/2025-05-28/objects_parts/71_obj6_tile_3084_2335.png,train,good,0,2025-05-28,normal:2025-05-28:71,normal:2025-05-28:71_obj6,84b8dfd27a9aac4bb976ae8764fa105e80a631419c0ab79d90e2fb8a7bca9f73
training/2025-05-28/objects_parts/71_obj7_centered.png,train,good,0,2025-05-28,normal:2025-05-28:71,normal:2025-05-28:71_obj7,d7ba689c66cc13cd9bf62ee4b3ba02582df8b005ba03044e6537d38406623151
training/2025-05-28/objects_parts/71_obj9_centered.png,train,good,0,2025-05-28,normal:2025-05-28:71,normal:2025-05-28:71_obj9,8f7b6f4dd4ce58acf9a98144be8a7e34fd12e9f09c17035f38ed5ea7697896a3
training/2025-05-28/objects_parts/72_obj10_tile_3184_1586.png,train,good,0,2025-05-28,normal:2025-05-28:72,normal:2025-05-28:72_obj10,09c6e5fa83eb91e2ff8faa895d19f25a7c3f997cd67bdbed2373e01602411d34
training/2025-05-28/objects_parts/72_obj13_tile_3323_2202.png,train,good,0,2025-05-28,normal:2025-05-28:72,normal:2025-05-28:72_obj13,6e5b5fd3a9f5ec2cb066a766c9894b0558b8d71a13b57b025d1c1756a555ba7f
training/2025-05-28/objects_parts/72_obj16_tile_2484_1406.png,train,good,0,2025-05-28,normal:2025-05-28:72,normal:2025-05-28:72_obj16,8c923fe305cca42aaa9861bf934304b2cbe764d83f3c1092ceaaea5829340a4b
training/2025-05-28/objects_parts/72_obj1_centered.png,train,good,0,2025-05-28,normal:2025-05-28:72,normal:2025-05-28:72_obj1,8716fda031ef0abdcc799a8773460792e9a026e647cfb389b0f408872b80dec7
training/2025-05-28/objects_parts/72_obj2_centered.png,train,good,0,2025-05-28,normal:2025-05-28:72,normal:2025-05-28:72_obj2,0c105a0eaf7d4c9407c96ec574d738ece1786fc72469cfdbd994cf6570ad2f89
training/2025-05-28/objects_parts/72_obj6_tile_3276_2335.png,train,good,0,2025-05-28,normal:2025-05-28:72,normal:2025-05-28:72_obj6,205e72166bda47ce5b86e139479cbb3ec79260e2bacea5c3629972745c0d1417
training/2025-05-28/objects_parts/72_obj7_centered.png,train,good,0,2025-05-28,normal:2025-05-28:72,normal:2025-05-28:72_obj7,884926b1bb6db043f8914c203e789d08e46977b2c9173a7b435ecc46c8784a61
training/2025-05-28/objects_parts/72_obj8_centered.png,train,good,0,2025-05-28,normal:2025-05-28:72,normal:2025-05-28:72_obj8,6db6d7ec068f0bea39ef81a26daabafb2f9588e170043b9b7bdc6c014196a608
training/2025-05-28/objects_parts/73_obj10_tile_3376_1586.png,train,good,0,2025-05-28,normal:2025-05-28:73,normal:2025-05-28:73_obj10,4275be724f42b3ee86289a6d90122a1890955d51448f183db5b843794a45e0a4
training/2025-05-28/objects_parts/73_obj11_centered.png,train,good,0,2025-05-28,normal:2025-05-28:73,normal:2025-05-28:73_obj11,c19f05954af9d05c1933584a14a4798925c5dd59c974f1f93db603f12266e0a3
training/2025-05-28/objects_parts/73_obj13_tile_3324_2202.png,train,good,0,2025-05-28,normal:2025-05-28:73,normal:2025-05-28:73_obj13,b28540568faab171c59822ec07ff02fc199e44fcbeac439a233109015ebf5e93
training/2025-05-28/objects_parts/73_obj14_centered.png,train,good,0,2025-05-28,normal:2025-05-28:73,normal:2025-05-28:73_obj14,251db8e80783cf70bccf0b2c24f8ad0cb6533af5e6d15dceade8818f8745dd87
training/2025-05-28/objects_parts/73_obj16_tile_2676_1598.png,train,good,0,2025-05-28,normal:2025-05-28:73,normal:2025-05-28:73_obj16,2ff7287276cbf6d45d721d7cb18a17530e902cc78c7300bf1c253328ff8af68d
training/2025-05-28/objects_parts/73_obj1_centered.png,train,good,0,2025-05-28,normal:2025-05-28:73,normal:2025-05-28:73_obj1,3c1cc84abd912578f3b4d9b2cc09493e47060fee5a8a070838a7cf71171ac4ca
training/2025-05-28/objects_parts/73_obj2_centered.png,train,good,0,2025-05-28,normal:2025-05-28:73,normal:2025-05-28:73_obj2,288b8b23e6369811204c2cf29b5ab173e8bb63198144af8b42f9bb2cf73a52dc
training/2025-05-28/objects_parts/73_obj3_centered.png,train,good,0,2025-05-28,normal:2025-05-28:73,normal:2025-05-28:73_obj3,ee2d729b5523e6af6fc8190b822139641bc5c1f23bbd91a17a5bb5803b6b6b7e
training/2025-05-28/objects_parts/73_obj4_centered.png,train,good,0,2025-05-28,normal:2025-05-28:73,normal:2025-05-28:73_obj4,831bdf33224ee6ba74c9cb7c78d4d27114719762de1119a5123b1631cbfd6416
training/2025-05-28/objects_parts/73_obj6_tile_3276_2335.png,train,good,0,2025-05-28,normal:2025-05-28:73,normal:2025-05-28:73_obj6,757ca772b2d698830918df1e5f100f5b665322cdc053f5fe17f2b5e98f6ca027
training/2025-05-28/objects_parts/73_obj7_centered.png,train,good,0,2025-05-28,normal:2025-05-28:73,normal:2025-05-28:73_obj7,f5268f28441bdec02fdd720c4a4f22e781b40d89cc2f86427031f9fff717b975
training/2025-05-28/objects_parts/73_obj8_centered.png,train,good,0,2025-05-28,normal:2025-05-28:73,normal:2025-05-28:73_obj8,49000290200dfa09bcf57ddcd014a044f745406750ebc6c48f6d32b3c8fcbcd6
training/2025-05-28/objects_parts/73_obj9_centered.png,train,good,0,2025-05-28,normal:2025-05-28:73,normal:2025-05-28:73_obj9,2958acae79bcd1e373b8d3cfd0ade203a0610977fcad1134e42642d1cfad2b03
training/2025-05-28/objects_parts/74_obj10_tile_3184_1587.png,train,good,0,2025-05-28,normal:2025-05-28:74,normal:2025-05-28:74_obj10,6e9eb7c2ad229288d68c8d68d5987cbfca4f3cee9c765fad9d6059104ecef15b
training/2025-05-28/objects_parts/74_obj13_tile_3324_2201.png,train,good,0,2025-05-28,normal:2025-05-28:74,normal:2025-05-28:74_obj13,88d21ad62746c998584107f35da51a428c4335dd51587cd3054cc405113361b8
training/2025-05-28/objects_parts/74_obj15_centered.png,train,good,0,2025-05-28,normal:2025-05-28:74,normal:2025-05-28:74_obj15,a209314b323033c84683ef3545535d2911a1fdaebb77be265ad88c42b0e0df62
training/2025-05-28/objects_parts/74_obj16_tile_2676_1406.png,train,good,0,2025-05-28,normal:2025-05-28:74,normal:2025-05-28:74_obj16,66b729400513cd43470d358602b6dca2e4d64a65c0f7e9dd8c58135341a9629d
training/2025-05-28/objects_parts/74_obj2_centered.png,train,good,0,2025-05-28,normal:2025-05-28:74,normal:2025-05-28:74_obj2,a135f1e3f786d425d717052c594157732546faa8b107c28665c160875b8cc3da
training/2025-05-28/objects_parts/74_obj3_centered.png,train,good,0,2025-05-28,normal:2025-05-28:74,normal:2025-05-28:74_obj3,e8fd9da7d8b1109189e22aca5e44f4b077c3d3d1997c67b2eddbb0755905f8e7
training/2025-05-28/objects_parts/74_obj4_centered.png,train,good,0,2025-05-28,normal:2025-05-28:74,normal:2025-05-28:74_obj4,079b96aab8dfa5e1f42801115307e3a5a07b497dba234cd7942f05b8454fb402
training/2025-05-28/objects_parts/74_obj5_centered.png,train,good,0,2025-05-28,normal:2025-05-28:74,normal:2025-05-28:74_obj5,2072dd97271a8b15a439df5aad642d4212488b39f6c143c6399e661f055b93f0
training/2025-05-28/objects_parts/74_obj6_tile_3085_2335.png,train,good,0,2025-05-28,normal:2025-05-28:74,normal:2025-05-28:74_obj6,162a6607a4c4b914b63f5264288a4c476dec3c6834068320bc77bbb856c095eb
training/2025-05-28/objects_parts/74_obj7_centered.png,train,good,0,2025-05-28,normal:2025-05-28:74,normal:2025-05-28:74_obj7,93991b546dcb9aebfcf37d3b3d2c1b293e4015070a80a9e7f6288abea0a10699
training/2025-05-28/objects_parts/74_obj8_centered.png,train,good,0,2025-05-28,normal:2025-05-28:74,normal:2025-05-28:74_obj8,9bedd155871b722f3efc16e3efbd1424590098bf34a7d59cd3b72fec754cd8aa
training/2025-05-28/objects_parts/74_obj9_centered.png,train,good,0,2025-05-28,normal:2025-05-28:74,normal:2025-05-28:74_obj9,d5d3da14319f0abbc39f311f4f8237e66419f2bd16c1b0dc5381105e78ad0859
training/2025-05-28/objects_parts/75_obj10_tile_3377_1395.png,train,good,0,2025-05-28,normal:2025-05-28:75,normal:2025-05-28:75_obj10,4df3a3bacbabd1dec96b00054e750ad4684802fb242b8e08261fb93ebe065497
training/2025-05-28/objects_parts/75_obj11_centered.png,train,good,0,2025-05-28,normal:2025-05-28:75,normal:2025-05-28:75_obj11,4a8ec2c7fc9db11c6297645818d1a184e637fc55bb4a02b921de5624e2c1826c
training/2025-05-28/objects_parts/75_obj13_tile_3132_2206.png,train,good,0,2025-05-28,normal:2025-05-28:75,normal:2025-05-28:75_obj13,059b1bd22bad4bf67b685045d1ed45548bca768cb9c0a9782f2eb5fbb43d8529
training/2025-05-28/objects_parts/75_obj15_centered.png,train,good,0,2025-05-28,normal:2025-05-28:75,normal:2025-05-28:75_obj15,0011e994e840acc046680903ed1a3ea9efa56c409d3853df9e239fe4e9b5484d
training/2025-05-28/objects_parts/75_obj16_tile_2676_1406.png,train,good,0,2025-05-28,normal:2025-05-28:75,normal:2025-05-28:75_obj16,b3f68964b4b5feeb382c01774aeaaeaa9bdac8d03464537943f1ac4b4b27a3c7
training/2025-05-28/objects_parts/75_obj1_centered.png,train,good,0,2025-05-28,normal:2025-05-28:75,normal:2025-05-28:75_obj1,9a479fc36994116e6101b49693d0a8bc06ba96adcdfc72741eea68c0799eb236
training/2025-05-28/objects_parts/75_obj2_centered.png,train,good,0,2025-05-28,normal:2025-05-28:75,normal:2025-05-28:75_obj2,1f7de2fc2acf405d5a4692ccc19e87f1d1094d2b2f78a818ffb7098c118f07fb
training/2025-05-28/objects_parts/75_obj5_centered.png,train,good,0,2025-05-28,normal:2025-05-28:75,normal:2025-05-28:75_obj5,d70d8c98a5c3fbcdfb3d8ac867e0d4e8218299e4a086fbd5e9053143eebf32ad
training/2025-05-28/objects_parts/75_obj6_tile_3277_2335.png,train,good,0,2025-05-28,normal:2025-05-28:75,normal:2025-05-28:75_obj6,7b5259f09e9ef5a89025313310e89e2b6be7adfc8e6de7fb526a91a9f20f7527
training/2025-05-28/objects_parts/75_obj7_centered.png,train,good,0,2025-05-28,normal:2025-05-28:75,normal:2025-05-28:75_obj7,208306b826f78d2868c617be3b1c08c94d8221bdf0786ee7d2bcf0efca1c79a6
training/2025-05-28/objects_parts/75_obj9_centered.png,train,good,0,2025-05-28,normal:2025-05-28:75,normal:2025-05-28:75_obj9,d3b7ccdc86e6b258f08e30b5a77ce1b646b709b3bfba9cfec7747d4f9f9df8ff
training/2025-05-28/objects_parts/76_obj10_tile_3377_1396.png,train,good,0,2025-05-28,normal:2025-05-28:76,normal:2025-05-28:76_obj10,5a49dc9a2e20900cf3aea77fc9e43500c0b7a492a6693d57b934ec522f40a60a
training/2025-05-28/objects_parts/76_obj13_centered.png,train,good,0,2025-05-28,normal:2025-05-28:76,normal:2025-05-28:76_obj13,57c6b47259132ab28ed0d1a0e52a446e55dabf363075d4f5e533069555daf28d
training/2025-05-28/objects_parts/76_obj14_centered.png,train,good,0,2025-05-28,normal:2025-05-28:76,normal:2025-05-28:76_obj14,b6f7e84d7547408ac82d61475c59cb08af2247602ab4d267cf97219be5338330
training/2025-05-28/objects_parts/76_obj15_centered.png,train,good,0,2025-05-28,normal:2025-05-28:76,normal:2025-05-28:76_obj15,8cc6ffb30b2b85f834aacb671183f478d6f4d85c79c226fd14bc3f4bf60cad9e
training/2025-05-28/objects_parts/76_obj16_tile_2676_1598.png,train,good,0,2025-05-28,normal:2025-05-28:76,normal:2025-05-28:76_obj16,5627b8c53c100b5f7c56b5b7d2b3b385b1bd99224b7611fbd175a97a65cbf501
training/2025-05-28/objects_parts/76_obj2_centered.png,train,good,0,2025-05-28,normal:2025-05-28:76,normal:2025-05-28:76_obj2,3bc94e67f4ab542efbc219f4935b0767bd8553a3d10894047dc68dde9053ac9e
training/2025-05-28/objects_parts/76_obj3_centered.png,train,good,0,2025-05-28,normal:2025-05-28:76,normal:2025-05-28:76_obj3,ae5f17ef25c6dd6e6238fdc7b2f53b076e13306831628f0566615ca405472494
training/2025-05-28/objects_parts/76_obj4_centered.png,train,good,0,2025-05-28,normal:2025-05-28:76,normal:2025-05-28:76_obj4,c42c8e55751e93087920bc526a8bb1b69eb531f8f165cf4a32f1021c12d0c311
training/2025-05-28/objects_parts/76_obj5_centered.png,train,good,0,2025-05-28,normal:2025-05-28:76,normal:2025-05-28:76_obj5,42fc8fdb1683b427e1b45982738dab2cfbf30c9753da4f04391f5e1d595194a1
training/2025-05-28/objects_parts/76_obj7_centered.png,train,good,0,2025-05-28,normal:2025-05-28:76,normal:2025-05-28:76_obj7,ac7a4dba2318b7c86a9ace47039f1dc552ddcc86d3fb294c217753aeaec4a314
training/2025-05-28/objects_parts/76_obj8_centered.png,train,good,0,2025-05-28,normal:2025-05-28:76,normal:2025-05-28:76_obj8,4f1c2ed396483c717551f838bd6bdeffe64f33a6f7cd101bf308ebd204febd59
training/2025-05-28/objects_parts/76_obj9_centered.png,train,good,0,2025-05-28,normal:2025-05-28:76,normal:2025-05-28:76_obj9,902323c684b69f0bf2305f62c078d8d702089ad2540a9f9221e18f6f011be471
training/2025-05-28/objects_parts/77_obj10_tile_3185_1589.png,train,good,0,2025-05-28,normal:2025-05-28:77,normal:2025-05-28:77_obj10,45e3771ba23e97ec50577de923c1615edad38b2ba35717521028a469ea3f0a50
training/2025-05-28/objects_parts/77_obj11_centered.png,train,good,0,2025-05-28,normal:2025-05-28:77,normal:2025-05-28:77_obj11,c86315d866794f87f9e6bb0336ea6f89c17276ce83f0ffd194894c0ad62ffb41
training/2025-05-28/objects_parts/77_obj13_tile_3324_2201.png,train,good,0,2025-05-28,normal:2025-05-28:77,normal:2025-05-28:77_obj13,28b1f6956c3d0024f9e8fd6d1d37b55643393e52e46b2323f17f9f2dc30d989b
training/2025-05-28/objects_parts/77_obj14_centered.png,train,good,0,2025-05-28,normal:2025-05-28:77,normal:2025-05-28:77_obj14,0f08a446f8860374b93bd446a4bc010163005ebe15d11f69c3f0027d0e5ca536
training/2025-05-28/objects_parts/77_obj15_centered.png,train,good,0,2025-05-28,normal:2025-05-28:77,normal:2025-05-28:77_obj15,4e55571134a8653764c6f4828622a178d4a5e164d6f4d787d2c6a328fd4c2507
training/2025-05-28/objects_parts/77_obj16_tile_2677_1406.png,train,good,0,2025-05-28,normal:2025-05-28:77,normal:2025-05-28:77_obj16,eae674e5d739557b9a0640c3c604aeb7fe382fe4a589c5ac065d611a59f7a720
training/2025-05-28/objects_parts/77_obj1_centered.png,train,good,0,2025-05-28,normal:2025-05-28:77,normal:2025-05-28:77_obj1,5c1d0cf8bb51d61dc27a68f4d601e5240bc166f98aa15421b5f37d2de0cf4f97
training/2025-05-28/objects_parts/77_obj2_centered.png,train,good,0,2025-05-28,normal:2025-05-28:77,normal:2025-05-28:77_obj2,c1bb44de0eba0497ae928f17533f6e141b3ab069c804986ed34c89118a59f32a
training/2025-05-28/objects_parts/77_obj3_centered.png,train,good,0,2025-05-28,normal:2025-05-28:77,normal:2025-05-28:77_obj3,e70421a7089d1f8af2f605b2a2590548c5870223bc6c34b7aa77b26a56b636f7
training/2025-05-28/objects_parts/77_obj4_centered.png,train,good,0,2025-05-28,normal:2025-05-28:77,normal:2025-05-28:77_obj4,665b72c63478eb305373e754de88211c45f5e85b5e71d5229a97c3cbcc516c1b
training/2025-05-28/objects_parts/77_obj5_centered.png,train,good,0,2025-05-28,normal:2025-05-28:77,normal:2025-05-28:77_obj5,4121263ac6c5761467a14aec3b6e25dbfcaeda63f8b8ffb96f2aad09b87aab7c
training/2025-05-28/objects_parts/77_obj7_centered.png,train,good,0,2025-05-28,normal:2025-05-28:77,normal:2025-05-28:77_obj7,ff08e731082a389dfacf9f2656c7aa11c8009c5694ff6817374214df3289d0cf
training/2025-05-28/objects_parts/77_obj9_centered.png,train,good,0,2025-05-28,normal:2025-05-28:77,normal:2025-05-28:77_obj9,6e864171fbff38e9c639705c63ed17b60faf31f5c5e66d049e8258502bd6d656
training/2025-05-28/objects_parts/78_obj10_tile_3378_1397.png,train,good,0,2025-05-28,normal:2025-05-28:78,normal:2025-05-28:78_obj10,4971bddb9d7f521d796cded9428d58d3b23ff994b7b345eb3c5d36873eb8c6bc
training/2025-05-28/objects_parts/78_obj11_centered.png,train,good,0,2025-05-28,normal:2025-05-28:78,normal:2025-05-28:78_obj11,1c74ab95ab64bacb88c8f62fb07caf75b2d7bd498c007d2b447ccdfc659176b2
training/2025-05-28/objects_parts/78_obj14_centered.png,train,good,0,2025-05-28,normal:2025-05-28:78,normal:2025-05-28:78_obj14,18e544170762146f504038ffe7bed688a60c3d76895b570b05920bb8fb5d0fc8
training/2025-05-28/objects_parts/78_obj15_centered.png,train,good,0,2025-05-28,normal:2025-05-28:78,normal:2025-05-28:78_obj15,026872cd636dbe1cd06b4ad67e37cbae4c6f9253f2ad01b76d1d5a20af4e8def
training/2025-05-28/objects_parts/78_obj16_tile_2677_1406.png,train,good,0,2025-05-28,normal:2025-05-28:78,normal:2025-05-28:78_obj16,f4a5354d63820fcc51c4bb336e88a547a41239371029ce2e93503971600077ca
training/2025-05-28/objects_parts/78_obj1_centered.png,train,good,0,2025-05-28,normal:2025-05-28:78,normal:2025-05-28:78_obj1,0b384e94c59fec7d58d896fee54c45d2ba76b88c12fdf019df29ad81cbd3f935
training/2025-05-28/objects_parts/78_obj2_centered.png,train,good,0,2025-05-28,normal:2025-05-28:78,normal:2025-05-28:78_obj2,664e0d476fbc9c2be9e5498015f3be836f3294b2f47dc7403ea94b9ebcc6d766
training/2025-05-28/objects_parts/78_obj3_centered.png,train,good,0,2025-05-28,normal:2025-05-28:78,normal:2025-05-28:78_obj3,0844919ee8213ba82ed7aa33068db0af2fa1d2e20783a50dae22c12ef091bfcd
training/2025-05-28/objects_parts/78_obj5_centered.png,train,good,0,2025-05-28,normal:2025-05-28:78,normal:2025-05-28:78_obj5,e73ff194d5dc576401651d97df941ffd45b87f788630836d113a61ff10ecb15e
training/2025-05-28/objects_parts/78_obj6_tile_3277_2335.png,train,good,0,2025-05-28,normal:2025-05-28:78,normal:2025-05-28:78_obj6,699fce481f349b750069673696a5ef119c0aac8611f3e9068063952edb636246
training/2025-05-28/objects_parts/78_obj9_centered.png,train,good,0,2025-05-28,normal:2025-05-28:78,normal:2025-05-28:78_obj9,7d0e5beb584a0e43923885f2fbbf0515aa6c7200a3e008feb8baa992c56a5789
training/2025-05-28/objects_parts/80_obj10_tile_3378_1593.png,train,good,0,2025-05-28,normal:2025-05-28:80,normal:2025-05-28:80_obj10,3be7e886a16c73671b46736051983ac803089fbdea74a64d8d7143347017a331
training/2025-05-28/objects_parts/80_obj11_centered.png,train,good,0,2025-05-28,normal:2025-05-28:80,normal:2025-05-28:80_obj11,6d298fec1c99fcfe0b45b2a2a90920c19ea0b5c8f7b5b064630fa24099924c24
training/2025-05-28/objects_parts/80_obj13_tile_3324_2202.png,train,good,0,2025-05-28,normal:2025-05-28:80,normal:2025-05-28:80_obj13,5c3a87d60b76ce74867ce734b7881c31aa8320e734858773184f68623e6ff3c3
training/2025-05-28/objects_parts/80_obj14_centered.png,train,good,0,2025-05-28,normal:2025-05-28:80,normal:2025-05-28:80_obj14,5f1af76c4065adc2b6c54a8f08074ae6de51d25b2ac9857a4e3ca17c6b26b2a3
training/2025-05-28/objects_parts/80_obj15_centered.png,train,good,0,2025-05-28,normal:2025-05-28:80,normal:2025-05-28:80_obj15,9ee844b66ecff3901376088d4614d26408513e89df2d50b37ced1699040bf5c6
training/2025-05-28/objects_parts/80_obj16_tile_2676_1406.png,train,good,0,2025-05-28,normal:2025-05-28:80,normal:2025-05-28:80_obj16,c344ca3bda782ab531ae6e8d914bfd8f9ecb5e74533b3fddff2a20ed6c8ea242
training/2025-05-28/objects_parts/80_obj1_centered.png,train,good,0,2025-05-28,normal:2025-05-28:80,normal:2025-05-28:80_obj1,0bf5a1ff2df081cc1dfed6c55583bbf96cdd5c56a1097691890267cbff48a35d
training/2025-05-28/objects_parts/80_obj2_centered.png,train,good,0,2025-05-28,normal:2025-05-28:80,normal:2025-05-28:80_obj2,56af0b6f9af162c8f433d176d4ec8c9d4b6e4ea5102b2fbe6a552b35f3f6853c
training/2025-05-28/objects_parts/80_obj4_centered.png,train,good,0,2025-05-28,normal:2025-05-28:80,normal:2025-05-28:80_obj4,75a0344f13642c64245366f80d0e7209f9ac7232eb709147f16a80fcc644eff8
training/2025-05-28/objects_parts/80_obj6_tile_3085_2335.png,train,good,0,2025-05-28,normal:2025-05-28:80,normal:2025-05-28:80_obj6,7a4241daa04bc1caf573e90f3763a216a6ac5e186f6ab9d4b6a8af007fc1c425
training/2025-05-28/objects_parts/80_obj7_centered.png,train,good,0,2025-05-28,normal:2025-05-28:80,normal:2025-05-28:80_obj7,7a603e2437f959fc60211ac4c91403f3e3fea5023c0fe1b9edbef98ff3974e59
training/2025-05-28/objects_parts/80_obj8_centered.png,train,good,0,2025-05-28,normal:2025-05-28:80,normal:2025-05-28:80_obj8,99ac09de056343d4a4a16c4a777260c61204ee8ba8e29593e206aff76bd2a1a3
training/2025-05-28/objects_parts/80_obj9_centered.png,train,good,0,2025-05-28,normal:2025-05-28:80,normal:2025-05-28:80_obj9,fb4a65821f143277be918e3b3ff2b7ddda23e8c97b9f5242d7cfee0011fc06f1
training/2025-05-28/objects_parts/82_obj10_tile_3187_1609.png,train,good,0,2025-05-28,normal:2025-05-28:82,normal:2025-05-28:82_obj10,3f16019cd0b42a22cb7964f06208984587af21836955a3e38af387a66da3b9b1
training/2025-05-28/objects_parts/82_obj11_centered.png,train,good,0,2025-05-28,normal:2025-05-28:82,normal:2025-05-28:82_obj11,9f60cdce1d49ff1bdf6faaca699048601f3c1e6d7144f209fbdb26c62fd8dfbf
training/2025-05-28/objects_parts/82_obj13_tile_3324_2202.png,train,good,0,2025-05-28,normal:2025-05-28:82,normal:2025-05-28:82_obj13,fd32b094f0ec1c01f7b30b2659b981e6e8d5e148e2545c617e5474318524dc82
training/2025-05-28/objects_parts/82_obj14_centered.png,train,good,0,2025-05-28,normal:2025-05-28:82,normal:2025-05-28:82_obj14,459daee12d4da59e65047efa5ebe43559eb0fd1be61a7d706509466e5cbb9f10
training/2025-05-28/objects_parts/82_obj15_centered.png,train,good,0,2025-05-28,normal:2025-05-28:82,normal:2025-05-28:82_obj15,e031823cac98db836c483c67208fc25e603a3a42e661fee671c17296e98a94e7
training/2025-05-28/objects_parts/82_obj3_centered.png,train,good,0,2025-05-28,normal:2025-05-28:82,normal:2025-05-28:82_obj3,c1a80b69577efa480bb243c90812de61830407fc7aab7f0eae2b6ace61395b11
training/2025-05-28/objects_parts/82_obj4_centered.png,train,good,0,2025-05-28,normal:2025-05-28:82,normal:2025-05-28:82_obj4,0949e4f70f76eeb1aef0426c8d7359f276b8fdb824e4f55f9e48f9764e197b09
training/2025-05-28/objects_parts/82_obj5_centered.png,train,good,0,2025-05-28,normal:2025-05-28:82,normal:2025-05-28:82_obj5,343b30ccd903d313d74ba4500415a092e8a8199479dc0ee10c1a14e4f62d0166
training/2025-05-28/objects_parts/82_obj6_tile_3085_2335.png,train,good,0,2025-05-28,normal:2025-05-28:82,normal:2025-05-28:82_obj6,66042f635b6b4648f46cc0c0fc6b2ce2f6c64782d5fc01f5a0a2d78861098441
training/2025-05-28/objects_parts/82_obj8_centered.png,train,good,0,2025-05-28,normal:2025-05-28:82,normal:2025-05-28:82_obj8,f77e0d47ff73cb52d5a649d97b27b307300f960025ddc94423ab4fc671949125
training/2025-05-28/objects_parts/83_obj10_tile_3378_1611.png,train,good,0,2025-05-28,normal:2025-05-28:83,normal:2025-05-28:83_obj10,360f484cdd8b0b3cb4f38b88706734bb5b635d155ecc17704cbfddcf83996147
training/2025-05-28/objects_parts/83_obj11_centered.png,train,good,0,2025-05-28,normal:2025-05-28:83,normal:2025-05-28:83_obj11,004e3bac6aee3105a568a9745cbea3937e091c8373f313e00137c1fdf3dc225c
training/2025-05-28/objects_parts/83_obj13_tile_3324_2201.png,train,good,0,2025-05-28,normal:2025-05-28:83,normal:2025-05-28:83_obj13,d6a086302c03cc2b0e51eba4e102e62b4a1860873f231e6f8cdf3612db3f7585
training/2025-05-28/objects_parts/83_obj15_centered.png,train,good,0,2025-05-28,normal:2025-05-28:83,normal:2025-05-28:83_obj15,92fd3642aa9aebb271643f0a67ea8a6a7bbbe47f5a8e6563fdf9ae51d8e9049e
training/2025-05-28/objects_parts/83_obj16_tile_2676_1406.png,train,good,0,2025-05-28,normal:2025-05-28:83,normal:2025-05-28:83_obj16,e607600e3a192f42f0eee0dcc7c515aa3c4632e2ec291e61dec99e3064d5918d
training/2025-05-28/objects_parts/83_obj1_centered.png,train,good,0,2025-05-28,normal:2025-05-28:83,normal:2025-05-28:83_obj1,a535e3326631fe2dba3bd3bc150e052c0b5d4a777151e84229737792895b154c
training/2025-05-28/objects_parts/83_obj3_centered.png,train,good,0,2025-05-28,normal:2025-05-28:83,normal:2025-05-28:83_obj3,b8ad5ca0ea5ce9ba3deb82ff2ec9e67b474b1eb20a88e3c03e6ae324d012f941
training/2025-05-28/objects_parts/83_obj4_centered.png,train,good,0,2025-05-28,normal:2025-05-28:83,normal:2025-05-28:83_obj4,aa880a94baefca5200f15dbcbe2942d3d602a5cf0d513263d912b3323f9f6bc3
training/2025-05-28/objects_parts/83_obj5_centered.png,train,good,0,2025-05-28,normal:2025-05-28:83,normal:2025-05-28:83_obj5,c744e945fdd941f4fc1b56f18c169e9580858470428a3947fde493b141b99684
training/2025-05-28/objects_parts/83_obj6_tile_3276_2143.png,train,good,0,2025-05-28,normal:2025-05-28:83,normal:2025-05-28:83_obj6,dba03bc2ff5652915ef82eed23d45bd2991dabc6450fd8c3b22418af67049283
training/2025-05-28/objects_parts/83_obj7_centered.png,train,good,0,2025-05-28,normal:2025-05-28:83,normal:2025-05-28:83_obj7,b019cfdcb6caedf1998a004bc676a4a581fe58959c52b1d53b358d2e38bbe469
training/2025-05-28/objects_parts/83_obj8_centered.png,train,good,0,2025-05-28,normal:2025-05-28:83,normal:2025-05-28:83_obj8,9e009841efed8bfd9a7b9079eca9b050d7a12706c11efd84614f0f26b74d185b
training/2025-05-28/objects_parts/83_obj9_centered.png,train,good,0,2025-05-28,normal:2025-05-28:83,normal:2025-05-28:83_obj9,30fcc65431e1d9f728f7a09af14fb0143a1969c686021d7eb09f2b0dbdb07714
training/2025-05-28/objects_parts/84_obj11_centered.png,train,good,0,2025-05-28,normal:2025-05-28:84,normal:2025-05-28:84_obj11,77f8ec39a1871a0640eba24a7196e10c551aa06105e00b3f639cb64418a99325
training/2025-05-28/objects_parts/84_obj13_tile_3324_2216.png,train,good,0,2025-05-28,normal:2025-05-28:84,normal:2025-05-28:84_obj13,af4b392b23d7a9f70f38812f96454db020990649161c4318cb9ee97851ff201f
training/2025-05-28/objects_parts/84_obj14_centered.png,train,good,0,2025-05-28,normal:2025-05-28:84,normal:2025-05-28:84_obj14,b64ab4c516dc7900212b92ceb73f408a77cb6db4f299df455b490dfd81ae6d07
training/2025-05-28/objects_parts/84_obj15_centered.png,train,good,0,2025-05-28,normal:2025-05-28:84,normal:2025-05-28:84_obj15,80b195b2277bfdf6e690a93f8c16ab6a4deeb69f979a2a77177694f87a74ea84
training/2025-05-28/objects_parts/84_obj16_tile_2677_1406.png,train,good,0,2025-05-28,normal:2025-05-28:84,normal:2025-05-28:84_obj16,026b92998be4ccdbe31a34112f5a0439f1054933fd13113ac876ee29d2d0c713
training/2025-05-28/objects_parts/84_obj1_centered.png,train,good,0,2025-05-28,normal:2025-05-28:84,normal:2025-05-28:84_obj1,c6870b8d8b37bfa650f020657028891a67108b9ff229369828d57cb014595052
training/2025-05-28/objects_parts/84_obj2_centered.png,train,good,0,2025-05-28,normal:2025-05-28:84,normal:2025-05-28:84_obj2,bd9c9b27d4d9f33e5bc29cfb8cf15b8cf40ffeab6bf15af0d3b847ddcaccb691
training/2025-05-28/objects_parts/84_obj3_centered.png,train,good,0,2025-05-28,normal:2025-05-28:84,normal:2025-05-28:84_obj3,6702d441bb6f2bb8a19c183490672d88cff28ba8b14280820cd798ba87eacb29
training/2025-05-28/objects_parts/84_obj5_centered.png,train,good,0,2025-05-28,normal:2025-05-28:84,normal:2025-05-28:84_obj5,0322b92d0013de23e1afc03d27d347bd1251fe37159ddb4a1e8541fcd3a7d5d6
training/2025-05-28/objects_parts/84_obj6_tile_3277_2335.png,train,good,0,2025-05-28,normal:2025-05-28:84,normal:2025-05-28:84_obj6,ec3807647f15856c1cafffb847853baaea4538f80420e78c1dbb054d52820548
training/2025-05-28/objects_parts/84_obj8_centered.png,train,good,0,2025-05-28,normal:2025-05-28:84,normal:2025-05-28:84_obj8,27161aa96094fadd7ffad30ee264fb8a32012ceff475c9ce6878d7c7c5da03c9
training/2025-05-28/objects_parts/84_obj9_centered.png,train,good,0,2025-05-28,normal:2025-05-28:84,normal:2025-05-28:84_obj9,eb52f6e5afe5edc999558f2ace7b4cd623bf059ecd09b1a48f1f68cadc0d9d2c
training/2025-05-28/objects_parts/85_obj10_tile_3188_1613.png,train,good,0,2025-05-28,normal:2025-05-28:85,normal:2025-05-28:85_obj10,574cc57dc6bbb3211f7f33cb9baa5e4784ccb801b42eda9f2583fa7e37f42d09
training/2025-05-28/objects_parts/85_obj11_centered.png,train,good,0,2025-05-28,normal:2025-05-28:85,normal:2025-05-28:85_obj11,a06302ffa6e69a64328e01359e753794228ebd3787723327fbc54416b595d95f
training/2025-05-28/objects_parts/85_obj13_tile_3132_2201.png,train,good,0,2025-05-28,normal:2025-05-28:85,normal:2025-05-28:85_obj13,3d2a65d33129251427b0291217b2d4d473679fe528c61769ccd31b92ed35d6e2
training/2025-05-28/objects_parts/85_obj14_centered.png,train,good,0,2025-05-28,normal:2025-05-28:85,normal:2025-05-28:85_obj14,f183ef84b858a3ed4edb0e2c19a786830526cc1e3b16d87dcf4a49ed09c376df
training/2025-05-28/objects_parts/85_obj16_tile_2677_1598.png,train,good,0,2025-05-28,normal:2025-05-28:85,normal:2025-05-28:85_obj16,8ee0c31f07f5f209fb40e2e1426e90de4a86c5ec18f83d52a7e4d8f2746fcf0e
training/2025-05-28/objects_parts/85_obj2_centered.png,train,good,0,2025-05-28,normal:2025-05-28:85,normal:2025-05-28:85_obj2,c8e217ad7593aae2bba52d8019d9223a6bc930cf23ac0418a9389b4eb74f1782
training/2025-05-28/objects_parts/85_obj3_centered.png,train,good,0,2025-05-28,normal:2025-05-28:85,normal:2025-05-28:85_obj3,785ebf6f278fceff13c83d38648692f22c08d7d921b683ae644a747a9cd571b4
training/2025-05-28/objects_parts/85_obj4_centered.png,train,good,0,2025-05-28,normal:2025-05-28:85,normal:2025-05-28:85_obj4,0ee54b322b7285659e360419d8431058c52662f1644444bf1015aa8c9e499278
training/2025-05-28/objects_parts/85_obj5_centered.png,train,good,0,2025-05-28,normal:2025-05-28:85,normal:2025-05-28:85_obj5,c47e4351b8a7a91453fb72ccb90fdcff09084463da0d0893cc3a5aea93af260b
training/2025-05-28/objects_parts/85_obj6_tile_3085_2335.png,train,good,0,2025-05-28,normal:2025-05-28:85,normal:2025-05-28:85_obj6,359e0f9b6a3ba8740e1bb5a3d669f32410131d1f013bc318f60a5b0f5ede57e9
training/2025-05-28/objects_parts/85_obj7_centered.png,train,good,0,2025-05-28,normal:2025-05-28:85,normal:2025-05-28:85_obj7,42a1c2ea4fa39244627e08ee5e503a6dcf703663409c6227893edbe21e51c10d
training/2025-05-28/objects_parts/85_obj9_centered.png,train,good,0,2025-05-28,normal:2025-05-28:85,normal:2025-05-28:85_obj9,58afe0f07ca08c9c594ecf1cd4665893dd644f226ee5db8669455db9e72b7d93
training/2025-05-28/objects_parts/88_obj10_tile_3381_1649.png,train,good,0,2025-05-28,normal:2025-05-28:88,normal:2025-05-28:88_obj10,7ca0253c41a35802fbec8762b1fe2ffaff17372c564060ab022f62e5ef2c7e39
training/2025-05-28/objects_parts/90_obj10_tile_3382_1461.png,train,good,0,2025-05-28,normal:2025-05-28:90,normal:2025-05-28:90_obj10,ffc9460b7921d6a2ff653f6d92293c924ad6720b6724217a6a8e0fabe244a3ec
training/2025-05-28/objects_parts/91_obj10_tile_3190_1655.png,train,good,0,2025-05-28,normal:2025-05-28:91,normal:2025-05-28:91_obj10,03701eb1adf7903e082c4e95e5fdc9fc596ad172b0aab15471d6d9aa41300f66
training/2025-05-28/objects_parts/93_obj10_tile_3384_1659.png,train,good,0,2025-05-28,normal:2025-05-28:93,normal:2025-05-28:93_obj10,02eacc0b6ff84a3fc89876103ebdff3347a82ae09ab9a4051422496ecb015578
training/2025-05-28/objects_parts/96_obj10_centered.png,train,good,0,2025-05-28,normal:2025-05-28:96,normal:2025-05-28:96_obj10,a29f68086717e9871885b4ec0917948194b5fcf36864e1ee09de14acea7f9556
training/2025-05-28/objects_parts/97_obj10_centered.png,train,good,0,2025-05-28,normal:2025-05-28:97,normal:2025-05-28:97_obj10,415a502eae334bbac40b38b96ed8bf454b06dc2ac2b5a9d9b90cfe7145259612
